Alignment ID|Average Rt|Average Mz|Metabolite name|TYSRH_1.1|TYSRH_1.2|TYSRH_1.3|TYSRHCumM_1.1|TYSRHCumM_1.2|TYSRHCumM_1.3|TYSRHCumM_2.1|TYSRHCumM_2.2|TYSRHCumM_2.3|TYSRHCumM_3.1|TYSRHCumM_3.2|TYSRHCumM_3.3|TYSRHPbmM_1.1|TYSRHPbmM_1.2|TYSRHPbmM_1.3|TYSRHPbmM_2.1|TYSRHPbmM_2.2|TYSRHPbmM_2.3|TYSRHPbmM_3.1|TYSRHPbmM_3.2|TYSRHPbmM_3.3|TYSRHCdmM_1.1|TYSRHCdmM_1.2|TYSRHCdmM_1.3|TYSRHCdmM_2.1|TYSRHCdmM_2.2|TYSRHCdmM_2.3|TYSRHCdmM_3.1|TYSRHCdmM_3.2|TYSRHCdmM_3.3|2015RH_1.1|2015RH_1.2|2015RH_1.3|20151RHPbmM_1.1|20151RHPbmM_1.2|20151RHPbmM_1.3|20151RHPbmM_2.1|20151RHPbmM_2.2|20151RHPbmM_2.3|20151RHPbmM_3.1|20151RHPbmM_3.2|20151RHPbmM_3.3|20151RHCdmM_1.1|20151RHCdmM_1.2|20151RHCdmM_1.3|20151RHCdmM_2.1|20151RHCdmM_2.2|20151RHCdmM_2.3|20151RHCdmM_3.1|20151RHCdmM_3.2|20151RHCdmM_3.3|44908RH_1.1|44908RH_1.2|44908RH_1.3|44908RHPbmM_1.1|44908RHPbmM_1.2|44908RHPbmM_1.3|44908RHPbmM_2.1|44908RHPbmM_2.2|44908RHPbmM_2.3|44908RHPbmM_3.1|44908RHPbmM_3.2|44908RHPbmM_3.3|44908RHCdmM_1.1|44908RHCdmM_1.2|44908RHCdmM_1.3|44908RHCdmM_2.1|44908RHCdmM_2.2|44908RHCdmM_2.3|44908RHCdmM_3.1|44908RHCdmM_3.2|44908RHCdmM_3.3
10|0|92.0423|Unknown|29017|21828|28678|10321|13535|10248|11518|9576|8092|5931|6081|9396|15931|18027|16888|5123|6376|7358|5883|3695|7881|7777|5515|8793|4928|3840|7302|5026|6651|8012|9125|8338|7428|5506|8529|7809|11424|11555|11049|12041|12743|12319|5528|5537|4568|14771|16594|14874|8920|9008|10815|6813|9899|11589|16221|16430|17557|8823|8704|9731|45738|49400|50201|7104|8899|7974|7300|7785|7387|4143|5478|5363
11|0|92.04948|Unknown|29017|21828|28678|10321|13535|10248|11518|9576|8092|5931|6081|9396|15931|18027|16888|5123|6376|7358|5883|3695|7881|7777|5515|8793|4928|3840|7302|5026|6651|8012|9125|8338|7428|5506|8529|7809|11424|11555|11049|12041|12743|12319|5528|5537|4568|14771|16594|14874|8920|9008|10815|6813|9899|11589|16221|16430|17557|8823|8704|9731|45738|49400|50201|7104|8899|7974|7300|7785|7387|4143|5478|5363
17|0|93.5457|Unknown|643|1308|1488|649|358|490|502|439|291|513|605|410|1126|1414|860|384|314|318|546|342|406|400|429|578|548|488|1018|413|858|355|492|499|414|6160|6228|5051|457|669|408|942|574|440|359|637|441|555|615|1076|566|541|765|538|440|793|517|281|686|1916|2064|731|1039|754|925|387|1254|540|383|645|245|813|549|580
22|0|94.02881|Unknown|38758|38431|41069|22980|23341|24173|22625|24822|29567|35051|40856|42532|50949|42360|45599|18588|25331|27329|32440|31845|28626|34584|35980|39751|34213|37266|38619|39958|37167|39515|34460|40249|41018|32503|34748|39312|38794|37114|38238|33749|28808|34233|35810|33205|30492|29758|30150|34252|27173|26829|25112|27769|36959|34835|53707|56650|56407|43315|38723|44257|34752|40021|35885|37982|40170|38521|33917|31405|33260|40101|41824|40151
32|0|94.93224|Unknown|159790|170360|116179|125439|128261|103214|129133|155347|142593|42485|49685|54206|190268|109556|108501|51363|57819|42061|113928|108381|124869|112190|106048|100268|123516|147407|162801|139732|114278|159777|98255|75640|83478|59553|72383|59356|53944|50979|49561|43585|36741|44735|144189|167085|158174|87778|109978|85407|69323|62730|64643|27550|18514|21229|92791|107803|110068|75609|65385|66126|65128|60046|76328|116601|104374|161699|83078|105080|107364|94092|84852|71102
62|0|96.97515|Unknown|3081759|3274128|3267401|4750764|4896344|4677612|4135424|4255299|4366800|1380520|1492324|1558891|3761816|3512636|3519920|1948837|2360894|2646963|2457443|2261760|2398627|2200028|2254482|2240591|7953810|7833322|8584704|13736044|13251607|13112271|5709939|4812541|4078808|1592924|1630568|1241919|1116085|1202651|1145551|2787523|2478383|2526168|4045824|4026545|4116589|2817901|3180723|3245720|3669252|3587368|3255710|757005|726494|721337|4757809|18156388|17833082|3477573|2832882|2992304|2636596|3164752|2863322|2415889|2341925|2450354|11541904|11257707|11697916|2888257|3272783|3147392
96|0|101.05957|no MS2: FA 5:0|169942|315118|324912|535687|549086|344183|207780|352394|359264|275739|525757|279161|150173|145120|367302|146022|286840|206760|425855|275425|281687|689221|290407|290023|248156|259405|537448|301296|486068|507193|333333|511185|546923|261711|304458|476927|242770|418523|258788|252563|265355|289657|718225|531303|532874|324838|323822|342412|381957|230619|233673|178553|569696|378506|375346|587540|607462|398222|390718|381897|532826|553085|761483|448347|258172|275086|289652|438165|593404|253482|260333|262609
157|0|114.0266|Unknown|31576|37415|39025|33829|65221|36960|25367|29454|37360|33175|33937|39701|56631|69447|51854|33510|39684|37226|98459|94707|90318|46016|45280|43111|37582|31942|39446|29068|35156|28825|45347|57614|54734|70208|89583|91252|77011|71487|70968|118648|113959|125081|66408|56270|37431|45261|48762|49031|37184|37392|36897|72142|52823|76249|78841|80787|76041|74877|71744|79774|126175|134874|140187|40790|31358|33558|29206|34615|31068|60844|63134|62061
170|0|116.03416|Unknown|37396|37288|36684|28114|32794|26721|31255|31396|32638|65315|70743|66161|51565|45836|46186|22656|27060|26976|47368|47220|43526|46357|51052|50325|38944|43118|45474|38778|38067|30423|37440|36930|33279|39102|40387|38808|40994|44563|40609|45038|48127|46856|52327|50242|49706|51350|45918|46948|42090|41164|37638|59832|50456|47065|51689|46254|47220|39140|46274|45899|58469|67032|65203|40864|40437|38598|31942|33517|37102|45332|48882|46822
184|0|117.08289|Unknown|19216|46683|40378|31404|18307|15640|12805|34880|33026|20459|55522|40265|53391|48888|47011|9109|6899|9196|31294|28681|20806|50240|27634|44598|33946|38022|22564|15855|13022|14180|15726|17765|29746|25855|42857|12682|13880|39802|19698|16505|84658|93096|42771|47438|43432|23165|44813|40034|18186|31267|15183|21815|26728|45623|32568|41390|31579|16544|19748|19721|46652|54099|65750|16423|12107|31407|27587|14153|15055|31938|34603|32823
185|0|117.13576|Unknown|9185|12228|1598|6627|2221|6059|7501|9223|5116|8880|10077|5910|10763|11340|7660|1590|1891|1621|2658|12297|8840|8810|4504|7462|10563|2932|9583|1864|2237|1142|1098|6242|6947|9206|2236|4980|3122|6289|2294|1242|579|2338|2459|14519|11066|3419|3812|8558|4759|4109|2975|6653|3869|4354|1862|975|6098|2727|7964|6666|2049|1996|4942|10229|7416|8221|5894|6929|2884|3250|2141|3078
187|0|117.54161|Unknown|2855|19543|826|273|7604|6059|2756|608|12673|8880|8495|3551|3453|2081|11147|906|2085|214|6128|723|2830|5176|3781|431|2798|2770|18341|1305|2237|1260|545|1896|12078|17732|1993|2421|2990|269|2294|247|491|1869|5622|64939|2844|3509|3721|4235|3767|2024|2960|522|6381|3134|1839|1548|11654|662|448|4163|2266|1435|5111|3997|5071|8221|3434|3415|2884|620|5211|723
199|0|120.02894|Unknown|14479|13352|15559|8409|9285|9448|8219|6258|7125|8536|14480|9496|16968|15170|13027|8670|5059|5259|14555|11445|11828|13205|12032|10795|11449|11448|11644|8098|5793|6916|8108|8489|11451|11083|10609|9892|11555|11739|8475|16185|13455|15770|10925|10677|10516|13200|12248|9518|8649|7084|6600|15014|16110|8192|15780|12351|10393|9021|9452|11248|16234|15849|16949|6515|5888|9506|6096|5960|4603|13886|10107|8575
200|0|120.03713|Unknown|14479|13352|15559|8409|9285|9448|13029|11590|13151|8536|14480|9496|16968|15170|13027|8670|10010|11312|14555|11445|11828|13205|12032|10795|11449|11448|11644|12180|9475|11059|14497|13726|11451|11083|10609|9892|11555|11739|8475|16185|13455|15770|10925|10677|10516|21608|25179|22452|12871|13008|11816|15014|16110|11389|15780|12351|10393|9021|9452|11248|16234|15849|16949|9130|5888|9506|14496|16396|16462|13886|10107|8575
201|0|120.04436|Unknown|14479|13352|15559|7942|9285|9448|13029|11590|13151|7372|14480|9496|16968|15170|13027|8670|10010|11312|14555|11445|11828|13205|12032|10795|11449|11448|11644|12180|9475|11059|14497|13726|11844|11083|10609|9892|11555|11739|8297|16185|12510|15770|10925|10677|10516|21608|25179|22452|12871|13008|11816|15014|16110|11389|15780|12351|8484|9021|8808|11248|16234|15849|16949|9130|6095|9506|14496|16396|16462|13886|10107|8575
210|0|121.99482|Unknown|2157|1510|1375|3651|2141|3285|4774|4892|5438|4834|5204|5727|33398|30048|29763|28972|29037|29550|32581|31280|35350|4477|5113|4132|6533|8717|5959|4941|5514|6367|3634|3318|3503|26463|26613|24340|20738|25268|22518|30737|32739|30933|5821|4399|3926|11594|10099|10320|4599|7911|7818|491|1008|1144|37021|34134|37421|1821|25914|26452|38881|37984|38390|4262|3395|4492|11547|11783|12602|3629|2521|5180
213|0|122.02366|Unknown|42861|42678|35195|31232|30072|31042|36803|35690|34866|52705|57391|53621|81213|76968|63027|21642|23431|26516|43699|40805|40632|50694|52024|47764|41069|39440|48834|43038|43705|41813|881555|773835|699822|420650|408751|413310|178736|173193|170611|250255|247123|263131|43992|42429|49012|39173|38174|41842|39888|35367|33051|357790|359024|344244|1208394|1117768|1117391|964022|981704|1035114|1222291|1276799|1304166|44413|39804|39947|35473|31236|37434|995750|999471|998441
224|0|123.0442|Unknown|62642|52696|54353|36849|42537|45795|41698|43112|43323|48678|54658|51811|55788|51174|51880|18898|19765|21704|44247|42172|48231|50490|56843|54498|55500|60844|62805|46746|45229|40085|46872|40889|39966|33941|28179|39172|36947|42343|41149|32721|31346|35350|48730|45014|47301|49299|52003|52076|33927|35927|38642|37558|39666|38879|43081|44891|46074|47366|56124|54308|40280|43263|51041|35636|46750|45465|46452|43439|45837|116901|125592|124820
229|0|124.03662|Unknown|39273|46485|46370|153897|162089|168781|88234|103992|114476|195084|249286|286379|39711|45282|47440|49328|64199|76271|115943|125781|136854|137997|154094|179742|116244|130522|119730|142784|162796|165289|152446|272416|338927|198857|246711|285396|200238|217620|227708|181360|200992|217473|146599|155927|165810|154446|157354|173003|158108|191127|197569|153813|214914|229278|177881|218213|248168|261910|265219|232338|315797|329989|397278|355191|334366|344308|132309|130172|134032|153908|168010|184686
239|0|126.01859|Unknown|1701|1335|796|1834|2350|2105|1249|1491|917|2521|3121|3246|3123|1854|3122|1458|1516|1258|1888|1867|3437|1949|2313|1848|1302|2931|3099|1536|1233|1641|2380|2781|830|1753|2184|1722|1848|2450|2848|3035|2772|4508|2867|1300|2907|2253|2897|2020|4938|5666|3843|1994|1979|2641|2754|3728|3296|3576|1416|2732|2711|2256|2844|1583|1351|2956|1677|1644|1615|3065|3539|3494
245|0|126.90391|Unknown|21123|20024|20144|27312|26160|20766|14194|27845|15809|15455|13619|27625|17630|17835|11207|21943|16787|24574|17912|26066|27744|38129|43146|35784|40249|39347|41071|25151|27332|29024|16210|33753|33836|13699|21749|27732|21113|26344|22241|31232|20751|29495|16492|27865|31127|32733|35546|25246|28390|14028|16326|14061|27720|27202|27847|34417|32103|34424|22507|20144|52612|53448|55974|16234|27722|22783|22033|22241|21994|18972|21161|28916
259|0|128.03435|Unknown|2495439|2451062|2429126|2022277|2004303|1966019|1431721|1472213|1455044|493761|462476|453783|1952524|1916555|1881233|874458|925333|961893|3743497|3623519|3694532|2175232|2132251|2123154|1396756|1387568|1494241|929648|878555|888045|2331071|2071156|1866141|2855462|2765396|2775809|2297109|2303184|2329124|5459630|5446390|5715036|2152574|2212264|2179591|2125279|2198338|2132959|2468040|2415882|2400548|2588074|2531312|2419691|3773332|3542879|3419996|2061595|2178950|2334198|5328458|5593871|5754148|759326|728812|728019|1270107|1266566|1312158|3450915|3414431|3373948
275|0|129.96622|Unknown|4170|6306|4239|71461|69460|76019|50003|57716|51068|37326|40733|40225|1474|7019|5562|151757|160021|146370|133721|118628|134014|30245|35108|33836|81042|84543|80048|110261|106667|108478|64816|95162|100175|136712|158690|164206|109658|91904|99688|165489|156367|171518|62126|72174|62381|101481|99873|94301|132185|131071|128833|50478|59185|52764|109114|127102|112275|166841|171133|176639|207431|221947|235118|26613|31450|31792|72049|66329|73471|116378|114967|118203
291|0|130.95628|Unknown|394650|381672|385557|368147|358827|352482|537909|557131|539079|211200|195233|184051|761647|754765|722292|441286|445733|452186|1801202|1703680|1728665|474206|480620|457327|577000|549288|624764|431321|392551|392312|591078|473571|406738|650544|622768|639293|554108|518734|529967|395140|395051|415713|834330|863346|827069|390499|383779|389044|257539|252417|238141|150358|142706|131982|711531|665433|626745|725377|730228|781901|987208|1032870|997019|1182415|1162651|1152177|191138|193751|198940|2411847|2367932|2349814
300|0|131.72105|Unknown|251|422|341|256|296|286|417|388|338|315|397|399|612|602|386|195|258|170|631|536|2617|347|409|398|504|619|420|533|347|351|276|279|321|848|370|404|243|444|295|414|264|519|356|353|367|358|294|416|229|432|318|242|294|253|410|370|306|274|340|395|323|1315|399|355|313|354|367|260|273|305|349|438
315|0|132.95322|Unknown|120706|126255|114376|119193|118436|115399|175591|183694|169272|62571|58993|54566|231991|223301|221753|136822|134951|135951|617381|582413|583343|143659|142358|135365|186786|179766|207398|126165|127240|119893|174037|144385|129754|191040|184518|179700|157309|154610|152095|121335|115051|128424|266190|261182|256082|121406|120947|127166|81281|74928|74249|61722|41864|35940|210796|190691|190357|219669|222728|243662|304433|297986|297034|388765|381218|373127|64376|62745|60499|899712|884495|868253
317|0|132.99519|Unknown|234775|229869|224930|144734|141413|146671|234363|232856|243661|334078|342034|357610|467981|472550|451428|68636|77101|90085|185431|187493|185087|206199|203916|208687|267078|268838|276869|201968|198397|198651|271102|239963|210743|146104|145341|148330|142481|150977|151876|79654|73913|76036|219586|239775|234220|199368|213896|204675|263209|265451|260689|161503|153511|152235|179684|159187|150958|210467|229735|241303|413144|436555|451765|186811|179485|180977|121908|119996|125185|134796|120515|135006
319|0|133.03261|Unknown|17062|79368|18187|15074|17434|16333|12494|11608|10911|11023|14284|13900|96531|94370|94454|85618|89180|92368|251015|235115|233007|22142|20770|88784|13984|14937|13451|61505|8820|9442|23103|72284|19218|131815|123813|124595|166767|173781|162959|271080|269589|277578|16630|20290|22516|23122|26101|24519|26226|28759|28997|57841|58466|49179|127282|116609|113633|198783|196222|210039|355463|367595|385838|11286|9078|7290|14660|13634|15386|55230|50488|60425
320|0|133.04956|Unknown|256706|250078|243069|150257|147027|155112|201685|199079|198677|249857|260461|251870|302333|293531|287411|107668|110353|116018|319751|307738|313306|288994|291240|282750|216236|209820|223795|219529|207709|204207|262356|228036|205015|216438|216692|212983|238280|234998|237295|256225|260330|279630|247773|257745|243704|218894|227888|224500|175153|169946|157847|270241|267298|259815|247840|222346|222531|210202|215337|228092|312932|322577|331168|186093|175387|173219|161659|151405|165142|272767|263195|272011
322|0|133.08588|Unknown|100043|96782|71561|49066|72956|52976|76986|53936|67236|38119|78346|61788|72899|100826|93015|52527|54519|40745|85320|57849|63677|49402|67009|79285|81886|92828|76460|72623|79801|67994|68709|66503|50848|61730|35990|34566|39875|49911|67908|46037|33371|38050|76046|61667|43763|56723|62845|57822|60618|50530|70136|21185|35565|36065|95660|71941|91821|66353|56239|56888|52821|76794|96927|105906|65533|93308|96374|66846|54805|52508|59488|67857
324|0|133.95271|Unknown|23885|845|667|1091|571|1060|996|2002|1205|58661|521|367|1350|2080|683|1580|1353|1694|10069|7879|9524|604|1114|591|1531|2041|2414|1169|1257|948|998|920|824|1353|1672|1891|1262|1479|792|434|971|489|2416|2313|3044|432|834|665|547|767|638|551|375|332|2418|2178|2005|1202|2333|1545|3627|4304|2568|5030|6006|4256|755|361|302|17160|16880|14600
337|0|135.02882|Unknown|379389|372701|365822|214480|205951|203869|238927|245062|235563|220881|244788|199712|324460|312863|307188|175171|179475|174122|244476|250651|242612|246373|243711|241104|241766|229279|275262|226887|214744|220169|287696|262431|221658|195841|205290|194655|213954|205842|204287|226254|229243|247120|217371|226989|218403|276028|293398|282247|220306|214744|216727|195511|201032|197883|308864|282852|293450|237034|235734|259492|518173|542884|533535|247852|239515|237068|182870|176914|186048|271422|260157|259960
343|0|136.03937|Unknown|18164|16848|13925|10834|10529|10679|11333|12122|10857|18318|17744|15959|24522|23095|20152|8241|9354|9766|13465|13230|16967|16875|18121|17944|12757|12912|15736|22193|22023|20058|15505|12562|11536|11582|12863|11304|13858|14012|16512|14417|13455|13323|12912|13352|13896|15316|17994|16922|12547|10990|11715|14111|15992|14562|14873|12911|12682|14665|15636|13658|15600|19651|19131|12007|13927|13487|14727|13380|11434|46863|49035|41959
362|0|138.05513|Unknown|3588|2330|3275|5511|4237|4010|3672|3243|2898|2127|2816|2917|4750|5232|4150|4235|3503|4670|4517|4884|3786|3309|4162|4501|2928|1452|4112|3522|2625|2294|3651|4547|3877|5095|5395|6294|6176|4882|5730|5465|5982|4761|4456|4061|2723|2373|3286|4188|3161|2828|3883|5783|4395|4227|5795|4841|6233|3462|4866|5530|5474|6075|5402|4065|2249|2314|3427|3994|4862|18457|20275|19275
394|0|143.10666|no MS2: FA 8:0|766501|772646|761171|620009|623049|642930|528311|527250|540029|449929|480899|472468|710938|696106|688598|337291|361407|381586|577149|562614|584166|543312|541262|549633|623482|628016|710304|677569|668855|668166|664924|589838|565427|577629|566417|559965|567302|579638|591364|478167|508672|526493|613685|640709|625083|612381|625641|620352|562593|580731|566380|478612|501490|489255|903058|868281|887318|798249|829227|820907|843967|849960|888309|610015|620277|607515|561898|566921|586091|532121|549126|558303
403|0|144.10994|Unknown|30946|30966|33687|28977|24205|31333|18690|25523|20064|15706|18731|17719|27336|27720|25369|15209|17066|16491|20176|22680|24342|20874|21379|23298|23815|24608|32028|31005|29893|29919|29240|26866|21577|25155|25957|22108|24388|23323|26070|18929|20644|24848|25817|23916|24444|28361|30344|26990|23165|23393|26675|20547|22390|17134|43544|43323|43013|33621|38790|38641|39649|35763|39367|25295|23401|26487|27457|26360|25806|21116|21099|25253
404|0|144.97202|Unknown|358095|380209|390231|366757|372629|355838|158877|157082|153858|62814|61748|57892|275317|258065|257711|158289|168470|188274|568968|537002|543767|165763|169567|156054|180908|179003|209241|162762|146996|163608|187600|154015|126405|207547|207692|195947|169082|168631|169860|158499|155144|172876|254340|264259|262700|182709|189351|179107|91550|81463|80520|46467|42702|39448|304787|289503|301129|248335|236051|264754|301051|300447|294627|383200|363866|377605|215832|217997|224032|779446|762886|765658
407|0|145.04955|Unknown|1216903|1166574|1174905|678773|665974|659977|998965|1010417|1010238|1342499|1357817|1322848|1491675|1467420|1437102|477801|502182|508450|1255288|1210432|1254501|1413060|1397736|1379552|1307588|1269527|1367112|1046736|991113|1008121|1094743|976158|893914|1121279|1077122|1079377|1174043|1074256|1071842|623274|626447|657922|1184188|1214190|1202093|1044445|1070566|1049089|910189|896784|891689|1034320|1275005|979660|987301|890295|878897|951493|974559|1034313|1507694|1578980|1604714|1108546|1081477|1070443|800317|790797|823664|902035|865807|901363
409|0|145.08586|Unknown|162044|169770|169791|102535|141237|65866|122767|93491|65107|105918|83611|120047|169518|230999|122366|129824|145648|139992|190819|191909|160955|135629|137681|74977|87873|114071|126410|87789|116918|149818|178054|89330|145902|458118|131143|230666|160865|82810|136921|202944|162194|248917|54665|92930|142077|150457|140227|101494|97528|132981|80011|419940|139688|85334|131489|301551|210976|216128|367150|185596|241283|559611|232324|102962|138064|101519|189309|144593|90255|155366|147423|120935
414|0|145.96196|Unknown|1567|540|511|910|1565|1085|1764|1065|1288|1368|1181|602|3036|1656|3107|2053|1483|1578|10965|11750|10455|1640|2203|751|797|928|1025|1352|833|531|1678|833|659|11289|14364|10600|5469|3979|4438|22758|20008|16291|3710|4247|1171|333|379|753|483|805|605|19046|14442|16043|2937|4033|3974|6678|8062|6277|27419|23925|33366|7771|5642|5972|751|1421|1278|18713|18536|18071
426|0|146.96907|Unknown|29677|29424|30224|27392|26595|25790|42985|45987|46628|14595|13735|12365|87687|81101|80795|38889|39756|38021|170414|162175|167874|37108|42233|40475|50960|47342|59037|37903|34389|35818|55553|43174|36812|65821|62427|61504|48715|44306|45487|29617|32412|37190|80673|84696|77734|32308|31312|31085|23177|23019|18230|8808|11834|9774|67070|62107|58595|76808|77174|80858|103158|94003|101306|112849|108756|116657|11800|12217|12879|235451|241253|229140
429|0|147.02898|Unknown|844437|826383|819941|535806|528938|516806|913796|920162|916019|1458864|1434801|1410404|1275970|1264530|1240178|463474|470228|485064|1137165|1082899|1106405|1158841|1124940|1093323|1127863|1093473|1186485|842142|791691|791628|948597|843008|764228|786084|776025|754750|910969|902817|917757|622707|613770|667450|1162080|1161919|1156079|936574|963963|965491|869900|835913|824848|1104613|1065051|1002423|862734|787099|751401|869422|916421|999046|1075457|1122305|1150353|935848|927101|888742|708110|694217|728075|1182676|1144364|1131204
431|0|147.06523|Unknown|128252|130232|127099|85200|84743|79656|83453|90511|85453|76858|83418|84512|113498|107049|101808|50348|50975|54959|107270|108853|106369|98650|101062|101441|114013|107910|123205|104624|96963|100923|117023|103749|91172|87459|79613|80546|83796|86789|83310|102815|101681|104171|96625|94530|100562|105925|112752|113932|78078|80377|74965|77085|76178|72503|130391|121001|116643|91147|101402|105722|126111|125285|135544|92307|88719|87049|79984|77161|81240|90742|87215|90491
435|0|148.01552|Unknown|968|696|444|827|616|664|494|340|515|812|793|1153|1484|595|1392|286|617|882|1022|871|1279|950|1816|548|1208|481|1156|840|1328|640|602|423|1070|596|326|457|586|698|733|814|286|430|2250|892|711|708|488|881|806|650|889|3160|608|640|662|470|604|828|1009|1091|1381|606|480|587|653|658|358|588|1525|1087|2436|1024
448|0|149.09596|Unknown|7639|8957|8826|8300|8898|11108|6564|7115|6943|3354|7929|4320|5760|4699|7142|5511|2568|4230|4963|5873|5282|6444|3274|5342|5649|8690|6647|6321|6896|8751|5127|5724|7182|2685|4636|6115|4533|4704|3175|5504|6460|6326|9393|6709|9728|6845|4542|6724|5035|6720|7028|3475|3113|4941|7052|10278|7694|8716|8053|5878|4621|7555|6514|4443|3479|5089|7779|7612|10480|3890|4804|3963
454|0|150.02673|Unknown|10139|11583|11104|8947|12862|11390|3108|3218|2334|6019|3673|4927|7190|4594|4821|1444|2932|1954|3899|3144|2352|3120|3930|3070|3652|3627|5424|2175|1798|1330|2134|2538|2648|1650|1997|2238|2989|3354|3364|9661|10997|13990|2694|2635|2468|4414|3390|4255|1656|2237|4298|2319|3125|4107|8243|10139|10545|3090|2273|2956|2126|4896|5752|2455|2328|3350|3341|4390|3180|5700|7369|5483
455|0|150.04115|Unknown|13753|16548|11673|4355|7480|10872|5504|10116|5828|6432|5245|7184|7975|11177|12525|8289|5908|8118|26212|23764|22406|8894|3930|9636|9447|8944|8548|12634|15194|15935|47630|43029|43838|7019|6359|6281|8762|9415|7812|10904|10840|11607|6636|6275|7918|10936|9812|11709|6903|5226|6839|6733|7070|6985|9548|11074|9257|9026|7589|7036|13078|13116|14155|9549|10662|10678|10973|6552|8692|8012|7358|9651
456|0|150.04781|Unknown|13753|16548|11673|9695|7480|10872|5504|10116|5828|6432|6681|7184|7975|11177|12525|8289|5908|8118|26212|23764|22406|8894|5513|9636|9447|8944|8548|12634|15194|15935|47630|43029|43838|7019|6359|6281|8762|9415|7812|10904|10840|11607|6636|10398|7918|10936|9812|11709|6903|5226|6839|6733|7070|6985|9548|11074|9257|9026|7589|7036|13078|13116|14155|9549|10662|10678|10973|6552|8692|8012|7358|129121
466|0|151.00587|Unknown|301415|304989|298686|170236|171903|176953|326800|329272|330616|354621|393960|394979|621888|616816|592509|84599|95183|98068|226690|214349|233479|249344|237379|238619|268136|258748|282650|249526|235480|252584|380669|322396|277110|195868|196173|200714|176014|170368|179357|72823|73344|78657|254591|263294|270069|227209|237051|221875|310143|316679|315299|185194|188822|181655|187766|179031|179383|245561|271563|270044|580801|593414|590019|212055|214445|209248|109032|108613|115236|146973|142052|145170
467|0|151.02518|Unknown|8724|6681|6751|6912|7679|7534|5052|3670|4090|8517|6250|4222|15096|8023|9027|7205|7091|6552|22944|24972|28730|7738|7318|7230|5989|6088|7452|22306|21787|20625|11117|9332|7130|31912|30702|29602|29526|31343|32371|75352|72808|79556|23992|12103|15641|47294|49793|43865|58643|54694|56337|10361|11299|9549|33293|35707|35923|30058|35084|36746|76524|80008|83810|3870|4164|2145|32135|32298|31628|47333|50386|50849
469|0|151.0603|Unknown|11826|16844|27869|43586|39440|65151|21906|10945|7331|16537|13412|37719|6964|24375|15684|5599|1806|6422|14982|28578|30702|18808|12539|15696|15562|31416|14283|16616|17768|13718|18408|14168|23848|17080|25305|23745|25362|37550|30788|26689|39862|39651|20804|12176|22908|26116|25564|41062|6543|14075|8706|22927|15388|22692|47567|21681|30536|27755|14236|33922|17756|32693|16394|22339|23318|33243|17003|29101|20136|551001|559841|555659
493|0|154.02664|Unknown|4018|4794|4278|3674|3653|4119|3083|2153|4096|6015|8416|7587|7588|7450|9781|3735|4291|3442|4796|4632|3334|3620|4722|3562|5025|5174|4646|4559|3516|3969|4102|4482|5347|4375|4726|5353|3756|4917|5133|4680|2075|4341|5922|3542|3206|5823|4795|4461|2865|4102|3922|5651|6590|6506|2542|4090|3808|6086|6563|6355|8686|4936|6424|2891|3334|5198|5709|4639|7131|5572|4640|5026
496|0|154.09871|Unknown|2088|779|1122|1787|2430|2252|1124|1342|1026|747|570|1165|1897|1545|1470|1199|1586|1800|791|761|421|1086|1173|1245|1320|1298|1485|1541|1511|1336|780|956|1662|1007|947|1303|1268|1259|1667|731|631|617|1536|522|1605|1032|1474|1583|552|1986|900|394|359|767|1534|1935|1695|1355|1116|508|680|857|1352|1053|2364|1384|2749|1601|1909|473|592|857
512|0|156.02916|Unknown|5956|6305|6115|4070|5539|5184|4947|5721|5869|13224|12165|14317|9778|10092|9373|3979|4543|4736|9097|7815|5337|9709|7876|8833|9790|10524|10349|7153|6006|4415|5422|6725|5393|11214|7674|6806|9738|7697|6718|5427|6183|7009|9125|8928|8887|7208|8713|9028|9674|8127|8858|11699|12012|10408|7447|6505|5964|6617|7508|7504|11108|9578|10352|10172|9083|7518|6368|8422|5888|8212|6968|6432
513|0|156.04234|Unknown|7691|6767|9164|4186|5539|5184|7285|5383|4882|7739|10216|10884|14839|12128|12224|3932|4781|5428|5704|7815|7463|6783|8857|6396|9790|10524|10349|4730|5914|5502|6105|4387|3300|4900|6205|5361|4956|7697|6718|4100|4247|4472|5590|7298|6192|7375|6766|9028|7538|8127|6682|9189|10448|10923|6595|4299|4802|7887|9656|7504|6944|5354|7186|5695|6845|8675|5597|7046|5888|105544|106885|110468
514|0|156.0511|Unknown|7691|6767|9164|4186|4045|5184|7285|5383|4882|7739|10216|10884|14839|12128|12224|3932|4781|5428|5712|5309|7463|5162|8857|6396|6745|7417|10349|4915|5914|5502|6105|4387|3300|4799|6205|5361|4046|4117|4224|3274|4247|3085|5492|7298|6192|7375|5449|5090|7538|5960|6682|9189|9706|10923|5218|4299|4802|7887|9656|7504|6944|5354|7186|5203|6845|8675|5597|7046|4034|105544|106885|110468
537|0|158.05296|Unknown|16930|17062|16195|9754|14727|15103|13112|16137|15560|30392|22699|22834|30931|33196|29968|11598|11340|8700|25093|26186|21156|21533|20956|22948|25221|24939|23343|17466|17866|15082|16107|16188|16256|15944|16220|16629|20549|18066|21638|30749|25944|25448|21230|15765|22496|21458|22698|24422|22260|19043|23550|26194|26746|26826|20757|25994|23611|19377|21470|26205|37854|35567|33294|20809|17434|18615|20162|14288|17511|36283|21480|16398
538|0|158.08124|Unknown|19749|18554|21110|14888|17448|14312|12626|9625|11695|14539|12101|11938|14952|12370|15750|6825|8107|8416|26291|25869|27622|16013|19982|19262|22228|16257|16554|12419|13654|8569|13730|14248|13775|19194|15861|17303|15509|14908|17186|35644|37011|40357|28578|27434|26347|31433|36342|34631|10172|8949|9086|12020|12843|9681|28033|30322|28495|18036|18658|21048|40767|43558|45481|13428|14063|10562|15425|14637|14072|37588|36191|36909
539|0|158.08919|Unknown|19749|58170|21110|46382|52098|46362|45292|42343|11695|14539|48747|45000|63038|13594|59182|6825|8107|8416|55965|25869|58260|50327|19982|52242|22228|50331|16554|32996|55238|8569|13730|46970|45201|47488|15861|44611|47366|14908|17186|35644|59412|40357|28578|64280|26347|31433|67162|67419|52634|9486|53625|44358|12843|9681|68158|65630|64119|64015|62175|62799|40767|73910|75243|13428|48544|29189|15425|14637|14072|61809|36191|62784
560|0|160.06058|Unknown|18440|18496|15438|12296|15810|12714|12968|16293|17261|23146|22404|24295|24443|22185|28664|7394|8669|8334|24723|23573|23860|26344|26716|21467|18901|19648|17762|14343|16056|12760|119448|100161|89823|415524|393854|391200|150545|151675|154479|374720|378023|393670|19443|18944|21474|19525|22133|23180|15013|17258|14827|1170171|1167040|1124524|158998|161757|152677|266910|289910|293708|686251|704632|730146|20249|16203|14277|16139|15431|16875|31593|25029|28432
561|0|160.06854|Unknown|18440|18496|15438|12296|15810|12714|12968|16293|17261|23146|22404|24295|24443|22185|28664|7394|8669|8334|24723|23573|23860|26344|26716|21467|18901|19648|17762|14343|16056|12760|119448|100161|89823|415524|393854|391200|150545|151675|154479|374720|378023|393670|19443|18944|21474|19525|22133|23180|15013|17258|14827|1170171|1167040|1124524|158998|161757|152677|266910|289910|293708|686251|704632|730146|20249|16203|14277|16139|15431|16875|31593|25029|28432
571|0|161.04468|Unknown|420914|401786|406513|309060|299135|290012|394611|409517|403939|528682|547248|522291|567916|557799|545585|205856|214739|214143|549748|531450|534207|524140|513753|493054|457932|452412|509455|389620|365855|359673|422443|373949|329271|359997|346862|346324|417908|403512|408863|366609|365897|382569|481837|480772|487499|447578|462239|453976|359358|353062|339651|493856|463880|456643|471713|433708|431638|409240|422786|452075|549934|577585|595061|382812|367780|361056|329275|316852|330943|334034|332824|340768
573|0|161.08101|Unknown|23941|21124|22797|17250|21072|17932|18514|15386|14905|17836|18340|19288|19132|24570|25536|11601|11741|13272|23148|18960|20706|20969|18890|19828|22974|18174|23766|11788|14121|13690|17855|15046|14194|13966|10952|9577|14793|15779|16135|16208|15316|17476|17657|19332|17363|28987|24980|23170|15281|15080|14458|15299|14097|11257|22969|21751|21729|19593|19415|25807|21903|21853|23197|17493|14819|19284|17064|21932|16832|13382|14427|15616
577|0|161.99303|Unknown|823|683|589|976|716|755|738|342|933|544|1150|558|1482|587|911|330|581|365|942|1046|1125|597|501|782|614|369|10784|894|887|888|963|496|1885|1621|1527|1823|547|542|769|817|1436|2004|920|1146|618|640|806|797|729|1617|707|541|764|784|1154|677|1090|680|951|829|702|698|553|874|612|816|1278|639|1003|744|1109|1106
593|0|163.03912|Unknown|261649|260970|251576|143377|142271|138160|200862|193141|195855|237889|244506|248259|271434|277603|261518|106599|114315|121609|235918|235015|233581|261556|271221|264525|275345|259544|283686|216905|206292|207555|220003|195489|181805|154046|147266|153453|186709|192169|198415|148703|148351|159099|195215|196448|199225|256385|270558|259903|241766|233354|224937|185526|181055|178604|175734|166127|162156|272530|281686|297412|234392|243808|249765|170197|164575|163310|247596|238778|253091|189992|186971|187377
596|0|163.11179|Unknown|74590|74026|71707|3837|4782|3348|4460|3882|3844|2826|2886|27554|13545|14990|15925|16958|21173|21450|3064|2797|4889|14475|17691|13476|3965|3194|4006|51263|54432|56374|4130|5014|3936|16001|15944|16325|14025|15476|14009|17777|21717|17108|4080|4543|3542|21340|22862|20226|1886|2599|2336|4700|5118|5389|4578|2704|4488|28184|35379|37404|1779|4057|2305|21090|20606|21956|1959|2574|2541|17712|16744|17358
623|0|165.09134|Unknown|53034|27165|23071|22534|23934|24844|15722|30305|15294|22901|36697|36454|23547|24540|25703|8148|9029|9608|20110|18581|18714|38794|38883|17132|24261|16737|22543|17352|19976|15333|15452|19271|18319|12279|12811|25482|43564|40859|17865|58103|12460|12788|20172|21682|22174|46755|47038|14092|15244|17091|17168|14749|31518|33705|27783|25251|26801|16529|21089|35430|17932|19441|19439|39681|15007|36619|23349|23958|27516|32884|33184|14877
624|0|165.55069|Unknown|1187|348|895|591|239|420|466|420|268|497|410|1069|1477|415|1587|325|335|331|464|1247|1458|627|711|440|453|443|1351|1130|1431|1032|1198|387|503|887|783|433|8820|502|1006|458|1023|430|624|1106|729|506|879|306|659|515|457|824|959|673|525|444|511|738|335|391|684|780|1496|697|802|518|705|189|373|455|460|321
632|0|166.06314|Unknown|3908|3105|4330|1794|1846|1547|2554|1509|2055|3551|3234|3665|5313|4683|4540|854|1368|2485|8762|9569|9153|2802|3277|2983|2799|3186|1863|2494|1709|2180|2895|2477|3910|5127|5809|3625|4400|4987|3894|26705|29590|30361|3464|3360|2149|2884|2805|2720|4856|4978|4164|3503|3465|5060|3798|4350|5633|3566|5287|4642|19108|25447|21316|1579|2337|2566|2989|2268|2726|48532|50528|56982
635|0|166.53064|Unknown|375|247|311|375|251|360|310|250|252|363|300|278|445|354|905|183|262|184|498|280|347|336|392|369|422|288|666|306|259|375|346|252|274|254|326|308|231|254|509|367|309|388|454|311|552|247|322|385|329|256|239|317|260|403|687|251|297|395|355|402|377|422|453|322|214|446|291|303|259|265|548|248
643|0|167.10687|Unknown|130462|132100|131689|110539|111540|113735|75821|79689|77042|64845|70121|73184|135607|127711|131158|58170|64181|66087|85889|87401|94542|92193|97155|97302|109265|103693|115991|88825|88156|85668|89034|73795|65205|77024|79348|71134|89047|86674|88140|79872|85505|91361|101320|103601|110939|102774|108324|112511|75130|80010|74730|54045|55978|55516|115611|113235|111539|90114|95568|99468|106998|105969|112476|110473|107463|107200|113501|109595|114292|73665|74816|79604
649|0|168.06573|Unknown|19786|18506|19334|11075|14436|13502|12801|12507|14092|9760|12598|14443|21050|24289|20536|5659|4848|6059|14837|17072|18448|16740|19180|17588|7018|6453|10059|13179|11966|13835|16251|13937|11539|16125|13472|12273|20389|20511|22093|15832|11516|12963|16225|13351|13281|7400|10983|7990|7196|8109|8670|12104|14535|13468|11938|14121|12317|7588|10294|9875|13815|11523|12555|14869|13335|13345|8155|9531|8744|916832|947795|949517
664|0|169.12238|Unknown|47954|49878|48130|43735|46269|46682|27919|31239|32325|32372|39755|36574|46084|50046|42532|20240|21944|23437|37160|40605|38289|34872|35121|40015|37045|35737|39758|44381|42370|46265|48494|42669|41683|33422|37268|42539|39060|40457|39693|33549|34339|40557|42254|34124|38318|39245|43212|45762|32767|35795|34926|25602|28261|32085|51750|51354|50825|49969|52999|55073|44820|45862|46186|36154|40780|34783|43422|35563|42426|35079|37151|33399
665|0|169.13368|Unknown|38293|40698|39216|35903|37616|37810|23101|25990|26720|11886|31261|27981|35319|27073|33094|15814|13137|19180|30157|32788|30474|27557|28033|31045|28171|27865|30510|34906|33281|36724|37901|34625|25799|26369|28688|34158|30623|32339|21611|27994|28419|33804|33185|26870|30343|31067|34898|36868|26039|20044|27618|14985|11606|26093|40814|42492|40821|28341|43036|42968|34661|36242|36438|28248|31557|27329|35486|21956|34215|28302|29776|26425
666|0|169.49167|Unknown|335|580|339|330|2059|274|308|396|253|212|303|247|430|418|350|244|155|193|656|333|412|270|645|586|343|280|564|351|1253|294|7266|4594|7438|2484|3079|3026|258|333|326|547|528|1237|483|674|469|336|13813|436|246|262|374|17624|22674|17754|632|251|316|817|762|705|549|986|708|261|336|249|272|165|194|269|256|420
670|0|170.02304|Unknown|7862|6431|9803|6021|5290|4768|8480|7308|8225|3160|2386|2044|5005|5060|5855|1914|4156|2570|4638|6093|2969|8635|10732|9699|5513|2332|3667|3018|3018|4154|3606|7264|8013|3928|3533|4164|6458|5338|4909|5269|5488|5782|2976|2386|4651|9136|7155|7703|2421|4420|5226|4219|5098|4799|6035|7765|5485|3336|5383|4282|3301|2460|4156|2921|2348|1815|5530|5177|6473|5526|3639|8148
671|0|170.04492|Unknown|11168|11839|10573|8808|7613|7450|9069|7983|7363|10210|12870|10930|13561|13159|13398|4430|4156|5738|13749|12099|12700|11815|13638|13570|11618|10752|10139|8609|8361|8965|12639|8479|8526|10322|12817|10564|11909|11466|11745|14556|14255|14344|11086|8443|11310|9936|10788|11103|7754|7944|7896|11878|12041|11766|12661|11994|13190|10215|10529|9176|17188|14722|18539|8595|8957|5163|7533|9437|8182|9052|10763|9755
691|0|171.51567|Unknown|996|352|379|268|389|389|263|208|397|318|513|638|370|285|322|244|220|159|488|527|475|357|324|276|319|322|432|366|353|306|391|565|367|216|386|588|499|455|356|863|887|721|475|381|1099|360|438|414|288|261|268|220|454|300|348|484|803|685|346|533|995|1376|693|301|270|427|356|282|347|993|577|984
703|0|172.09694|Unknown|20407|21356|22513|17164|16069|15661|7808|12553|9408|11255|4318|4607|13076|23065|23856|6437|5811|8745|23702|23015|26365|18422|15385|15527|8885|15973|7603|16420|8581|14976|13865|12518|9703|19176|20075|22323|14448|15475|15083|59827|59058|66927|13223|16660|16132|21315|19310|18554|6600|16267|3849|14235|14134|12142|30689|27607|22148|13999|20334|21533|36019|43103|42927|14420|12402|6781|16655|10104|18356|27432|27069|26211
707|0|172.53461|Unknown|350|421|1383|877|624|363|914|2331|3027|582|368|704|761|781|1014|286|390|576|330|572|471|722|391|425|1099|729|299|498|302|2570|540|1281|378|468|422|283|568|1076|523|493|333|1398|622|533|2734|868|413|292|678|383|775|758|853|308|820|324|451|485|1191|447|674|1409|838|1056|5971|628|1095|303|412|2641|1977|2784
717|0|173.02226|Unknown|129934|126399|127188|139151|136689|134162|123177|125056|126181|182500|181482|182072|163762|171507|155280|102664|108640|114675|136975|137380|137252|143986|159844|134604|258432|239985|254422|112781|111443|109367|121858|101913|90216|92270|90885|90312|115278|110629|120702|135460|148982|142852|150326|155307|158314|194915|201905|209441|183068|176448|172107|134298|129552|130305|198161|187934|186977|204117|219094|238345|246546|254187|274727|130872|116995|120576|162619|164892|174351|117790|113566|113666
736|0|174.07635|Unknown|30799|31318|26901|11647|12593|14928|14008|15056|13997|20852|18853|18489|23546|22947|25179|6853|6522|7836|19579|22638|23191|22252|19515|20952|18885|19046|21516|13611|11710|12427|17860|18006|13862|12858|19482|10599|10447|11392|13763|40241|41482|39993|17044|16945|16420|18458|21222|18221|14804|13146|12107|12213|11922|11277|35288|32821|19137|9456|9748|12676|32704|30054|39631|15594|13516|13972|15708|9625|14023|36086|29521|34678
737|0|174.08757|Unknown|30799|31318|26901|11647|12593|14928|14008|15056|13997|20852|18853|18489|23546|22947|25179|6853|6522|7836|19579|22638|23191|22252|19515|20952|18885|19046|21516|13611|11710|12427|17860|18006|13862|68535|66322|68222|35097|33939|38500|80413|79102|87905|17044|16945|16420|18458|21222|18221|14804|13146|12107|64079|68024|60943|35288|32821|33904|51086|50355|56377|82923|89474|92899|15594|13516|13972|15708|9625|14023|36086|29521|34678
742|0|174.94611|Unknown|581198|565561|636472|856848|864244|841893|1493871|1533844|1488146|580111|563885|599180|2041346|2033052|1982100|1225289|1209573|1222987|3504395|3357922|3434899|803181|784716|773895|2195243|2064044|2311126|2868652|2668180|2727275|1319237|1095960|990934|2847896|2811786|2768234|1377630|1358523|1355073|1029031|994146|1030584|1980509|2043592|2014170|2244105|2267642|2258356|3731754|3630620|3509758|379223|353494|332835|1838114|1715191|1648085|2317800|2506571|2686829|2739372|2860822|2886829|1145513|1040820|1086308|1308100|1288850|1323841|1846159|1796443|1763962
743|0|174.95325|Unknown|581198|565561|636472|856848|864244|841893|1493871|1533844|1488146|580111|563885|599180|2041346|2033052|1982100|1225289|1209573|1222987|3504395|3357922|3434899|803181|784716|773895|2195243|2064044|2311126|2868652|2668180|2727275|1319237|1095960|990934|2847896|2811786|2768234|1377630|1358523|1355073|1029031|994146|1030584|1980509|2043592|2014170|2244105|2267643|2258356|3731754|3630619|3509758|379223|353494|332835|1838114|1715191|1648085|2317800|2506571|2686829|2739372|2860822|2886829|1145512|1040820|1086308|1308100|1288850|1323841|1846159|1796443|1763962
746|0|175.02396|Unknown|217273|199536|197732|84794|85304|85291|161361|166117|165118|259461|263218|259111|232255|231104|226060|69041|69693|75530|200816|196701|198722|207220|205653|195764|200570|182015|195203|143558|137100|131035|173096|153582|133260|140678|137042|134640|155226|156144|162702|96792|92159|100478|198762|209817|200002|164242|166772|168500|132796|129641|123540|197017|194599|188424|137470|119936|117070|144516|147337|169562|168394|165956|177544|170418|165989|157135|107195|103175|109720|210460|202190|200005
748|0|175.07562|Unknown|319189|325990|322570|345625|355319|356445|214212|225626|230866|218680|245750|255625|436506|428793|437312|141598|156987|161766|240206|253506|246775|221370|227251|234062|278938|265212|304812|204275|200853|214503|230904|193188|164868|207195|200362|200084|269135|266009|275917|256616|259394|279979|292067|313200|303055|204587|221850|221481|154526|161740|156227|237434|263471|262999|431292|390917|409356|204579|204580|217770|271449|286814|302286|271309|263163|269822|284582|274017|286946|177078|177068|177375
755|0|176.0087|Unknown|634|2446|559|557|425|338|408|1059|1792|1669|1459|919|1362|631|909|304|338|190|971|1050|694|367|453|465|1011|452|2497|358|543|563|427|1823|1419|1665|1862|925|286|426|592|634|694|1351|665|1113|370|416|832|550|1032|762|373|726|661|839|739|384|455|1063|801|569|393|1437|979|906|344|1468|350|487|3294|348|320|1811
758|0|176.05571|Unknown|18096|21103|19230|12208|13255|12235|18489|18947|17540|26846|27140|26445|23743|21806|23766|9661|8470|9566|22842|24016|23508|24316|23743|23218|24690|22921|25071|15898|15235|17217|15223|12851|12382|15671|18830|13374|22790|14329|22110|31296|27176|31323|24570|20765|18490|22359|22028|23187|27363|29447|25973|27173|23336|26225|20738|21812|19100|17106|22135|25731|30930|29548|25944|15011|12225|13571|15476|14538|15982|22118|29283|23976
759|0|176.0636|Unknown|18096|21103|19230|12208|13255|12235|18489|18947|17540|26846|27140|26445|23743|21806|23766|9661|8470|9566|22842|24016|23508|24316|23743|23218|24690|22921|25071|15898|15235|17217|15223|12851|12382|15671|18830|13374|22790|14329|22110|31296|27176|31323|24570|20765|18490|22359|22028|23187|27363|29447|25973|27173|23336|26225|20738|21812|19100|17106|22135|25731|30930|29548|25944|15011|12225|13571|15476|14538|15982|22118|29283|23976
772|0|176.99718|Unknown|179084|178841|180057|209120|219244|207802|170492|178386|171234|262517|267262|271531|206981|201204|196848|163747|173548|175832|198483|193412|188344|207826|208883|202879|358404|354738|388299|158555|150558|148340|165104|138182|122764|117016|122019|119023|155803|157087|154485|196881|191106|214639|228419|224256|223942|313632|327152|332677|287015|286481|268580|209634|202818|202565|316817|305970|284300|342846|362811|386107|401199|409784|413459|175877|167421|172323|252559|246187|262364|155499|153361|158428
774|0|177.03957|Unknown|106794|102580|104619|64887|66533|67813|104851|106538|100412|148508|146047|144733|128110|131691|126599|53705|56659|59736|134469|133368|133336|128082|130785|128364|116156|111148|123430|97831|95520|92291|120460|112437|99839|93668|97023|92062|103242|102328|103674|86082|81562|94975|135112|140820|138738|113862|116350|116497|89030|83211|84219|120627|115427|109644|123118|108532|103957|107106|111205|115452|135725|133385|137797|106662|101573|103425|73535|75879|77955|91915|90328|93379
787|0|178.04739|Unknown|4256|2761|4245|2918|3431|3586|2188|3064|2630|5140|4626|5265|4094|7389|5909|2204|2565|2393|5139|4102|4370|4603|3417|3811|4285|3740|4675|3460|2836|3320|3544|3016|4633|4182|2383|4707|4699|3942|4541|4758|5165|6810|3732|4093|2779|4618|4342|3994|3477|4198|3244|4542|6083|5432|4107|5610|6196|3646|4618|4505|6173|5498|4584|2931|3017|4154|3418|2471|3646|3369|3834|2905
794|0|178.57632|Unknown|456|487|663|208|839|610|479|676|402|491|392|571|645|509|1199|116|359|327|397|495|793|659|650|285|336|1183|426|479|326|403|1462|316|948|711|822|646|409|563|339|2207|1573|1646|505|525|603|394|293|904|514|247|683|438|522|315|805|541|688|442|589|750|740|572|702|405|749|494|280|447|409|1088|1234|919
802|0|179.05531|Unknown|704304|705260|712861|659106|647650|656429|311999|337438|316885|93881|96651|97620|540836|524032|526187|273419|284895|294108|972065|966304|967579|608622|631352|614590|273818|266386|291442|269171|259528|259240|560150|478570|424404|659579|639507|625497|558009|549619|534101|1393844|1395273|1480312|480323|516590|496851|552824|576461|556888|195631|189398|187707|910906|906021|865754|1137125|1071721|1058807|498884|512629|538890|1429686|1494582|1516581|218732|219116|219904|346159|330963|355716|277292|273486|278345
811|0|180.02925|Unknown|8294|9858|10113|6401|7820|5866|8801|10048|9696|15704|12311|13986|10510|13458|14450|5381|4620|5141|10429|12694|9185|12892|11394|11140|19092|16464|16833|7156|6549|7629|7496|9469|7613|6135|5762|6404|8500|8576|7476|6633|5694|6320|8658|10793|10203|12820|12747|16260|12157|9875|10981|10868|9275|8088|9197|9052|8043|12630|14884|13100|10106|11253|12697|10884|9553|8772|11852|12181|12526|36603|39012|36890
812|0|180.03763|Unknown|8294|9858|10113|6401|7820|5866|8801|10048|9696|15704|12311|13986|10510|13458|14450|5381|4620|5141|10429|12694|9185|12892|11394|11140|19092|16464|16833|7156|6549|7629|7496|9469|7613|6135|5762|6404|8500|8576|7476|6633|5694|6320|8658|10793|10203|12820|12747|16260|12157|9875|10981|10868|9275|8088|9197|9052|8043|12630|14884|13100|10106|11253|12697|10884|9553|8772|11852|12181|12526|36603|39012|36890
819|0|180.95107|Unknown|14942|18331|15623|28963|29577|31171|1802|2806|2297|473|480|1085|3736|4529|5263|41494|42131|45396|13908|12582|12302|2322|4318|1942|4530|3681|5592|14083|12477|11005|623|801|493|20152|18690|16039|17083|17987|17434|76226|75258|79946|1035|1530|1152|63668|60372|56740|7099|6987|6739|1129|924|1518|69423|70353|69990|13207|16722|15480|35224|42532|37810|1641|2142|1797|55166|48690|55472|24600|27526|26424
823|0|181.01291|Unknown|39099|37016|40401|25582|26880|28990|41000|42951|43150|77968|74990|72382|52457|54273|50702|20246|21920|22662|46013|44501|42373|57356|50000|52395|62238|53614|62369|37220|33516|32390|35162|42747|35521|45810|48194|49643|44316|41062|45332|30287|32413|35987|55986|54241|49722|45302|50671|52876|40219|36887|35206|54860|57435|53150|41387|36359|34529|45188|57270|58319|48759|45782|47812|43815|44448|44483|39263|34971|39459|37860|39115|41090
826|0|181.0708|Unknown|3571319|3600527|3591682|1340699|1358075|1330920|2148618|2190837|2191386|2281786|2527064|2528936|3311106|3279482|3233297|528214|578229|615934|1227218|1226532|1253599|2726213|2739866|2760434|1193310|1156285|1275698|1929058|1810215|1884834|1747682|1521126|1363184|1028256|1005832|994730|2053748|2068868|2080009|2205398|2253468|2405852|3513938|3696409|3659348|1990261|2086791|2015646|1957130|2007120|1951426|1855836|1937896|1883389|1893088|1766345|1745038|1448438|1502410|1556259|2058493|2157966|2256335|3097905|3031197|3082172|2210482|2176616|2285903|1826087|1822908|1823556
832|0|182.02158|Unknown|1096|919|1184|980|1373|432|1262|1005|636|932|513|2666|951|2166|4941|261|492|164|1829|838|742|1041|1206|666|533|970|414|456|521|579|1888|993|393|973|1329|544|474|968|849|1166|704|1790|1163|2014|1873|1175|919|913|814|623|435|548|2910|752|1340|6178|1297|1175|1098|1398|2250|2397|2645|2591|1246|3927|591|558|317|1118|837|730
833|0|182.0426|Unknown|27762|25125|27437|18800|19409|20355|20451|18541|17899|37306|41161|43609|40591|36097|39372|20272|22454|24329|34887|34293|37071|39692|42498|44723|28085|27387|33693|37464|35068|34518|27942|28737|26667|38912|34939|36397|38748|37694|39639|32040|32950|35585|29039|29646|26862|28227|30436|25455|24868|27709|24632|34285|42453|38446|37193|34502|31688|34047|34272|37522|38438|40786|41279|38437|34992|38744|26911|28238|28780|37255|38407|40877
835|0|182.07422|Unknown|172872|168859|169619|59020|64858|62711|99670|101710|98258|108931|121928|120586|151828|148511|156283|21801|23865|26081|58076|51956|54448|124257|129645|127511|55168|52251|55588|87891|85410|87908|82597|70991|63452|49760|40968|47271|100416|100270|96624|104680|104530|111138|162150|172982|171026|91667|95320|89135|91979|94186|88549|85584|93330|92930|87514|84159|79642|61946|68140|75384|97595|97071|110922|148402|146960|148822|106315|105929|106392|84545|87187|88491
841|0|183.02893|Unknown|26797|27506|28171|21558|18954|21117|20976|24452|20710|33558|33925|30234|35067|33769|33438|12232|12291|15314|22955|25118|25424|28188|28297|26327|34740|34583|38381|19887|19203|22189|25517|17802|16889|17513|19154|16771|24246|24352|23938|15793|18691|16559|27287|26511|26307|25985|28046|27341|23289|22468|24296|25577|25225|24508|21462|20289|24218|25462|25271|25947|25756|29110|29124|26149|20703|21964|25298|21670|24838|27242|29132|26546
846|0|183.99524|Unknown|3001|3728|2456|1532|1892|1972|18340|18600|15276|29049|25387|25359|15261|17381|13529|3165|2682|2511|15509|14044|16086|9644|14601|12211|26876|26309|26031|12510|13237|12658|256134|236236|211157|115008|112424|111924|10043|8203|9057|34042|34556|35226|27311|23326|27141|4982|6289|4754|12971|13625|9779|475940|475019|457819|7862|8075|7142|36009|38622|44722|21504|24534|24716|18476|18389|15490|2218|1137|3143|6990|6748|6951
863|0|185.02151|Unknown|96192|421342|429527|90692|80542|50316|24654|22883|140987|117106|21384|115911|81563|77574|183068|87832|80806|82284|146051|143875|150721|128135|57942|54260|212061|192688|30706|40106|36232|181111|166007|72032|59258|82963|82474|79199|98658|97166|114928|133795|135947|143312|40762|39023|80703|124852|128552|79074|129763|116314|20484|25419|20900|39551|143519|152310|127666|120289|121969|134521|194280|183526|189292|114293|108956|111762|34870|81294|32847|304492|300974|297894
869|0|185.52565|Unknown|407|279|301|261|222|265|399|224|283|347|276|238|1052|493|434|192|178|198|324|323|407|271|351|369|470|531|646|285|235|352|285|324|515|359|271|281|216|241|229|511|243|309|354|612|301|318|390|345|313|342|293|556|253|423|426|287|346|303|254|477|576|501|346|532|285|217|268|232|205|1347|421|534
870|0|185.54803|Unknown|313|652|344|365|421|341|293|298|318|402|343|320|407|710|502|154|200|193|594|646|521|321|560|484|470|431|543|309|236|464|331|287|515|589|304|574|216|436|481|530|297|488|461|512|434|318|599|275|211|342|245|550|255|377|345|316|540|314|486|420|1088|375|676|532|385|411|422|331|179|1120|548|562
871|0|185.56641|Unknown|306|700|1047|478|371|304|374|315|363|436|407|677|1052|995|812|162|158|152|788|971|944|510|642|390|529|446|332|323|388|369|1130|503|766|1856|952|876|1406|555|420|764|1213|826|521|762|456|300|737|322|545|393|693|541|291|523|356|357|493|377|500|913|1093|392|676|532|385|490|479|466|202|786|538|880
873|0|185.68105|Unknown|9986|2362|433|312|706|369|271|476|207|499|375|336|401|504|1044|234|329|604|342|394|516|346|1351|266|394|476|423|351|354|472|556|330|273|277|748|430|306|420|237|1215|177|254|394|508|374|266|1094|409|778|714|320|1497|1838|441|393|514|236|856|418|735|603|1550|580|362|636|383|508|214|285|887|294|268
878|0|186.01665|Unknown|10666|10746|10793|1739|1518|1145|3333|2286|2054|1627|2131|1313|5099|4710|3596|2851|2247|1893|5396|6625|5971|2524|2000|2720|2831|3624|2824|2939|3041|2989|4833|3084|3508|7133|7280|6331|3661|3821|3862|22135|17791|18970|2678|3362|3401|3267|3965|4077|3900|3221|4625|1718|1145|1403|6561|4196|5490|4826|4355|5623|22126|22079|22355|1664|2616|2805|2492|2229|1638|8666|7005|7060
883|0|186.07625|Unknown|20144|17101|18325|10830|9405|10455|11927|13132|12113|18044|16602|16476|24081|22384|22861|6072|5616|7653|14618|12122|12600|18031|17104|17291|17413|17644|19531|9754|12746|10511|14278|12153|8559|11808|10971|11081|14230|14767|14791|11377|10431|10256|13708|16074|15419|13160|14339|12839|14320|11276|10205|16882|16047|12382|17294|12892|13050|11929|11712|16699|11915|13727|16382|13912|14045|16808|11534|11442|12540|14400|15952|12736
884|0|186.08441|Unknown|20144|17101|18325|10830|9405|10455|11927|13132|12113|18044|16602|16476|24081|22384|22861|6072|5616|7653|14618|12122|12600|18031|17104|17291|17413|17644|19531|9754|12746|10511|14278|12153|8559|11808|10971|11081|14230|14767|14791|11377|10431|10256|13708|16074|15419|13160|14339|12839|14320|11276|10205|16882|16047|12382|17294|12892|13050|11929|11712|16699|11915|13727|16382|13912|14045|16808|11534|11442|12540|14400|15952|12736
888|0|186.57401|Unknown|5249|3279|5609|4151|3721|5151|1271|1450|1592|289|360|829|5505|6659|6040|2505|2019|1888|13015|11410|11527|4298|3357|3934|1097|1363|1827|795|762|804|6634|5643|4906|13687|13268|13283|10279|9994|9514|37356|35538|38637|3448|3156|3026|4613|3633|3497|900|1380|1606|9557|8900|10133|13043|10938|12886|8383|10390|9827|33676|33674|35514|392|270|424|2637|2045|4137|3315|2618|2793
894|0|187.02399|Unknown|114919|111036|112977|76086|71893|74414|116002|113058|112291|173420|170629|172737|128497|121298|128055|60754|65368|65692|146796|145263|140633|132766|133594|121459|161878|156034|164654|94080|96639|91443|99559|83968|80230|82907|79107|80210|93156|95558|96841|77948|79179|78947|151013|150146|149984|132216|137005|137899|95728|95874|94483|126081|126375|123796|124838|114568|99602|116862|123429|134581|151627|152202|159241|115689|108223|112998|87036|88172|91742|139441|140887|141424
897|0|187.09673|Unknown|541239|519140|524891|265435|289734|264611|311892|327052|316062|319206|315119|314116|440340|425966|429037|164986|172951|176623|394196|380588|386039|415541|427474|416987|441348|429838|450264|295036|287936|284775|329205|280642|259626|902443|864232|860952|301626|297541|299371|288863|302200|300895|359103|366934|362341|405525|436298|416190|287734|279444|269592|227135|216461|210500|331117|357046|283591|372477|375337|395139|507863|409734|411042|353927|332670|337554|282314|281271|293318|323590|282162|286472
920|0|189.01624|Unknown|76169|83533|77612|68463|70494|70819|75803|80164|73781|127696|125687|122948|105782|105782|111530|53451|58385|58048|93341|93475|89314|97935|102775|96067|131246|128715|137595|77145|68338|68892|67809|66100|53042|69677|66512|69481|82495|84028|82533|76853|76472|84769|103093|104120|104180|122309|123938|129256|110972|110415|103914|95593|85451|89421|107268|109412|98668|128677|133919|144839|212469|226356|225191|82561|80677|79385|97371|92408|96835|81036|79646|80457
921|0|189.03412|Unknown|369026|348628|339176|221442|231298|224538|387808|420438|389578|677425|675142|679027|563804|548951|537239|162909|177670|177715|468050|465149|469397|465006|466522|464866|501764|471897|502983|322360|311077|301367|381322|332021|301123|309489|286967|293126|368764|380914|376134|200102|209377|214298|484112|504747|483779|391906|396702|385686|332941|310666|307934|497243|489504|456158|326456|289051|278831|344166|350073|381932|373812|397605|410663|406030|377429|389313|285678|275031|285350|358412|357188|351289
922|0|189.0397|Unknown|369026|348628|339176|221442|231298|224538|387808|420438|389578|677425|675142|679027|563804|548951|537239|162909|177670|177715|468050|465149|469397|465006|466522|464866|501764|471897|502983|322360|311077|301367|381322|332021|301123|309489|286967|293126|368764|380914|376134|200102|209377|214298|484112|504747|483779|391906|396702|385686|332941|310666|307934|497243|489504|456158|326456|289051|278831|344166|350073|381932|373812|397605|410663|406030|377429|389313|285678|275031|285350|358412|357188|351289
940|0|190.54018|Unknown|543|419|501|311|213|206|442|300|294|283|300|236|488|350|444|173|141|192|393|330|278|203|537|260|333|427|749|490|243|342|316|246|193|422|486|397|316|405|318|193|332|276|439|315|290|322|327|506|338|286|245|206|394|363|351|297|314|343|455|323|468|741|555|358|196|247|389|214|315|312|759|758
963|0|192.05849|Unknown|7208|6378|5548|4179|5323|6334|5737|6613|6151|9232|8066|10817|8937|7480|9593|5053|5391|5834|8419|7730|7854|9124|9134|7556|6901|5876|9327|4897|3854|4793|9738|8797|7609|8092|6959|8306|7155|6102|5600|15208|15964|15404|5281|7156|7823|20413|26023|24414|10063|9783|9467|7458|8165|9442|13981|7608|11812|6278|6769|8076|14404|13183|15985|5592|5306|5891|11221|9276|11354|11524|8662|10897
964|0|192.06575|Unknown|7208|6378|5548|4179|5323|6334|5872|6613|5917|3741|8066|10817|8937|7480|8710|5053|5391|5834|8419|7730|7854|6845|5556|7556|7335|5876|9327|4897|3854|4793|9738|8797|7609|8092|6959|8306|7155|6102|5600|15208|15964|15404|5469|7156|7823|20413|26023|24414|10063|9783|9467|7835|8165|9442|13981|7608|11812|6278|6769|8076|14404|13183|15985|5592|4528|4515|11221|9276|11354|11524|8662|10897
971|0|192.59216|Unknown|437|1571|711|200|486|272|225|204|412|463|880|378|1008|430|609|149|613|171|900|385|421|970|230|289|765|545|353|654|226|661|1580|302|676|1040|1011|500|800|375|951|218|418|266|380|305|344|883|852|294|2452|3038|1340|428|520|384|1463|1040|1588|675|254|508|523|578|355|872|392|393|274|458|298|1194|316|1063
987|0|193.12244|Unknown|24098|22414|24970|10084|11943|10548|10775|7876|8926|13362|11842|13135|19304|16003|18208|9102|8950|9979|7825|8200|6009|13420|13903|15862|10402|10755|10733|28315|25267|26616|14245|11401|10875|11124|14195|11670|12398|12924|12819|14494|13476|14092|12702|16667|14892|12529|13299|14640|11249|9654|9178|10868|10748|12115|15709|14140|14292|14885|16305|17465|10308|8954|10909|14905|18811|17690|10033|8767|10044|12116|9977|9484
996|0|194.01627|Unknown|2259|3415|3252|1794|2007|2631|826|1341|1613|2542|1801|2438|3427|3916|3725|2406|2984|1319|1828|1444|2719|2266|2622|2582|3264|3604|4165|1527|1752|1136|28309|1739|506|2131|1174|1789|2866|3352|2049|1210|2446|2179|1186|2675|2063|4028|5020|4008|3654|3918|2410|1962|3855|2989|3647|1687|2352|2981|4426|5313|4596|5334|3064|2929|1712|2153|4344|2682|4118|1709|2798|2962
1001|0|194.09409|Unknown|1523|1170|1949|899|1201|1950|1127|1463|1098|1759|1994|2928|3154|3288|2550|670|830|893|1280|2498|2318|1118|1286|1546|1507|2794|1719|978|1976|1522|1165|823|1587|2100|1703|1686|2341|2288|1786|3852|4218|7264|1949|1141|646|1790|1932|1835|940|1400|1530|2407|2113|2334|2182|2384|2101|1904|1288|2106|2484|5625|4029|1662|3225|1377|1431|1696|1518|2747|2588|3652
1002|0|194.10263|Unknown|1523|1170|1949|567|1201|1950|647|1463|1098|1759|1994|2928|3154|3288|2550|670|830|893|1678|1318|2318|1046|1286|1546|1159|2794|1719|978|1976|1522|1165|823|1587|1533|1703|1686|2341|2288|1786|3852|4218|7264|1949|1124|523|1790|1461|1835|940|1400|1530|2407|2113|2009|2182|2384|2101|1659|841|2106|2484|5625|4029|1309|1519|1377|1431|1696|1518|2747|2588|3465
1005|0|194.55331|Unknown|793|421|470|716|327|302|443|326|415|582|594|632|1072|830|322|175|333|180|631|325|282|305|903|324|356|1247|286|316|407|526|341|535|164|699|674|620|637|414|360|596|338|980|313|626|360|411|516|461|490|455|401|575|669|448|498|597|446|391|379|890|418|831|478|534|663|275|297|423|572|438|651|458
1008|0|194.95702|Unknown|6025|7502|5762|9224|9308|8849|2426|2848|2654|4521|3977|4157|1564|1649|982|22250|25356|24112|4238|5456|5771|547|1031|2090|2380|2934|3555|5899|5055|6593|839|983|908|6224|7557|7756|6698|5325|5173|40028|47180|46544|1660|1332|1263|25970|29106|27246|3749|4489|3880|348|292|3858|32277|35476|33755|8052|5548|11305|21907|20718|22451|3291|1593|1665|18749|19746|24496|12029|11452|14843
1009|0|194.96684|Unknown|6306|7502|4446|11479|10247|10008|1755|1567|573|6330|1297|1392|2123|1649|1386|22250|25356|24112|4238|5456|5771|547|1031|704|3022|3333|3995|5899|5055|6593|746|864|649|6224|7557|7756|6698|5325|5173|40028|47180|46544|438|696|1082|25970|29106|27246|3749|4489|3880|348|361|227|32277|35476|33755|8052|5548|11305|21907|20718|22451|2603|999|700|18749|19746|24496|12029|11452|14843
1011|0|194.99614|Unknown|2140|2515|3430|3237|3314|4341|3130|2246|1692|4768|2912|3869|2452|3890|3534|3403|4069|3054|1872|2326|2596|2801|2647|4170|3704|4226|3042|1456|1069|1953|4665|3514|2765|1532|1596|1242|2694|2425|2441|2498|1941|2365|2237|3092|4421|2930|3541|4382|1354|3566|2111|3179|2206|1889|4000|1500|2775|3466|3129|2647|3092|3550|2894|4231|4130|3337|3508|2885|3223|3388|4641|3111
1014|0|195.05023|Unknown|103812|109833|108043|79563|74396|71989|66243|65658|69065|44049|40438|42905|158760|150003|150403|72543|72255|72717|191508|191000|184745|129757|124254|126014|71586|72039|76422|55214|51647|52601|131842|109627|94550|127965|126070|117823|107981|110121|109992|185826|183204|197894|83251|86954|88487|84908|90654|90143|64898|65500|57774|328246|321879|322312|164933|155912|150226|151379|150641|161831|307376|326877|336242|99619|95046|98466|61701|56766|59909|67530|66166|63022
1025|0|196.0607|Unknown|15817|17432|19148|8859|10282|10221|12909|12126|10028|21182|24921|22494|27540|23184|21306|7621|7947|10459|20643|20590|19355|18784|19247|23588|17640|13788|17329|18737|19009|20080|17648|16434|14537|14953|20954|16749|19455|21484|20256|10642|13207|13190|16896|16081|17316|14780|14520|14357|14758|15198|14250|21942|22045|22791|13673|14483|13289|15082|13924|12921|17274|20951|16621|18558|16980|15970|12212|14690|13706|22043|23729|21284
1026|0|196.06865|Unknown|4529|5842|6252|4122|5627|4998|6466|5674|10028|6560|7656|6657|13601|12379|9680|2081|7947|10459|5768|4874|5942|5980|5661|6819|5019|4517|5561|6028|5012|4354|5525|6146|5658|6184|4784|4605|5689|6533|6666|4217|4017|2934|3844|5546|4986|4177|4710|4740|4827|6472|4640|7722|7788|7238|3177|5528|5663|5867|5630|4146|4000|6189|5608|4536|7071|4192|5202|4437|13706|5978|4656|21284
1030|0|196.91866|Unknown|16405|16820|13469|11234|13816|10807|6831|6888|7474|2301|2083|2899|16015|17870|18355|30742|37113|39645|23946|29184|27729|8155|8065|8023|10510|10083|11421|45798|48731|47842|2480|3732|2776|32180|33596|30807|14258|12530|12177|25733|27714|24077|8460|9937|7916|64593|69812|64988|37334|39456|35945|346|721|370|56520|54225|55311|46804|51258|53890|36133|42477|45192|14480|7966|15770|52855|52333|52100|39715|40630|39677
1047|0|198.04317|Unknown|8606|7418|7150|5794|4873|4926|7654|9234|6537|12346|14464|12109|15622|16309|14250|8961|8670|9720|15946|12986|17315|18495|9911|11651|6551|6481|6545|11673|9901|8527|12641|10626|11098|13234|13290|9758|10316|10961|11537|6250|7900|7771|13920|9825|8112|8029|9592|9050|8699|9449|6119|9532|9078|8953|12098|16913|10397|11490|13073|12351|13343|11967|13618|9211|7550|10875|7615|8892|6947|13779|14881|13153
1062|0|199.00058|Unknown|105842|106067|108443|35185|37840|41368|82279|88325|87636|119806|122966|123688|108586|104113|97364|40185|41088|46756|81918|80588|80072|91828|90686|89560|112938|111845|113299|64614|59690|60391|182880|163321|140541|103920|103501|102878|72568|70742|71982|78523|78635|82602|82136|86176|83519|52793|53340|57091|48569|47237|44878|198803|208143|196422|57957|56146|51340|87605|94976|97170|113489|129268|132912|104681|101678|104067|37388|35628|36190|86171|85654|85385
1063|0|199.00598|Unknown|105842|106067|108443|35185|37840|41368|82279|88325|87636|119806|122966|123688|108586|104113|97364|40185|41088|46756|81918|80588|80072|91828|90686|89560|112938|111845|113299|64614|59690|60391|182880|163321|140541|103920|103501|102878|72568|70742|71982|78523|78635|82602|82136|86176|83519|52793|53340|57091|48569|47237|44878|198803|208143|196422|57957|56146|51340|87605|94976|97170|113489|129268|132912|104681|101678|104067|37388|35628|36190|86171|85654|85385
1067|0|199.07152|Unknown|49271|46732|45514|47914|51427|80874|25464|22808|25142|6929|8489|8406|41271|41890|42285|16178|17726|17475|99905|96405|97194|47462|47676|47857|18633|139347|19685|7653|6680|7509|57002|49572|42971|74425|71434|70315|57934|99907|57357|190544|180641|162397|44654|98693|47055|47322|49409|44837|13693|14427|14020|66032|109983|62859|101063|91224|89244|78858|46251|47110|185771|148528|146824|7940|8454|8473|61191|25117|62828|37655|39483|38241
1069|0|199.10553|Unknown|543951|553975|567491|593908|566385|589653|347605|354926|371786|371494|395886|426796|713904|719710|721620|158554|193697|207720|376725|384902|373353|355253|355048|343188|457463|431806|500375|341818|341861|348790|390231|326070|279470|315554|311324|312250|461996|466969|484129|417938|423056|467710|480670|537738|537300|335390|353497|353428|244760|215101|228832|389665|410221|422394|733675|702330|692725|270699|310212|299335|421979|423309|463320|471357|466256|468898|505901|484876|495163|275612|278290|287456
1070|0|199.11206|Unknown|543951|553975|567491|593908|566385|589653|347605|354926|371786|371494|395886|426796|713904|719710|721620|158554|193697|207720|376725|384902|373353|355253|355048|343188|457463|431806|500375|341818|341861|348790|390231|326070|279470|315554|311324|312250|461996|466969|484129|417938|423056|467710|480670|537738|537300|335390|353497|353428|244760|215101|228832|389665|410221|422394|733675|702330|692725|270699|310212|299335|421979|423309|463320|471357|466256|468898|505901|484876|495163|275612|278290|287456
1083|0|200.05585|Unknown|9774|8901|8266|5553|8885|4779|10233|7296|8159|13182|14192|12160|11692|10510|11072|4340|2824|4312|9718|12795|10616|8942|10588|11496|17667|15003|15327|7086|5471|6252|7494|7830|6096|9760|11172|6518|10342|8926|8285|12263|11165|13676|11927|8690|9314|7442|7370|9556|7965|5159|8590|11578|9932|10195|8590|9664|9019|6977|8670|7568|12263|13984|12934|7265|7002|9404|5547|9164|9167|14236|17236|13517
1108|0|202.01151|Unknown|482|749|283|399|558|2079|372|884|371|1591|1011|529|558|1200|1553|5526|4071|5769|21219|20199|24064|542|362|551|1227|792|1038|460|339|995|606|440|432|21855|17319|18832|7017|6917|7422|41434|42739|45361|914|1036|719|3543|4943|2406|15197|12705|13779|1006|383|896|11915|9199|7724|16907|21478|22210|67108|62462|72312|342|462|358|437|1448|866|7695|5976|8321
1110|0|202.045|Unknown|2783|2581|3111|2150|2956|2969|2797|3956|3932|7508|7206|5644|3903|3892|3880|1451|1677|2196|3428|2496|3460|3794|3174|5506|4335|2973|3545|2965|3617|1903|3507|3047|3010|2324|3171|1802|4632|3586|2921|3525|5091|6076|2747|5474|6372|4792|3770|3363|2636|1751|2868|6155|5766|3642|3511|5223|4096|3233|3424|3545|5953|5202|4716|3556|4247|5113|4175|2018|2274|7619|6686|5784
1113|0|202.10765|Unknown|27786|21320|25096|14102|10635|11655|13371|14319|16685|16668|17183|17442|23568|25166|25321|6359|7673|7394|17172|15755|16036|20917|17362|18414|19015|15713|20492|13300|15445|15803|16805|15004|13328|16053|13747|12918|14550|16475|14526|10640|11079|13035|15813|15510|16627|17084|17512|18037|12510|15385|13704|12717|10282|14875|16540|14606|14086|16184|14150|18521|15473|19813|18658|17624|15900|16411|12629|14107|13798|16325|16032|18448
1114|0|202.11588|Unknown|27786|21320|25096|14102|10635|11655|13371|14319|16685|16668|17183|17442|23568|25166|25321|6359|7673|7394|17172|15755|16036|20917|17362|18414|19015|15713|20492|13300|15445|15803|16805|15004|13328|16053|13747|12918|14550|16475|14526|10640|11079|13035|15813|15510|16627|17084|17512|18037|12510|15385|13704|12717|10282|14875|16540|14606|14086|16184|14150|18521|15473|19813|18658|17624|15900|16411|12629|14107|13798|16325|16032|18448
1122|0|202.99782|Unknown|12273|5096|5115|10026|14280|8706|6707|7376|6214|22568|19894|22532|10960|8984|9088|18309|17168|15716|14072|10340|9942|14290|10415|12002|22026|22285|24593|8371|4991|6008|4059|4853|3884|6310|4980|6491|6531|8343|9591|22377|17204|18017|16100|13383|12167|45322|39304|45731|34470|42217|41143|8928|7754|15878|18542|28247|12254|22702|21404|29516|26118|27961|31626|8644|7057|7534|20392|20117|19800|10300|8450|9894
1126|0|203.06671|Unknown|71302|72406|75723|69805|71232|71425|54478|57649|59014|69204|74686|75628|100095|102637|97171|26406|30874|45526|66761|66784|67322|64685|60167|58262|71058|71574|74873|53882|45859|51519|63254|54675|46240|53004|49583|56789|70036|66275|70138|62215|66544|64784|73826|80896|83282|55779|63269|60461|46099|46442|45132|71706|71403|70715|86105|80898|86903|52486|58781|60035|79438|82405|88306|63098|67032|67390|61562|64370|69155|59855|58066|53457
1137|0|204.04265|Unknown|1944|1313|1356|961|1084|1515|1241|1561|2472|1434|1138|2432|1699|1293|1902|433|656|1151|1042|1359|1446|1392|2731|1603|2235|2707|1699|975|1233|805|1851|1537|1039|362|693|1036|948|2115|593|849|836|1124|1846|1444|2890|3170|3211|2445|1428|689|999|795|689|2312|2675|420|1131|1648|2550|1737|1372|945|1415|758|1407|1273|1121|934|1709|204139|210931|213572
1138|0|204.05266|Unknown|8837|6098|7560|4310|4205|3138|8692|6469|6456|16960|15030|16738|10575|8369|10742|2616|2164|4455|8511|7204|7814|10010|9249|7319|10686|11382|12551|4504|4562|4656|7501|5730|4802|5504|6168|3829|6918|8937|8064|3892|4583|3771|9614|7691|8770|8079|6380|6843|6187|4878|6776|10695|9318|10274|7869|5413|6335|5860|6402|6941|6786|7650|7635|5592|8155|7672|1121|5743|3998|204139|210931|6384
1151|0|205.03459|Unknown|44808|45652|40474|27919|29618|25856|46570|47789|45218|78661|74850|74874|60288|56146|58400|28563|29703|31784|73345|69261|70763|60156|56618|56927|67535|65626|70580|40824|36983|37492|51797|43746|43235|41580|38102|36621|49161|49910|71517|47499|45001|52157|54214|58160|56983|56134|54225|56504|50544|45226|46323|55030|49460|49087|54658|44566|43769|58304|64092|73073|74973|80138|82521|48213|48234|48407|38149|34673|33518|45343|41860|46405
1152|0|205.04607|Unknown|46865|47142|51116|29460|31198|30441|43214|42726|46967|62412|66007|64112|66943|67616|65839|19260|21903|24136|54580|48460|48430|50015|55242|50929|52809|45480|50841|41758|38927|38408|43926|35556|32669|35323|35992|35240|44113|44706|71517|25073|25480|27186|56735|56458|56525|40941|39208|38718|36080|35139|32484|50992|52891|48176|47254|38406|37844|43595|45124|45922|43940|44050|40179|50615|43714|48295|36219|32778|37832|44112|42728|49090
1158|0|205.15906|Unknown|435466|442141|443847|6227605|6324128|6305512|3416435|3513385|3583962|1306868|1508111|1517820|3507356|3552786|3519231|154530|170105|184075|4054746|4169211|4230358|188773|206894|202072|4661959|4571990|5242892|300952|285306|291094|2847054|2512367|2259988|147518|152441|143714|254282|258475|257394|215458|217376|230845|3772547|3979405|4004942|357823|383645|370033|3533723|3670348|3618388|194502|209286|208940|5372716|5233541|5379465|347757|350533|354051|3471442|3664996|3736132|238530|230528|230150|4881632|4843840|5064174|122680|124023|128091
1164|0|206.03209|Unknown|832|1558|1509|1370|902|641|1065|736|455|2604|1968|2265|2061|349|890|488|506|1083|1499|653|1200|1397|859|909|1617|2056|1405|423|483|695|2145|1379|1479|632|960|1083|937|357|963|438|1083|1072|1891|2001|678|1551|1930|1666|779|1416|553|1035|1161|816|1379|856|293|995|849|1454|1176|1340|2450|658|888|826|798|940|1023|62771|62990|64442
1165|0|206.03972|Unknown|832|1558|1509|1370|1290|641|1065|1890|797|3586|2995|1453|2061|2833|890|429|1072|1083|1592|653|2339|2190|1913|909|1877|2056|1405|2130|1378|1314|1350|915|1674|799|960|1083|937|1605|2163|739|1246|1626|1891|2001|635|1823|1861|1666|779|1416|1559|1035|2415|816|1735|856|1852|1248|849|1767|2175|2456|1414|658|1846|2305|1522|485|1424|62771|62990|64442
1166|0|206.04991|Unknown|2090|2603|1953|1260|1290|754|1868|1890|1028|3586|2995|1800|2458|2833|3310|895|1072|890|1592|1296|2339|2190|1913|2350|1877|2039|1635|2130|1378|1314|1309|915|1674|1661|1656|1108|2092|1605|2163|739|1202|1626|2287|1879|1730|1823|1861|866|1466|1697|1559|2308|2415|1050|1735|2073|1852|1248|1825|1767|2175|2456|1414|1210|1846|2305|1522|1554|1424|2103|1886|2271
1167|0|206.06633|Unknown|3131|1292|2279|1933|1209|1764|1835|2493|1748|2679|3023|2393|3891|2513|2586|1197|1153|353|2055|1418|1931|962|2413|2734|2350|1624|2290|1993|551|907|1552|2108|1480|1704|1784|1118|1583|1682|976|3788|4421|4524|1745|3018|2813|2270|1239|2711|1786|1398|2045|5228|4907|6423|2333|2582|1774|1600|2595|2203|3861|7034|3838|2467|2777|1875|650|531|883|2043|1796|2375
1172|0|206.16243|Unknown|47617|52306|51354|891698|878890|892654|435517|452853|468475|157706|171432|183336|444915|437426|445929|16994|17583|21549|516980|528602|527034|17177|19104|19496|618894|623576|708596|28769|32112|30790|365751|310278|282828|10644|12468|9631|26872|28785|29090|22894|24473|24333|482376|504373|503178|41637|41846|43449|477011|485264|477068|17831|17741|21519|728133|719105|738403|35077|37864|41666|437271|455765|475228|24255|21847|22802|687514|682154|705294|8848|9783|7465
1173|0|206.53702|Unknown|277|371|246|191|397|167|194|350|262|223|432|331|299|389|505|141|150|133|359|329|410|283|372|431|530|376|452|360|369|342|282|327|197|260|503|256|255|250|334|313|251|243|237|351|437|475|288|361|210|224|236|470|392|248|376|307|316|415|310|332|486|413|398|347|291|380|430|318|334|238|796|833
1180|0|207.00606|Unknown|15888|13206|16087|7726|17093|6693|10913|8367|9374|20161|23284|18337|9471|10239|12850|6292|7768|6776|11643|11628|12613|23790|24921|22593|29645|24618|25292|11093|9940|10519|5478|6549|5434|7091|7909|6483|10015|10966|10666|8840|9891|8154|14819|17772|13904|23704|24651|23861|12792|11298|10100|11672|9434|9959|12057|10196|13924|15842|14812|14574|69342|64338|73356|10828|8410|8802|13420|13695|14482|8844|11386|10594
1184|0|207.0808|Unknown|8342|9214|8313|5345|6410|8512|8441|8490|8083|12703|15052|14379|18577|17054|15750|3085|3819|3941|9714|11175|11140|9893|9488|9659|12480|11902|14264|7101|6859|8076|9379|4720|5313|7843|8347|7925|10057|11534|10016|6964|8218|8113|9473|10563|11919|6947|8753|9197|6658|6398|5239|13182|13651|13963|10627|6802|9245|6360|7658|7456|14434|15567|19488|10352|12042|9715|6117|5626|7218|19742|11138|17976
1185|0|207.08676|Unknown|8342|9214|8313|5345|6410|8512|8441|8490|8083|12703|15052|14379|18577|17054|15750|3085|3819|3941|9714|11175|11140|9893|9488|9659|12480|46043|14264|21215|6859|8076|9379|4748|5313|48556|8347|7925|10057|11534|10016|6964|8218|8113|9473|10563|11919|19521|8753|9197|6658|6749|6124|13182|13651|13963|10627|19921|9245|6360|7658|53043|14434|15567|19488|10352|12042|9715|6117|5626|7218|19742|16142|17976
1189|0|207.56114|Unknown|2049|2116|2683|3836|3990|3521|1692|1739|1342|325|382|418|7286|2750|5106|991|1235|906|5902|7649|7606|2012|2731|3276|1187|893|1339|451|440|455|3061|3208|2091|7878|6512|7801|3040|3854|3980|20840|19774|21070|1246|1710|1702|2464|2466|1807|324|610|490|3858|5066|5704|8974|6957|7934|3342|3054|4246|14608|19806|15024|320|199|327|1097|1077|1380|591|475|275
1211|0|209.02145|Unknown|59128|11689|10417|7729|5574|7652|58748|59648|54168|78746|80748|38910|63995|72728|65364|53289|55586|56019|167007|159127|156360|21016|29249|57295|93086|16342|96991|61727|11740|26669|63433|49898|15167|75848|79368|77242|77461|68865|77692|106008|104145|106646|39480|65628|75540|19712|19239|17932|14704|13181|11561|27750|25322|31811|80793|71432|68667|115159|108202|117848|161619|165940|173880|62677|68224|31134|43039|36869|40772|29488|25029|38893
1212|0|209.02979|Unknown|5165|11689|10417|7729|5574|7267|5215|5389|5313|2367|2789|38910|63995|72728|65364|53289|55586|56019|167007|159127|156360|21016|10440|10280|5722|16342|5659|7455|11740|5291|11625|11463|15167|75848|79368|77242|77461|68865|77692|106008|104145|106646|17616|15330|12134|19712|19239|17932|14704|13181|11561|27750|25322|31811|80793|71432|68667|115159|108202|117848|161619|165940|173880|8104|6987|9128|7008|6400|7600|29488|25029|3851
1213|0|209.04475|Unknown|75600|80571|80340|119488|124586|125045|96091|94608|93621|123320|122456|122320|76777|74836|85005|69361|72319|75862|109190|113828|104742|103551|107105|104252|110415|112326|111654|122768|128520|120551|86280|100398|111776|102995|108228|105224|115290|113844|122225|104320|108408|111450|119791|115172|111969|114405|114343|121895|90334|91534|91285|97157|99791|100392|135177|131094|128003|129827|118368|122538|118456|113408|113996|104899|98170|105673|120934|118842|124134|101855|112775|116642
1221|0|209.58458|Unknown|322|422|279|301|247|353|415|236|549|524|425|643|671|829|623|82|122|278|388|272|269|301|696|403|244|303|689|424|401|353|228|478|250|469|286|388|229|408|485|697|302|181|630|365|490|296|229|316|211|528|211|418|324|276|556|371|288|294|494|515|441|385|432|517|344|508|298|215|347|3752|2451|2361
1223|0|209.9332|Unknown|7432|825|3582|5175|1052|530|6797|3981|300|5231|450|9929|1290|324|1277|2712|3936|4052|3066|298|386|377|4873|5063|3385|2389|887|3442|3983|6055|12238|5807|349|7802|278|12536|4041|8976|8004|228|4989|6252|10329|8323|228|6347|201|6871|7353|2846|7341|236|9379|9236|283|246|8325|6187|199|2874|4290|834|4739|598|323|9216|4190|7502|5541|762|332|286
1225|0|210.03346|Unknown|7432|6667|8021|5953|5266|5911|7718|7579|6099|13936|12208|14620|10430|11411|11333|3764|2542|4445|13828|13425|15156|12900|12450|12042|11853|8837|9719|8620|1043|6917|12238|9837|9127|11471|10894|13176|10340|8976|9944|11812|6818|9583|11693|8323|11661|6414|7737|6754|7458|6917|8016|9704|10580|11539|7004|8699|8325|7020|9136|7680|10504|10777|11638|9041|8930|9216|6659|3660|6765|14065|12718|13485
1226|0|210.04315|Unknown|7432|6667|8021|5953|5266|5911|7718|7579|6099|13936|12208|14620|10430|11411|11333|3764|3936|4445|13828|13425|15156|12900|12450|12042|11853|8837|9719|8620|7935|6917|12238|9837|9127|11471|10894|13176|10340|8976|9944|11812|5725|7052|11693|8323|11661|6414|7737|6754|7458|6917|8016|9704|10580|11539|7004|8699|8325|7020|9136|7680|12958|12676|11638|9041|8930|9216|6659|7502|6765|14065|12718|13485
1229|0|210.08797|Unknown|3198|5294|4841|5309|4787|4173|3802|4098|4448|5550|5207|4997|6652|6776|5934|2562|2832|3546|4837|8220|7024|4944|5359|4374|3727|3751|2241|3310|4334|4313|4669|5379|5652|4061|4809|4205|4831|4009|5030|15499|15147|14740|3165|4020|3540|4407|3045|4486|5859|4256|3300|6622|6435|6091|7992|9378|8447|6071|7031|5631|8217|9186|9980|3606|4293|2265|3574|3485|3621|3424|3641|4559
1246|0|211.16971|no MS2: FA 13:1|20083|19121|19009|16496|20562|18734|11956|12738|15481|12901|13085|16676|23114|23647|23242|6191|7974|9457|15414|16273|16450|13038|13230|14762|17665|17278|16866|17086|21299|22765|22730|20350|16381|15407|16494|11848|15837|15450|15450|14709|13290|20484|19390|21496|17440|15482|16061|16314|16678|17051|18647|12955|11038|14502|23148|26331|25436|19993|18850|17342|15606|20941|20225|14307|14098|14651|19179|20711|18936|11989|10438|12417
1253|0|212.05902|Unknown|28971|29014|32041|39822|39791|40558|34512|37295|35593|14956|16522|15363|51604|48480|45953|17034|17085|19484|110047|103859|100380|47910|47917|45833|29236|27582|35956|16367|14516|17453|93914|78307|65343|114145|111909|109899|52411|50374|49077|87092|81828|88648|58319|67614|58504|33409|33725|29200|22180|19790|21987|67928|70059|66386|78416|79259|77975|57830|59954|58426|120356|125937|123204|12817|14672|12706|19758|18279|17195|82288|86333|85070
1264|0|213.00662|no MS2: LPA 2:0|66790|71346|74040|71043|8047|10963|58686|60634|55119|71260|65613|64764|116977|124439|114811|96467|115291|127619|132284|137631|140769|63381|65725|61941|81198|79528|88146|79907|74997|72547|69377|57757|48552|68375|71206|68372|61118|63873|63888|177615|187068|192066|84752|80686|78622|67791|71369|70681|66312|61139|58387|29088|28896|29166|110743|120804|128340|115619|122696|129672|113958|139181|153108|65620|62963|62538|68108|65140|63785|58583|53827|53651
1272|0|213.51323|Unknown|1314|752|779|191|252|218|393|270|276|288|312|529|407|414|504|117|244|166|449|354|242|509|439|253|556|222|501|298|355|252|538|270|162|327|173|239|222|280|252|277|551|247|382|361|311|522|256|410|263|280|158|306|210|186|483|292|343|331|294|314|535|481|429|332|252|347|200|258|310|1431|255|317
1280|0|214.03821|Unknown|6014|9066|6666|9729|8174|10817|15260|11196|8889|4156|5493|5331|24438|21051|18793|11785|12535|12819|65998|64889|61255|12729|14223|10553|7599|8592|10017|3974|6824|5868|205230|174151|156393|578089|562659|549554|203146|209699|209133|561359|537787|583816|19853|19009|18806|10918|12927|10863|20278|20307|17760|503849|525533|517361|164770|152398|149409|276388|278938|301764|603326|645383|652572|2681|2653|2406|4740|5254|5359|58964|55368|60452
1281|0|214.04784|Unknown|6963|9107|8862|9729|12468|10817|15260|11196|8889|2841|2452|4051|24438|21051|18793|7405|12535|8161|41886|64889|37279|7628|14223|9712|7444|8592|6196|2996|6824|5868|205230|174151|156393|578089|562659|549554|203146|209699|209133|561359|537787|583816|19853|19009|18806|13935|16051|20177|20278|20307|17760|503849|525533|517361|164770|152398|149409|276388|278938|301764|603326|645383|652572|1233|2315|2391|4740|7161|7348|58964|55368|60452
1282|0|214.06879|Unknown|14344|14870|14332|20931|22567|20452|7160|7004|8178|18603|19173|26940|13336|7147|6190|4764|7386|6484|8155|10487|8340|12574|13346|12737|5553|5932|5402|8452|7708|9470|9076|10274|10664|6654|7157|7415|16238|16490|14367|38226|37840|37866|14063|15286|13247|12125|12614|11738|9430|10540|10437|14371|21125|20592|26642|25893|26033|10811|8538|10524|13213|14942|15260|9858|10667|10710|13169|12612|16593|24581|24177|22962
1300|0|215.03218|Unknown|48216|47836|51094|48284|47089|51098|14569|19332|20760|12739|13204|14056|56077|52472|57975|30160|35328|34369|226959|220563|206164|60018|58017|56678|22042|16771|19796|16949|17181|12613|38213|33447|29364|144562|147569|139622|98043|98890|101798|383333|382441|409108|43580|41627|43413|51219|56654|55152|13188|9603|12975|49172|51433|47390|169455|154013|149244|96264|104712|104844|364022|369983|393423|33907|31082|28884|18400|19463|20395|90396|91514|91888
1302|0|215.06667|Unknown|33090|31560|28504|34406|33648|30055|14645|15963|17782|9952|14228|10494|28399|29885|35026|9831|9248|10905|58780|72213|64624|34475|30128|33443|14647|14124|15189|7259|7310|8684|43213|34391|32736|54659|49979|52694|44028|43178|40662|108303|82957|115546|33194|35334|31919|28558|30171|28512|25564|24791|25624|51609|49931|48783|75882|67295|65406|27926|32051|38485|102794|106003|120380|11126|9384|10231|15914|13643|16420|22682|18484|23758
1317|0|216.02721|Unknown|353|1218|893|1248|563|1219|1623|781|663|1372|1176|1172|1228|1479|1711|4017|1639|1856|9008|9710|7568|1597|954|1361|580|1153|1129|1600|414|503|1152|1410|860|10719|11644|8928|3161|2502|3998|25478|27834|26409|807|841|1039|2412|1673|2856|2537|2419|1989|935|1192|1466|5571|3511|5621|4820|5819|5820|34108|32704|34491|1314|716|742|783|638|1591|5429|5664|4313
1318|0|216.03529|Unknown|668|1218|953|1248|564|1219|604|781|663|1372|1176|523|1228|1479|1711|732|1639|1856|9008|9710|8203|1597|2373|1361|580|1153|1129|1600|414|1252|1152|1410|860|10719|11644|8928|3161|2502|3998|25478|27834|26409|807|841|1039|735|1673|2856|2537|2419|1989|935|1192|1466|5571|3511|5621|4820|5819|5820|34108|32704|34491|1314|716|742|783|638|1591|5429|5664|4313
1320|0|216.05055|Unknown|8400|8924|8476|7624|5815|6513|12555|12980|11073|22284|23214|25622|15182|15167|15575|5195|5236|7156|14234|14062|13609|11562|19937|11105|16392|15395|15274|5752|8072|6346|8915|6502|9318|8636|7168|8710|11174|11997|10337|7900|8091|8445|17558|14239|18074|11184|11177|12150|7195|8013|8410|17235|15193|14912|11948|9512|10300|9125|9104|8547|11178|13840|9364|11356|12404|9756|8549|8958|8915|9808|9249|11086
1322|0|216.08722|Unknown|8425|10790|9619|7320|6491|5892|8686|6060|7387|11690|10401|14674|18725|13138|15848|3855|4911|3640|10851|11178|10952|12515|11214|10820|12220|10849|3967|7879|8373|7032|9924|6887|6108|6933|6513|7444|10709|9653|10150|8473|10103|8406|10633|10147|9484|9758|10882|9411|7745|8570|7558|10129|9936|9764|9069|10113|7844|7441|8194|8996|8978|11072|8703|11479|9055|8104|6745|6918|7884|8573|8140|8808
1323|0|216.09843|Unknown|8425|10790|9619|7320|6491|5892|8686|6060|7387|11690|10401|14674|18725|13138|15848|3855|4911|3640|10851|11178|10952|12515|11214|10820|12220|10849|15327|7879|8373|7032|9924|6887|6108|7283|6513|7444|10709|9653|10150|8473|10103|8612|10633|10147|9484|9758|10882|9411|7745|8570|7558|10129|9936|9764|9069|10113|7844|7441|8194|8996|8978|11072|8481|11479|9055|8104|6745|6918|7884|10051|9352|11345
1329|0|216.61143|Unknown|2084|2539|2400|683|708|1509|1481|1600|1828|2841|2756|1401|2248|5274|3803|857|605|631|2245|1631|1742|2631|2474|2114|2294|2242|1814|910|1621|886|1977|1531|766|1611|1796|1585|868|1970|2480|1492|1246|2491|1078|2651|1886|812|604|989|2073|1213|1932|4183|3517|2107|1478|1186|1872|2484|1770|2136|2134|2886|2165|1226|1616|1586|811|849|744|1632|2248|1723
1335|0|216.91837|Unknown|9128|7946|8177|8868|8683|14948|4820|7030|5833|1448|2386|1910|30715|25333|27606|68822|76203|78872|85006|87007|81845|11540|11086|10298|7808|7216|7162|56110|56075|55617|3978|6696|5531|154248|139767|133350|58296|53850|60411|195432|188756|198121|7646|9744|10801|136916|136737|142445|134695|123225|127802|4646|6246|5132|113343|78267|102686|127344|139391|146213|225434|242693|247965|8686|6650|6885|57709|54215|58883|102153|99451|99151
1354|0|218.01215|Unknown|1280|1001|871|773|676|1087|973|977|618|1767|1792|1327|1310|753|1472|379|512|807|1427|1178|1424|850|692|1020|1209|1410|876|1164|476|318|12589|10524|8114|3766|2407|3066|1474|1051|981|996|902|1264|479|536|287|1702|1808|1670|1044|636|1007|998|1122|618|7076|6338|7293|7750|7118|7889|6003|7739|7086|442|648|721|430|964|779|9689|7827|11034
1355|0|218.03004|Unknown|18597|19737|27997|20827|14679|17846|13944|14543|17514|27218|27427|24872|40332|37950|39809|11947|13989|15654|21717|19420|21468|20592|22572|23983|18830|19994|26546|24784|21811|21077|21243|17702|14210|20407|18488|23187|24793|22142|24435|18058|14798|17779|18686|21595|19331|22961|25491|25740|24709|17866|21204|28968|24945|23417|21832|20479|21110|36099|30003|33129|28827|28456|31037|18545|16901|18498|21447|22373|25333|24402|25865|22993
1356|0|218.0367|Unknown|18597|19737|27997|20827|14679|17846|13944|14543|17514|27218|27427|24872|40332|37950|39809|11947|13989|15654|21717|19420|21468|20592|22572|23983|18830|19994|26546|24784|21811|21077|21243|17702|14210|20407|18488|23187|24793|22142|24435|18058|14798|17779|18686|21595|19331|22961|25491|25740|24709|17866|21204|28968|24945|23417|21832|20479|21110|36099|30003|33129|28827|28456|31037|18545|16901|18498|21447|22373|25333|24402|25865|22993
1357|0|218.05116|Unknown|2372|1932|1844|966|854|607|4346|816|464|1660|1156|1678|2011|2535|3733|576|771|717|1367|2575|1870|2235|2439|1680|731|700|1260|350|5428|951|971|544|314|612|1089|1376|3977|2689|3830|10456|12216|9936|2831|1791|2460|1074|1177|1273|377|1100|5699|1384|1130|1432|1414|619|1730|2393|2824|3078|6979|7851|7533|4480|4536|4032|1403|939|785|20698|29907|22791
1358|0|218.06622|Unknown|17553|2636|15311|6893|5781|7303|10916|10456|9422|25868|20214|25306|15852|16675|13898|3029|4194|4309|12435|10186|10652|11974|13755|13200|11154|12014|13747|6037|6766|7265|9455|7226|7477|13271|13843|12587|11325|10244|9214|4455|5022|7331|12298|13075|10041|9250|8740|7495|9094|7524|8159|12852|15188|13676|8391|8242|8016|8511|7656|8335|9087|10633|10316|10535|11531|12149|5513|6350|9883|23821|23491|24295
1360|0|218.10268|Unknown|2820|4831|5788|3236|4158|4704|1369|2388|2560|1321|1669|758|4233|3707|4506|1562|1733|1642|7058|11565|8112|3423|3438|4746|1008|1338|3080|1340|820|1230|8113|6362|6377|10256|10510|9419|7078|7238|7783|22978|26882|30310|2973|3565|2438|4418|3443|2843|886|1474|1865|35426|35681|36760|16832|15224|16040|11498|12083|13346|37733|36563|38809|1421|1433|1185|1663|1757|1903|11963|11136|11737
1361|0|218.11507|Unknown|645|946|454|816|624|796|886|780|873|1679|2382|2789|774|1450|711|287|760|1642|1383|1135|1552|1469|1356|1452|465|1338|3080|1340|1933|1230|1365|1277|2236|841|704|1097|1882|2100|1598|2232|1244|1693|938|751|1009|825|1040|1044|886|1474|744|884|1516|1157|2189|1064|989|1298|1210|1034|2159|2900|2051|1730|1433|1185|598|683|876|2504|3195|4313
1371|0|219.02373|Unknown|6184|8038|6368|5022|6368|6742|5258|8449|6440|12461|13865|12992|17261|10078|11578|6443|6148|5207|8179|6301|7087|7019|8032|9345|12949|14187|15234|7514|6582|5830|8367|5938|5136|4833|5278|4576|6856|6742|8729|4079|4331|3415|10565|7357|7007|10173|11745|8741|10672|9083|11142|9090|7688|7227|7539|7702|7463|13678|11026|14097|8385|13548|11282|7795|7086|7430|9615|10505|12896|7270|7466|6202
1372|0|219.03258|Unknown|6184|8038|6368|5022|6368|6742|5258|8449|6440|12461|13865|12992|17261|10078|11578|6443|6148|5207|8179|6301|7087|7019|8032|9345|12949|14187|15234|7514|6582|6475|8367|5938|5136|4833|5278|4576|6856|6742|8729|4079|4331|3415|10565|7357|7007|10173|11745|8741|10672|9083|11142|9090|7688|7227|7539|7702|7463|13678|11026|14097|8385|13548|11282|7795|7086|7430|9615|10505|12896|7270|7466|6202
1380|0|219.56345|Unknown|361|311|422|243|246|298|252|307|251|454|326|370|414|406|386|174|146|142|480|258|354|366|421|410|312|362|719|412|522|305|270|230|169|250|481|215|183|257|264|246|208|293|240|351|433|434|487|228|325|250|234|289|541|304|301|233|490|207|391|381|573|243|443|307|236|557|355|247|222|349|268|343
1385|0|220.04807|Unknown|2087|2589|1518|662|566|474|1044|1039|1124|3083|1263|2858|2462|1286|1776|698|949|516|1084|2190|1347|1472|1267|1323|1566|1653|1716|992|420|654|1735|1287|916|1704|1501|1807|1363|919|803|1805|2007|2367|2130|1322|2340|1406|1271|1408|1516|737|798|1370|875|1361|1011|1345|494|1478|1670|1232|1536|2535|2496|1800|1185|2511|478|1473|429|5721|3584|4344
1387|0|220.08203|Unknown|845|737|1406|658|411|655|832|2329|549|757|386|762|1606|2289|1225|518|464|372|446|679|792|1415|1472|806|563|2471|822|608|678|936|796|1085|741|1094|1219|1351|899|1131|1771|2345|2759|2473|719|959|837|712|968|1178|851|683|1883|2844|2817|2172|1418|1671|992|1315|2084|883|4795|5067|6599|1221|1175|702|461|272|512|1489|1972|1540
1390|0|220.14606|Unknown|61626|64857|64884|135998|139390|134086|81304|91208|89012|70349|76292|77352|43260|51278|50008|42315|45449|50594|106216|111220|108178|51662|50533|52903|88922|90968|97216|67622|65685|62313|92747|120068|120503|45085|50579|47978|55690|55925|58923|68394|69747|70274|100368|104002|107582|65807|68251|64273|88018|89673|92951|65325|66451|67599|136051|156328|164376|77959|76496|76886|90858|91906|95135|55432|49719|54019|121831|122295|121147|48237|46611|46240
1393|0|220.50421|Unknown|380|339|367|391|147|169|223|272|225|390|195|360|645|616|719|147|224|275|540|406|243|271|414|163|403|419|574|311|400|365|80633|66592|49400|1806|3382|3320|1126|758|765|2363|2052|1173|426|255|455|861|585|465|868|908|641|13942|18302|15969|897|746|713|1014|1809|1777|1426|1853|1384|202|264|232|406|180|270|732|451|441
1408|0|221.15413|Unknown|165386|164657|164899|462352|472510|483927|291010|300947|301266|141527|156560|158604|163822|165769|165746|59726|65102|69265|420190|432301|426612|151337|169078|165272|270032|267414|288772|91062|88756|91099|186186|164982|149948|77496|79242|77564|85239|82062|80544|72503|80567|82800|425849|463904|453624|206234|220799|229825|187001|184320|187385|76473|76472|80927|804818|787591|821648|137920|144995|150984|348914|374900|394805|123665|118835|120307|280390|285123|294476|71910|71483|75147
1411|0|221.80513|Unknown|268|448|603|233|574|334|666|378|289|702|471|885|453|1016|842|201|117|349|513|352|579|450|329|330|885|501|425|974|1478|326|494|652|389|967|778|419|483|188|557|473|1115|728|374|1208|372|413|938|545|994|1062|450|400|407|700|566|279|522|512|581|276|357|199|444|244|155|827|970|395|752|2311|3081|2849
1415|0|222.06313|Unknown|1768|1327|1646|838|784|772|906|1363|1835|1453|1886|1776|1835|1837|1848|946|340|601|2028|1920|1412|1746|968|1328|2207|1467|1542|784|1436|630|1019|888|384|1582|890|1025|1168|1556|610|1857|1660|1540|566|1208|936|1394|2037|857|1363|752|782|1060|1703|1135|1742|1113|1549|1193|1824|2363|931|2410|4343|427|1153|614|970|711|612|1336|1738|962
1416|0|222.07631|Unknown|13579|12759|10585|9296|11093|10991|8898|9497|7156|10814|15539|12105|3747|18126|20477|4422|4599|4855|12066|9895|10781|9930|10340|10370|11755|12567|12658|9690|9161|8734|11034|10343|7735|7231|9759|7822|11699|12881|11390|8805|7330|8269|13835|11856|11233|8309|11191|9373|7118|8861|8173|11535|12370|12526|8507|10279|9224|9207|8504|8637|8856|9970|11237|11761|11399|12974|11431|9350|11225|8424|9598|11057
1429|0|223.04538|Unknown|7518|6578|4824|7474|6975|3766|3470|4129|4808|3187|1987|1316|5491|3174|7192|2702|2896|4250|15618|12116|10467|8305|7605|8391|2682|2502|4235|1437|20768|1764|5510|4372|3825|6672|5594|4283|5806|9113|5425|15362|13597|16657|4568|4071|5865|5773|5530|6092|1659|1625|1294|8803|6108|6580|13193|11295|11705|5868|4087|6828|14612|18026|14155|3396|3526|3433|3884|4549|4434|23258|1416|17582
1431|0|223.08492|Unknown|1683|1142|1296|817|940|908|973|1245|1454|10964|13628|12896|1715|2664|2818|549|959|779|1197|1155|754|1489|1276|9633|2051|2127|2277|10487|8844|9835|5324|4594|13436|8016|7687|1355|8984|10586|2372|1458|1763|1516|898|1868|1216|2048|897|1301|924|1241|1720|1794|1357|1439|1399|1456|1434|1037|1717|1784|3095|4688|4446|9415|9557|12371|1215|1490|1339|1341|1903|1074
1442|0|224.02261|Unknown|79107|74476|73569|76029|76445|73144|78311|80139|76752|51791|55029|48861|93252|84899|89725|44922|45828|46249|134726|132897|133423|88099|85690|86142|107871|105121|116008|54854|54425|51941|105128|83487|71017|80564|73951|70212|60652|59113|57134|80101|75951|76221|111218|112502|111725|84349|90096|86465|119596|112350|108276|59025|55245|57609|112555|104020|102000|90175|90884|94713|131295|126394|133435|52800|49000|51521|69486|63636|65638|107563|101712|102803
1444|0|224.06718|Unknown|2536|2353|2173|2830|1783|1187|1776|2247|2748|4606|4847|4181|3378|3609|4031|1155|1098|1472|3016|3587|3499|2499|3564|2460|4388|3489|2786|4809|2962|3519|2033|1335|2097|2066|2541|1234|2376|2580|3370|2593|2090|1054|3704|2194|2483|4653|5515|5640|5851|7884|5864|2138|2119|3264|2084|1971|2159|2680|2755|2812|3183|3566|3765|3641|3314|2738|2405|6190|3261|43306|43503|46759
1455|0|225.02205|Unknown|1727|1381|1646|961|2864|942|1998|1883|2294|3056|1934|1455|2070|1711|1882|789|1301|955|2366|2146|2181|2996|1870|1771|2989|2802|2334|1617|3214|1424|2282|1548|1186|2282|1361|1527|1313|1841|984|912|1015|1298|2444|3547|2184|2097|2319|2236|1739|2159|2546|1727|1192|1128|3316|1856|1312|3085|1388|2336|2693|4890|2492|1638|631|1771|2036|1466|1165|1940|1646|2267
1457|0|225.05307|Unknown|7913|10250|8600|5002|5134|2840|8250|7873|6883|8981|8100|7848|10664|12738|10106|4913|4703|5273|15554|10479|15864|9472|10176|7808|4744|3443|8850|4804|6313|3842|5931|6448|4189|7400|7812|8079|7665|6631|8266|12945|13744|16445|5640|7360|6946|6694|7120|5582|3944|4108|2680|9387|10590|11052|11020|9490|7257|4353|6065|7824|12739|17244|17769|8442|7853|7763|4322|3031|4767|8083|7611|10266
1458|0|225.06105|Unknown|7913|10250|8600|5002|5134|5235|8250|7873|4998|8981|8100|7848|7513|12738|10106|4913|4703|5273|15554|10479|15864|9472|10176|7808|4744|3443|8850|4804|6313|3842|5931|6448|26456|7400|7812|8079|7665|6631|8266|12945|13744|16445|5640|5006|6946|6694|7120|5582|3944|4108|2680|9387|10590|11052|11020|9490|7257|4353|6065|7824|12739|17244|17769|8442|7853|7763|4322|3031|3174|8083|7611|10266
1460|0|225.08745|Unknown|22192|21335|19924|24788|26014|25991|9497|8932|7532|1772|1477|3158|19591|19191|16574|7883|7643|8031|48134|49425|54835|19087|19998|19603|5010|7347|4560|3070|3309|2617|25367|24530|22093|58160|55828|55506|34780|37793|30746|118140|114331|118405|14176|18353|20696|20039|19820|15935|3973|2659|3734|81590|66395|62664|68787|63724|66813|45853|52920|45715|120692|126685|126147|1807|2817|2778|9322|9362|10443|24616|23653|21826
1465|0|225.69412|Unknown|274|278|279|198|327|208|286|287|189|240|209|241|337|348|356|121|144|175|413|341|304|268|267|271|203|268|379|280|427|191|5476|4532|2216|6129|8953|6895|2262|2604|2941|6435|4745|7050|435|676|254|237|252|468|328|187|251|24476|20762|17484|1169|1479|972|4577|3174|3693|3987|5987|5164|180|189|230|364|258|182|283|361|249
1486|0|227.03365|no MS2: LPA 3:0|31984|26658|26858|8190|8584|7165|23627|24010|22307|32646|33134|32914|28339|28930|28825|11259|13886|12242|42161|34835|39854|26009|32109|28374|27999|21667|18056|13399|14106|14636|22954|17709|13034|24130|23312|25226|19713|19899|20745|14741|15832|14411|23446|22402|23308|15047|12639|13082|13112|12728|12348|18462|22029|18451|14339|14488|16799|21224|26318|26067|29806|28400|33199|30237|23067|30146|8628|7607|9052|32188|28789|31432
1493|0|227.16478|Unknown|80194|79462|84118|64007|64492|68260|39406|42990|46185|45462|49907|47915|80326|73728|73657|20322|25852|24214|52177|55325|54486|50602|55102|50123|55908|53865|58802|53115|52739|60324|73963|58227|48221|50751|42989|41117|60352|58427|61652|46686|49873|47452|59718|55809|60935|50608|50614|56240|44908|47059|44964|36124|34719|36644|70353|72809|74293|52745|60481|54467|54008|62895|65435|59786|56179|56534|57623|53551|63300|41982|40107|46410
1496|0|227.58653|Unknown|413|358|344|396|193|220|521|380|367|330|446|328|387|256|1056|138|176|157|871|614|873|358|554|469|336|329|477|270|236|213|280|312|391|517|576|354|399|373|162|2032|1762|2882|229|317|904|293|393|208|193|271|264|304|795|233|332|1006|1029|602|378|206|1362|1755|971|295|261|189|239|412|200|270|490|320
1501|0|228.05096|Unknown|984|1520|2312|1058|664|1044|1697|1883|1426|4488|4269|3014|3989|2791|2124|1399|988|975|3379|2049|3313|1637|4013|2188|1754|1502|2831|2492|1528|2101|1432|1671|2158|1563|1470|2325|2520|1793|1804|2510|2709|2880|2256|1988|2736|2402|2830|2155|1732|1187|1994|3172|2908|3379|2164|2877|2090|2612|2315|1458|3104|4656|3039|2861|3840|2230|1044|1287|1316|1854|4165|4364
1505|0|228.0984|Unknown|17630|18501|20441|17433|18652|19064|13835|11890|12863|16218|15591|16443|21792|20772|17983|9003|8156|9402|24952|27702|26166|15343|14394|14772|20758|18831|16199|10195|10051|10634|14128|11495|9693|17866|15782|15489|15685|16855|18293|50941|48969|49438|14487|17632|17963|16475|16632|14688|11806|13053|10578|22511|20817|18857|32946|25651|24273|18207|15356|21116|43312|45418|51810|12612|11545|10484|16416|13537|16336|11159|8727|10561
1510|0|228.55051|Unknown|230|442|238|280|310|301|182|351|276|271|390|187|419|478|308|137|209|181|305|220|311|277|293|353|222|232|337|251|165|175|192|376|447|257|167|311|169|203|214|187|253|211|197|423|340|285|350|331|165|176|234|192|239|493|377|270|327|319|247|291|345|328|864|229|245|287|404|164|199|849|242|440
1521|0|229.01952|Unknown|11155|10006|8930|7293|10491|9326|10424|7928|13997|17287|15408|18648|16194|14692|14501|11089|10124|9986|22200|18547|17583|13438|12479|12184|18244|18610|28279|10384|11193|7777|129309|109014|88441|210585|208176|12252|84793|82313|88085|32796|31149|31686|11323|11262|13660|19359|17187|19430|16681|15363|18108|586443|564149|538449|107709|101496|100940|268918|273677|295118|45347|48197|46254|12132|11578|10250|18107|13604|17597|18311|14086|12851
1525|0|229.08257|Unknown|44503|54244|58516|54290|55048|55663|28946|32801|33488|35928|42080|44907|72409|79731|72641|15945|19272|21419|41417|44474|42444|33301|34708|34551|36580|35230|50078|27238|28265|28812|34074|29777|25439|41303|37613|36986|51046|46798|45949|74748|69150|82111|45613|47781|46770|35679|35624|35560|22790|24221|24704|48467|52179|53698|75033|71428|71083|32965|33578|35916|66273|69663|83380|42643|41429|42883|44204|44652|44258|33603|32934|33352
1529|0|229.1552|Unknown|29458|24584|28979|32427|33178|32528|10280|15510|9377|748|1052|894|22687|22185|25254|7223|8408|10904|56664|53251|61286|20720|19947|23094|7457|6866|20122|3743|3706|3211|2464|2962|3555|23802|31272|27272|25365|23712|23871|80831|81872|87548|20272|18012|23742|34083|24179|22608|2566|5581|4915|17595|18736|20767|53664|50191|50362|17583|16703|16264|73018|69193|81265|10598|1529|1241|12287|10798|21184|66140|64139|68455
1540|0|229.57617|Unknown|281|486|677|359|301|214|310|316|236|367|287|183|539|476|615|143|168|180|644|285|358|512|342|273|695|259|459|275|278|258|323|248|441|288|595|520|242|442|269|603|732|464|233|532|315|266|370|589|233|279|298|270|572|292|344|291|648|412|210|856|499|820|649|269|307|204|285|181|264|368|695|292
1546|0|230.01479|Unknown|396|690|604|674|411|1191|375|599|306|513|183|582|825|433|643|3038|3044|3868|18622|17782|13799|393|250|307|340|293|527|472|314|755|966|1078|879|5781|8059|8706|5225|3919|5816|28232|25130|27288|404|658|393|429|962|762|340|601|304|15688|15024|15435|4549|3373|3203|13307|16274|17083|62488|58261|66161|517|271|346|370|345|414|610|1450|916
1551|0|230.0903|Unknown|4518|5095|4629|4908|3751|4637|2676|2312|2831|3538|2447|1094|5718|7934|6136|1654|1766|1811|7743|4391|7644|2673|3995|2354|2605|3938|2219|882|3466|728|4075|2891|2944|7261|4912|5891|6396|7420|7548|17667|18155|21209|5598|5066|5466|2891|3152|2325|1318|1490|1826|4823|7349|5423|11936|7951|11215|6418|5568|5271|11779|16982|14236|1704|2399|2527|3543|4012|3183|2051|4165|1975
1552|0|230.11417|Unknown|7005|6649|5074|2821|4314|4015|2867|4416|5295|8904|8051|8202|8712|8050|6836|1320|2359|2058|5552|4665|6401|6880|5336|7079|6395|7274|5512|4377|3043|4814|4176|2632|3711|3718|4390|4055|6100|5062|5991|9962|7060|8337|6913|5978|5663|4891|4614|3534|3284|2968|2940|5876|5543|6774|4412|4517|6958|5584|4783|4426|7792|7771|7669|5544|4700|5784|4750|3652|3540|4394|4023|5069
1556|0|230.52928|Unknown|282|448|365|228|180|281|918|257|272|479|239|215|900|337|441|128|162|169|180|401|336|310|294|199|360|386|1066|269|827|399|373803|324311|302341|24053|23718|21286|12870|14411|14920|7569|6712|7293|244|383|289|239|393|310|366|303|328|136747|136111|135866|377|677|288|2571|1653|2323|1388|1085|465|332|229|220|302|297|426|279|260|227
1558|0|230.69138|Unknown|489|335|380|533|187|262|304|225|510|248|281|427|317|260|286|1242|115|949|1503|1923|1583|219|291|180|272|307|303|273|279|429|120422|84588|61726|1200|1395|1846|1987|1102|1686|2195|1832|1667|334|823|465|390|238|415|171|432|263|972|285|408|956|1051|242|251|518|394|410|506|261|942|370|2094|1802|160|261|248|10126|239
1565|0|230.9991|Unknown|397|305|632|784|625|283|279|8167|423|501|633|923|22759|20671|19966|29036|31293|32210|47344|40886|43984|479|393|991|506|492|617|2722|3665|2366|764|564|760|33958|33478|32568|27069|26808|25618|42067|41334|40699|2024|364|540|4933|4709|3379|7758|7661|8577|560|277|444|21157|21246|23459|36342|40512|38014|61954|63862|53067|361|436|447|4310|3006|4276|6093|4548|5437
1583|0|232.16731|Unknown|2350|2816|1307|10077|11078|12290|6413|7471|6480|7047|8222|10022|1944|2319|3063|9273|11104|9912|8822|8628|7243|7112|8432|6540|6028|6503|6372|18599|13642|16516|9901|16735|17627|10860|10223|9515|13210|9196|9910|9009|11993|11295|5608|7233|7095|9005|8459|9541|11929|13144|11502|9227|13950|12635|14514|12370|14189|21471|17033|14671|10441|8210|10025|7514|6246|6884|10525|10999|11362|11329|15162|13414
1598|0|233.15411|Unknown|756860|760256|759066|653063|650273|660473|559509|577880|581747|467875|511396|515582|697263|704062|677899|294165|309005|328475|638459|654728|657621|476425|470429|495683|645754|638371|719059|1046989|1020135|1046808|675712|575290|509964|473425|465098|474430|1124701|1149068|1135454|426834|433169|457841|747322|774415|764223|1190048|1254245|1203589|474354|483464|484304|617111|644034|637248|722883|703909|713683|1952609|2051346|2121014|648784|677771|699485|520562|509687|517409|564835|562375|596157|549580|554636|555607
1603|0|234.04053|Unknown|1075|1125|762|1643|899|694|428|665|1649|739|737|1410|1829|1620|1238|335|464|590|1254|1876|606|1847|806|572|1700|1494|1204|649|1145|821|337|1050|400|710|626|844|633|1150|1355|612|412|317|781|876|1170|579|1514|772|1627|1446|1252|846|901|1130|1258|465|824|1191|969|683|800|1039|800|1013|675|984|1222|487|796|1495|898|333
1604|0|234.04669|Unknown|1075|1125|762|1643|899|694|1001|634|1649|739|737|1410|1829|1620|1431|335|464|590|718|1876|999|1847|806|572|1700|1494|1204|800|1145|821|354|1050|282|710|626|844|633|1150|1355|612|412|317|781|876|1170|1144|1514|1371|1627|1446|1252|1066|901|1130|1258|465|1037|1191|969|683|800|1039|800|1013|675|984|1222|487|796|1329|898|333
1606|0|234.07419|Unknown|4608|3854|4692|2973|2909|2715|3940|2990|4302|5131|4981|6104|4104|3914|2943|1642|1997|1341|7680|4907|3667|6249|3749|3734|3996|5205|4754|1558|2138|2405|3892|2601|2915|5157|5893|5586|4823|4184|3908|10743|11635|10708|3634|4535|4592|6095|3439|5112|1579|1636|1678|6118|7812|5027|5309|4650|5826|4849|4234|4921|9114|9322|12294|2942|3003|2375|3052|2754|2424|2847|2566|1778
1613|0|234.55042|Unknown|458|238|439|205|352|232|205|174|317|356|395|295|304|332|311|306|131|141|349|275|311|290|239|266|265|398|388|169|349|214|208|388|284|302|207|220|310|372|512|2772|1984|911|310|621|366|292|285|258|198|204|217|216|192|342|262|452|307|256|253|357|228|339|343|397|234|280|329|367|203|250|285|447
1626|0|235.07216|Unknown|28806|28423|29711|12775|13424|12843|25020|27170|24943|43340|42699|41759|35611|33396|38517|12427|13620|14596|33144|36691|34233|33476|2822|1872|35090|30930|32213|24336|23608|980|1692|22416|21749|25379|23536|19071|25692|21137|24546|15828|12964|15216|1542|27205|2016|30698|26085|1452|24558|26296|24219|35017|37644|35125|27162|20296|19711|26234|31251|30526|27574|29375|33272|26285|26070|22074|19594|15732|19681|25685|24875|22048
1633|0|235.16988|Unknown|163843|166261|168507|123532|126418|126633|70614|71081|68136|47648|55397|52246|141290|142997|139007|61050|66169|69607|71032|70631|74831|73633|78068|75450|81707|79262|92110|98860|96684|100290|76066|67878|58248|61059|58647|55051|90753|87764|89601|93811|97119|102559|76054|73138|75861|109639|119235|118042|66396|63607|67497|56932|65066|62226|124593|122369|125054|122136|125449|123901|81045|89121|85070|76675|70165|71400|114795|109056|112590|55052|53281|57597
1634|0|235.55829|Unknown|253|304|310|270|295|308|228|398|185|244|434|250|389|290|582|144|156|208|290|321|507|324|254|304|260|275|296|174|234|203|391|294|186|237|485|155|298|329|325|258|166|330|395|328|263|210|217|243|224|243|338|271|393|261|382|573|212|346|404|338|968|346|325|243|275|176|137|194|195|7549|5508|7386
1640|0|236.05614|Unknown|1869|2749|1519|1209|878|1069|1093|1978|1884|3189|3332|3322|2854|2799|2673|713|680|897|1510|1426|1104|2656|1624|1742|1682|2045|1695|2000|2313|1041|1820|1328|1103|1584|1449|1358|2282|3040|2422|1092|1598|1226|1799|3150|2148|2429|1960|1814|1246|1386|1279|2961|2297|2145|1163|725|1927|1400|1063|666|2302|1622|2597|1729|1815|2001|2010|1763|2026|2924|2740|2928
1641|0|236.07713|Unknown|2439|1601|1490|1318|1434|1706|1444|1038|882|1017|1299|679|1779|3186|1667|1028|1161|1095|5674|1942|4953|1387|2158|1505|1661|1943|3581|1402|1297|742|862|1487|881|1207|2036|1858|1916|2208|1407|4195|4616|5218|2008|1077|1281|1860|3664|2614|1309|1270|1001|1858|2758|2708|2543|2735|3447|2597|3345|2134|5040|5337|6636|679|611|721|1499|1692|2011|3115|3700|3954
1643|0|236.09969|Unknown|21926|20930|24126|22070|27069|23066|9147|8327|7492|9576|12034|10702|21315|21292|15859|6913|7836|8859|29865|26569|33803|19265|15665|18891|8802|8667|11453|6890|7990|9624|15732|12221|10261|22252|23185|23305|18094|24402|19146|75904|74283|80920|12570|15918|11688|15971|14898|17065|7706|7230|5751|28569|34832|32397|49260|38339|37030|22329|20581|19749|58188|56394|54500|15895|11356|13622|12086|11327|10409|7431|9088|8767
1649|0|236.58792|Unknown|4577|4287|4384|5755|4926|5342|1419|1606|1436|387|508|370|7341|8010|6905|3079|3139|3697|16995|18170|20691|2647|3509|3212|2069|1332|1727|916|931|197|5373|3952|5250|16956|14112|16503|10595|10056|14301|38572|40840|41280|3978|5194|3597|4838|4368|5015|1005|1535|1504|9167|8302|8727|17250|15758|11827|12516|10338|10481|32817|32171|45258|617|401|293|2470|4767|2757|3010|1638|3108
1656|0|237.03505|Unknown|394578|399375|405017|328681|334440|322769|320600|331237|321489|471088|476232|485934|497721|507111|487863|225188|243286|250327|436151|417802|411197|456922|442166|439430|564545|542271|581741|336974|316446|331124|335995|281966|247212|264632|261846|244432|347220|334520|339391|275232|274585|289832|388821|392033|387471|529871|541072|550330|466552|453634|433211|348739|334530|331324|421742|378234|368768|557219|566815|609159|587516|605781|628686|318646|312431|325023|391139|382193|399524|329109|337503|338742
1657|0|237.05305|Unknown|1962|7888|7088|1567|3568|2575|4935|3844|4647|7142|5635|7276|6904|7281|5273|2820|2633|1887|9880|10435|8336|6773|7038|5537|7501|6489|7430|6171|7087|1085|8393|5699|3513|6143|4807|4716|5679|4716|4833|5002|4987|5562|5508|6046|6548|5640|6931|8827|6071|3572|5719|7872|4710|5364|6261|4824|5458|6997|6775|10482|9756|8274|11444|6326|6892|6005|3740|3690|3472|19505|16764|18487
1658|0|237.06108|Unknown|12736|7888|7088|6129|3568|2575|4935|3844|4647|7142|5635|7276|6904|7281|5273|2820|2633|1887|9880|10435|8336|6773|7038|5537|7501|6489|7430|6171|7087|22769|8393|5699|3513|6143|4807|4716|5679|4716|4833|5002|4987|5562|5508|6046|6548|5640|6931|8827|6071|3572|5719|7872|4710|5364|6261|4824|5458|6997|6775|10482|9756|8274|11444|6326|6892|6005|3740|3690|3472|19505|16764|18487
1670|0|238.03845|Unknown|25247|22484|22526|20274|19321|19062|16469|19961|19958|21378|26722|20425|31633|32210|30182|13766|13233|13913|40007|36181|38088|27837|30948|26682|41977|35316|39694|17279|16387|17490|27728|24903|16712|18187|17154|19101|20355|18902|20191|19751|16025|19310|28191|28599|25385|31161|32782|34216|36127|34924|33170|18939|18655|17714|29869|27077|24600|39628|31254|37070|40668|43425|45331|17277|16639|17169|22086|19835|23020|26506|28162|29576
1675|0|238.15695|Unknown|4180|7819|7282|206625|215995|208957|110879|114932|115923|78240|87893|90213|28076|26154|34986|7607|10757|11530|152323|157797|160128|8003|10013|8959|139083|146196|142573|16246|16816|13868|113354|132917|135627|7282|8078|8654|14049|14848|14892|8625|11464|11751|138209|141090|145571|14552|18306|13643|149320|161027|152488|12123|14398|13907|185203|200531|203132|21786|22271|18603|127861|126041|130543|14146|14157|15700|180344|170427|183807|7839|6802|9515
1677|0|238.89043|Unknown|10603|11300|10268|8786|9629|8469|2587|3691|3386|3477|3112|3515|20443|19255|19383|34632|39816|40820|37794|36079|42035|8618|6696|8001|3205|4750|2061|35792|30250|28626|1737|2963|3035|42425|39593|37580|35219|37391|35715|73003|68913|72983|4152|5449|4747|63385|64849|66312|37356|37355|35072|3580|4254|5100|54568|59359|60534|52864|51991|61226|62236|71779|74916|4427|4505|4899|32331|35814|34332|53333|47678|52987
1678|0|238.90051|Unknown|10603|11087|10268|8786|9629|8469|2587|3691|3386|3477|3112|3515|20443|19255|19383|34632|39816|40820|37794|36079|42035|8618|6696|8001|2808|4750|2340|35792|30250|28626|2781|2963|3035|42425|39593|37580|35219|37391|35715|73003|68913|72983|4152|5449|4747|63385|64849|66312|37356|37355|35072|3580|4254|5100|54568|59359|60534|52864|51991|61226|62236|71779|74916|916|4505|4899|32331|35814|34332|53333|47678|52987
1690|0|240.02765|Unknown|231|737|1043|690|494|488|408|1079|458|796|1206|744|773|1164|930|507|443|498|1035|720|421|544|974|792|939|522|935|698|866|380|379|608|922|177|547|1631|374|465|550|348|365|461|724|1372|298|780|358|581|991|536|698|611|457|360|735|388|671|600|1028|667|866|874|685|659|748|580|923|864|1204|494|432|697
1694|0|240.20438|Unknown|15818|15884|15211|9054|9427|7515|15460|13843|16067|5609|6395|6735|13016|13221|15888|5339|5793|6043|10483|7628|10600|7691|8376|9216|12307|10225|12218|17540|18935|20287|24095|19303|15323|15346|10847|12789|8799|8605|8126|7892|6924|8142|6369|9865|6250|7986|10777|12263|10905|10930|11282|5012|5571|5891|21005|21570|21308|16343|17145|15362|11465|15635|14953|13307|10648|11852|11105|11667|10854|6661|6271|7904
1700|0|241.01106|Unknown|11221|10552|10602|14481|14292|13271|9748|9571|7357|23302|22130|20768|12277|13804|13786|10383|12706|11725|6792|12237|12179|13588|14747|14043|25499|27294|29044|7585|7929|6240|7189|5534|5719|25188|26892|21714|9729|9789|8998|28605|24723|27988|12072|14058|13225|26787|25551|27386|20680|20864|21099|19282|18242|20120|18296|15791|18337|28096|25201|27618|26966|26163|31137|9180|10451|9658|22462|20648|23496|9832|8937|9254
1710|0|241.18013|Unknown|71621|55909|50870|51236|59233|46807|51454|55608|46091|57113|54384|75654|75249|65822|62603|12353|14814|16566|69091|48488|57676|45818|55831|46274|74536|64972|82687|45968|41547|39472|80201|45446|50598|31397|35017|30360|36292|40350|37797|17594|34719|31098|72887|54282|79413|49858|40727|59493|40501|42616|57502|33714|29289|36215|54546|53742|55319|47589|46871|49104|52692|53160|78677|43743|35031|37898|43425|52903|49216|40738|39280|30610
1719|0|242.06648|Unknown|5577|5897|7271|3233|2199|3312|5476|5603|5185|7082|6523|7848|10368|9615|11009|2370|1701|2875|9190|9430|10626|7029|6003|4913|4429|3388|6295|5925|5026|3492|5569|4796|4063|6284|6280|5073|8678|8387|8177|7750|4904|7432|8340|5999|4741|4440|4498|4278|2043|3898|2653|7311|7350|8801|5282|3427|6013|6396|5931|5186|8939|9981|9221|6194|7437|7512|2881|2669|3672|12225|13291|12151
1722|0|242.11421|Unknown|14447|11854|12480|9357|11157|8937|10074|11249|11772|14347|14014|13188|15727|15339|16808|4187|5501|4310|10198|9528|9866|9644|11709|10504|16626|11066|13998|7399|6303|8260|10429|8279|8811|9543|5497|4360|10530|11712|10409|12527|12180|11638|11107|10635|11841|8263|9173|7003|6968|9317|9688|14473|11846|13710|13751|9093|8715|7709|9089|10181|11892|11268|13035|10641|10921|9677|8324|9260|9594|13717|15709|13725
1723|0|242.12238|Unknown|5193|2886|3024|806|993|1802|2083|676|1247|4009|450|7328|3384|3281|3147|224|871|333|2779|3188|2754|1582|3076|2156|1504|4382|1497|2300|685|988|2141|575|659|2526|2346|2531|2340|3177|2491|12875|12180|11302|3429|873|6198|1120|1509|1392|2088|700|717|1724|1889|2077|3059|4546|2617|2681|1035|1409|5020|6733|6508|1334|802|739|1497|1659|1336|12200|15709|13725
1761|0|244.16626|Unknown|4824|5505|5446|1496|1879|2162|797|1704|3946|2021|1895|1810|4982|4590|2710|654|916|528|3047|2742|2693|2110|2168|2743|1513|1535|2354|3466|3149|3464|4473|3771|2100|2059|904|2392|2875|4371|2554|3002|4020|4263|1510|3882|2113|2233|3360|2109|1818|2204|1376|2187|1452|2418|4127|3196|3295|2350|2370|3273|3241|3098|1819|2733|2589|3075|1971|949|1485|670|787|2621
1763|0|244.5531|Unknown|754|320|306|197|357|414|404|331|378|296|198|501|429|608|589|166|192|173|474|440|357|259|224|339|423|320|171|203|160|381|378|279|167|216|283|419|282|277|232|251|321|370|226|472|365|313|162|225|184|229|297|331|203|304|188|277|214|296|220|268|275|492|493|307|175|433|293|144|334|297|365|293
1789|0|247.01245|Unknown|9800|9862|8355|6672|6265|5939|4808|5962|4270|10468|7331|4527|47910|47014|46604|55170|54588|54781|82373|79635|73984|15294|15754|15979|14693|13441|15428|60264|60169|54833|21897|15009|14224|76196|74283|71706|45321|44156|41631|53606|54100|57125|19978|18708|21912|94187|95983|95707|97345|87230|85192|12804|13114|11527|74060|66465|59778|94549|90922|100138|108201|107287|110538|5556|4158|4898|31470|32932|32792|54483|52850|53968
1790|0|247.02209|Unknown|9800|9862|8355|6672|6265|5939|5415|4824|5666|4712|4745|4527|47910|47014|46604|55170|54588|54781|82373|79635|73984|15294|15754|15979|14693|13441|15428|60264|60169|54833|21897|15009|14224|76196|74283|71706|45321|44156|41631|53606|54100|57125|19978|18708|21912|94187|95983|95707|97345|87230|85192|12804|13114|11527|74060|66465|59778|94549|90922|100138|108201|107287|110538|3626|3820|4898|31470|32932|32792|54483|52850|53968
1802|0|248.02502|Unknown|734|267|574|547|436|271|411|253|459|750|688|620|629|1462|656|471|827|679|559|580|1252|367|788|593|968|826|1208|1099|810|351|908|427|217|710|968|522|781|423|609|774|528|388|263|605|218|739|599|1245|1454|422|967|373|352|743|720|325|597|1664|1906|1195|1741|1624|2722|494|451|532|821|790|1097|625|386|460
1805|0|248.07956|Unknown|195741|196860|185608|71390|76099|71478|102962|108817|103517|154320|155802|149608|108152|107686|101934|43997|41914|47124|156511|141022|145904|146717|141399|136782|110121|111090|120391|63668|59314|59347|65987|53774|51733|72751|63210|65701|78566|84397|87690|71691|70753|76519|212114|214838|217431|225429|226969|222586|61437|66102|58953|50019|48599|52378|94692|83358|83727|108915|100588|106408|174040|171318|179931|96310|87761|94199|72200|69616|73718|80213|84762|79407
1810|0|248.58107|Unknown|43573|37750|44148|10304|11296|10990|21231|22497|19670|31938|31788|31506|20512|15783|15358|7910|6806|6642|32456|25808|24959|26828|27677|30645|21979|16291|22551|8242|7328|7578|8321|5640|5921|9730|11155|7600|13203|11392|12357|11294|14831|8254|50530|45550|49424|46272|53587|51401|8822|10070|8455|6498|6842|5971|16014|15075|12478|15579|15734|16580|33614|44093|32679|17648|14851|13711|11267|11809|11548|10263|11623|11493
1821|0|249.03769|Unknown|55174|57325|57094|41077|42236|40005|45236|44484|44611|61388|68008|74438|73184|65654|72032|28004|29204|29365|58955|57620|56244|59851|61758|61725|75537|74020|78273|52018|45514|48085|59248|42163|34488|38545|37824|34115|53743|52705|46983|45454|38992|45833|50407|55448|52268|72364|76773|71564|56928|60321|54868|51072|48391|48140|52108|45531|44487|71893|75774|78450|72983|76311|82147|41759|43656|39568|52437|53763|52670|62467|60365|57488
1844|0|250.11606|Unknown|7891|7875|6657|4733|5286|4052|4195|7413|5524|7336|8127|6523|10815|13399|9709|1739|2575|2697|8649|6364|5537|8230|7704|9705|5580|5820|6571|5045|5412|3870|6860|4062|4084|4417|4401|4433|5820|7325|6487|4145|5274|3715|6946|6852|5637|3627|4633|5597|4631|4482|3771|5716|5392|5737|6877|6781|6380|4038|4600|6478|6472|4964|7702|7002|8710|7401|5545|3822|4439|9723|10237|9759
1845|0|250.12416|Unknown|18867|16041|6657|3983|5286|2799|4195|7120|5524|7336|8127|6523|4861|13399|9709|1739|7977|7102|8649|6364|5336|9181|5776|9705|5580|6573|9551|5045|5412|4947|6860|4062|4084|4417|4401|4433|5820|7325|4001|2138|5274|3122|6946|6852|2198|5687|6084|5597|4631|4482|3771|5195|4370|3271|6877|6684|6987|5631|6944|8545|5067|6497|7702|7002|4371|7401|4397|4241|4439|9723|10237|9759
1859|0|251.00496|Unknown|6180|7492|6780|5964|5950|4881|308|374|340|3190|5164|2496|3193|2216|3123|3306|4142|3779|4975|5488|1936|7885|572|3248|2082|6398|6606|365|3829|1318|2926|2667|4568|3842|888|254|3308|5377|3862|4357|5448|2624|4212|465|4100|9820|7220|10368|1412|430|1763|5829|4574|5205|6258|4666|2136|7744|5895|8100|6587|2235|8689|4516|6507|3398|7005|7352|6420|850|3999|3979
1862|0|251.05063|Unknown|414374|412440|412212|308201|303533|303016|315420|316671|302565|437768|433935|455769|488754|481635|481842|184151|196917|201289|409664|409135|397801|428406|429436|431378|505507|491512|523225|347784|320219|320855|342793|297533|243515|264001|259973|247995|329199|335490|341733|248132|246095|264578|347916|363391|356304|470847|507349|485870|400684|389632|378719|330772|319937|315152|349588|323769|322471|511518|516670|555085|511955|529928|554032|317603|298277|300942|357967|357664|355620|315684|320325|318888
1865|0|251.10327|Unknown|5741|5632|5635|5858|5278|4873|1583|3173|2306|4136|3567|1099|2243|3772|1996|1161|1251|1923|9150|7622|6733|4205|3564|4880|1933|4718|2380|2808|1659|814|1096|2838|746|2987|3852|2699|2745|2322|4424|12751|10475|11391|3264|1519|5285|791|5098|1785|2596|723|1648|4879|3338|3495|7596|4674|5168|3633|3884|3387|9225|11192|16617|3529|2581|11059|1192|2767|2229|13173|12088|10784
1870|0|251.56955|Unknown|217|227|253|194|352|210|209|206|495|325|382|533|315|308|275|133|138|131|309|260|260|237|344|260|245|236|518|265|189|248|315|198|145|391|310|222|208|233|260|139|405|338|300|219|323|205|354|273|258|182|228|188|394|317|217|439|296|285|295|537|671|353|451|193|274|266|195|256|277|880|1582|1275
1876|0|252.08759|Unknown|6530|6992|6098|2190|2043|3147|2624|2927|3860|4919|6418|7011|5114|5603|3150|2091|1585|1762|4203|3350|4436|2713|3585|3719|2938|4924|3306|3742|3787|4637|2899|3884|3045|2804|3584|2541|4683|3664|4503|4091|3684|4541|4574|4736|2416|3342|3263|2577|2466|1989|2929|4968|4635|4139|4014|4522|3568|4067|3361|4136|5386|5302|5981|3395|3472|4412|2674|3857|4396|5566|4907|4746
1877|0|252.10155|Unknown|1205|678|815|2101|2474|3147|727|2927|1155|712|1741|1089|1149|1284|1017|320|801|1762|1262|1347|4436|2499|1232|1066|2467|4924|3306|1254|1495|2573|3019|3884|3045|2648|3584|2541|1466|2248|2107|4091|3684|4541|1911|4736|504|3342|1685|2577|2149|641|2929|1359|1521|4139|4014|4522|1619|1052|1256|1468|562|5302|5981|1168|1831|1069|1789|3857|4396|3506|4052|4311
1882|0|252.20459|Unknown|1886|784|1820|627|811|582|2506|2569|757|290|223|2379|2212|1220|755|422|818|616|987|877|379|1138|587|1019|325|393|476|1871|1115|1314|2248|1387|1865|684|1188|1376|637|663|1134|1101|1465|1546|1197|82623|1007|558|929|760|2812|1029|1129|242|1563|869|1263|1284|1195|1423|1727|1701|725|707|650|629|1211|253|595|945|795|209|660|663
1895|0|253.09554|Unknown|4888|5184|3666|2213|2284|4168|3633|4255|2501|3823|4624|6033|4102|6575|7429|1266|2653|1097|3999|4552|2286|3997|3936|5016|3281|2836|7737|2314|2705|2587|2701|2558|1428|2322|2381|2124|2280|3118|3784|1553|2428|1227|5098|4134|3837|6291|3376|8232|629|2334|2608|3742|3118|4526|3115|2723|3480|2266|3097|2753|3030|3110|3721|4418|2354|1748|4649|2012|2214|2484|3770|3564
1899|0|253.17345|Unknown|41836|39063|39027|21381|25241|22422|19010|23729|22700|20928|25052|20496|34640|28877|32934|10731|12326|16743|26715|31567|33110|25565|31758|29868|23520|22928|27696|30058|36848|26413|31844|25081|25123|38589|28232|32408|29103|26989|24352|18902|22874|26379|27587|28328|32983|34814|34635|34696|19622|18136|20006|15191|17944|16274|50428|41316|38469|43030|44832|46683|36210|34939|37166|33524|24983|22698|22177|22401|24106|16729|22624|20700
1900|0|253.21687|no MS2: FA 16:1|2273338|2307125|2317632|1473166|1480085|1458530|2006989|2070899|2067059|964643|1074846|1067564|2060482|2025280|2013731|806442|898775|968523|1608873|1608607|1629710|1494948|1545568|1544390|1859569|1836428|2091292|2429569|2398529|2410369|3046042|2540752|2117763|2252852|2189000|2132012|1724262|1741039|1743631|1511970|1542425|1631447|1329445|1382861|1352214|1725697|1811998|1747289|1496120|1518249|1482898|1160921|1229030|1211926|2794556|2632908|2644563|2362204|2405552|2488449|2184301|2270266|2349830|1675949|1609068|1678928|1627324|1586134|1647519|1331812|1339442|1375379
1906|0|254.07954|Unknown|2235|2236|1488|1672|1786|1846|1579|1774|1296|1950|1019|3585|1660|2076|1716|1149|1390|1156|2734|1834|3027|698|2459|1817|2444|1994|1326|1593|1010|1651|2019|1442|1914|1479|1969|2325|3453|2783|1832|5914|4122|5184|2265|2223|2258|1434|1323|3194|2915|989|1811|2472|2259|1867|2272|3569|1885|2896|2832|3316|2581|6640|8175|2370|2610|781|1186|1889|1569|2538|1843|1857
1907|0|254.08775|Unknown|2235|2236|1488|633|1786|1846|1579|1774|1296|377|290|3585|1660|2076|1034|1149|1390|1156|2734|1711|3027|698|2459|1817|1635|1994|1326|1593|2602|1651|2019|1442|1914|1479|1650|2325|3453|2783|1832|5914|4122|5184|2265|2223|2258|1434|1323|3194|212|989|1811|2472|2259|1867|2272|3569|1885|2896|2832|3316|4105|6640|8175|2370|2610|230|798|1889|1569|1495|1843|1857
1910|0|254.14751|Unknown|5069|3280|3646|15141|18526|19360|15071|17598|16026|8862|11390|10096|20290|20487|17552|1239|1881|1599|17150|18149|16854|1374|4084|4032|16932|15504|20712|2111|2464|3008|14716|14071|11129|2514|1595|2131|3673|1826|2506|2285|2079|1248|15908|14700|18632|2992|3297|3494|18701|21805|19557|4081|3354|3140|20319|20194|19321|3310|3680|4192|14069|13135|14182|3321|1272|1474|17246|16336|18399|1909|1913|921
1919|0|255.0258|no MS2: PA 2:0_2:0|88293|102323|87350|72123|73770|70943|67618|74480|67957|98455|105283|106893|114471|106358|105334|52156|55317|52988|87446|90663|90517|93431|97875|88149|122058|119765|121620|72130|70043|74274|81672|60067|56871|63063|64600|59407|75433|75034|73832|72482|69829|74437|94960|91698|93261|112606|129193|128961|99306|91767|87550|81710|80099|75198|106227|105382|104162|137107|131803|142379|136729|127537|146181|75522|69566|67350|86371|88619|90311|69010|77139|69043
1922|0|255.08711|Unknown|115633|111536|121852|76263|71682|76771|88875|92778|91111|120310|124382|122872|141238|134192|134564|46621|48675|50578|100172|100660|96221|101436|97790|101358|121412|120575|129541|91159|75046|78713|87528|73314|67021|74291|71235|70737|85253|84642|87444|64407|63822|64397|108623|115195|110152|93381|90414|96658|73974|71170|74248|97726|94254|90596|93971|83998|83672|91136|81978|86866|103897|101455|107125|100045|93038|95594|83521|78724|80067|78346|77348|82644
1941|0|256.0585|Unknown|581|766|981|557|436|479|270|1027|275|736|329|1236|624|815|1026|684|248|394|1314|1070|588|735|1251|519|1028|311|332|566|574|412|517|809|732|45047|42349|46220|11373|8152|9913|40279|36341|40494|573|925|422|537|404|460|471|966|295|52028|49805|48123|3053|3316|2333|8757|13213|10685|30164|29821|33476|560|549|611|331|310|388|543|576|923
1942|0|256.08228|no MS2: LPE O-3:0|6784|6575|6079|5457|6593|6869|4358|3962|3394|4882|4915|5146|9705|6710|7123|2058|1785|2420|4540|14488|12726|6186|6728|6929|4668|6086|7023|2501|3031|3061|8615|5768|6796|14644|12718|2152|8596|10458|9523|1962|1989|35692|5874|6025|5386|5230|6614|5474|3379|2606|1988|14984|15781|14675|15947|14684|13185|6711|6221|8325|27578|29101|2984|4286|3896|3287|3568|3093|3388|3947|3130|4209
1943|0|256.09348|no MS2: LPE O-3:0|6784|6575|6079|5457|6593|6869|4358|3962|3394|4882|4915|5146|9705|6710|7123|2058|1785|2420|16237|14488|12726|6186|6728|6929|4668|6086|7023|2501|3031|3061|8615|5768|6796|14644|12718|11542|8596|10458|9523|33769|33871|35692|5874|6025|5386|5230|6614|5474|3379|2606|1988|14984|15781|14675|15947|14684|13185|6711|6221|8325|27578|29101|26612|4286|3896|3287|3568|3093|3388|7485|5376|8889
1945|0|256.12985|Unknown|5125|4850|4355|2900|2453|2672|2331|2898|2444|3461|4095|4232|6288|4234|3326|1422|873|1188|4565|5692|4036|4112|3746|2963|2616|3246|2656|1000|2818|1833|3006|4221|2249|4066|3910|4030|3801|3768|4227|16021|15135|14179|3404|3312|3589|2333|2749|2931|2347|2107|2197|3515|3638|4442|6773|5451|4585|1982|3318|3384|9924|10676|9880|3088|2828|2405|2071|1725|2867|3121|3730|3537
1949|0|256.23596|Unknown|4929382|4973347|4992910|2993551|3020847|3048966|2802091|2947504|2940268|2489284|2817051|2806301|4367882|4262250|4266610|1692282|1908612|2066199|3623068|3659028|3760149|3321475|3465724|3426711|3394022|3299202|3770387|3729181|3668931|3694080|4137497|3531489|3013456|3914452|3802428|3730105|3371103|3415229|3461610|2881554|2993408|3194899|3664088|3824831|3807072|3798319|4035038|3895321|2639994|2686816|2645210|2296344|2446075|2436476|4844939|4501514|4546499|5013974|5035736|5191882|4047878|4218838|4294905|3378156|3283627|3362954|3039999|2924885|3075464|2716850|2727993|2803585
1952|0|256.62177|Unknown|427|253|378|370|373|441|255|348|246|407|290|257|799|598|553|168|205|158|532|420|323|370|278|286|361|329|304|279|304|286|256|436|288|492|620|414|178|368|474|963|1588|1729|373|350|312|570|169|430|187|252|187|240|245|671|837|462|225|233|319|558|1049|416|1112|313|281|384|272|234|160|355|567|219
1975|0|258.06152|Unknown|570|1551|794|311|1563|1710|2223|2369|3030|5163|5308|6245|4091|5182|4136|750|820|1550|2108|2792|1677|2730|2393|2767|2953|2545|4180|1999|1732|760|2735|1950|1663|1687|2252|1654|2073|2393|1931|1034|1416|1616|1114|5597|3261|2279|2966|1928|441|1691|1684|3415|2419|2923|2105|3436|3120|1359|2946|2890|3810|1771|2290|1652|2233|2780|2353|1768|2317|6842|7352|8633
1976|0|258.06973|Unknown|2611|1551|2047|1565|1563|1710|2223|2369|3030|5163|5308|6245|4091|5182|4136|787|921|1550|2108|2792|1677|2730|2393|2767|2953|2545|4180|1999|1732|1491|2735|1950|1663|1687|2252|1654|2073|2393|1931|992|1416|1616|3698|5597|3261|2279|2966|1928|1659|1691|1684|3415|2419|2923|2105|3436|3120|1359|2946|2890|3810|1786|2075|1652|2233|2780|2353|1768|2317|6842|7352|8633
1980|0|258.14551|Unknown|8833|8184|7958|6055|4863|6601|3715|3367|3479|2137|2952|2672|7101|5685|6885|1491|1152|1783|12797|13839|13277|3612|4709|2485|2729|1445|3239|2042|2126|1600|3206|3054|2348|8201|7301|8540|6682|5896|4888|28864|28366|28884|4604|5637|4703|2649|4248|4506|1166|2339|1125|6628|5802|8046|14788|14678|12726|4263|4154|4481|18310|27482|27432|3166|1751|3446|2458|1426|2419|20957|25073|18414
1993|0|259.02191|Unknown|3674|3405|2715|2353|2074|2183|2342|3029|2660|3263|2781|2256|5805|6988|7377|5662|3765|4410|13908|16754|16307|3139|4051|4458|5442|5636|5970|4045|2329|4064|796878|676093|590191|2400288|2350744|2300338|1154940|1156899|1174391|1765375|1713250|1819476|3273|4108|3987|5767|6589|7754|6126|8387|5124|3382249|3341595|3305546|559300|502694|477306|1244581|1275398|1347842|2018703|2058495|2157851|2291|2878|1557|3221|2874|4010|8211|8344|7413
2002|0|259.19092|Unknown|7258|6220|7338|5129|5541|4984|3632|3805|4493|6741|4896|5553|8451|4903|6658|2585|3007|4391|4988|5606|4572|4369|5829|6069|3763|5096|5497|9862|5265|5441|7907|7939|5031|4918|7155|3384|4936|5021|4846|2761|2053|2924|5567|5784|11700|5378|4377|6685|5364|5953|4922|3943|4363|5392|6408|5880|6610|5552|4874|6953|6631|7546|7514|7348|5032|6908|5541|4242|4540|3967|3284|5344
2003|0|259.5329|Unknown|294|344|402|324|232|337|262|374|273|216|440|219|365|314|501|195|194|233|285|202|276|263|539|408|481|503|330|321|609|416|16285|12614|10596|12144|10643|9352|3771|2482|4609|8641|7550|9034|438|220|401|350|206|336|211|272|323|1085|2358|1514|447|485|407|1220|798|442|837|1106|579|719|281|237|602|285|444|497|261|541
2037|0|261.46167|Unknown|408|278|307|292|321|326|718|346|220|343|246|411|349|251|522|179|341|154|340|305|381|219|408|356|358|244|225|202|403|308|1206|328|974|220|410|374|343|206|188|346|695|231|1047|373|704|418|198|634|405|564|150|266|380|386|433|302|259|361|686|272|297|710|993|158|607|242|691|426|303|1016|1118|838
2047|0|262.10123|Unknown|2059|2531|1521|913|981|1005|1564|1392|1430|2836|3460|2459|1662|1806|1927|1093|449|868|1751|1387|2202|1633|2382|1448|2020|2553|2392|949|1718|1387|1577|553|1561|1120|1221|1354|1689|1774|1149|1461|1148|1569|2557|1807|2196|2572|2000|1547|1730|1061|934|1346|2098|2906|1580|1387|1124|1497|1181|1404|1563|1670|3845|1421|1267|994|1708|1513|844|2317|697|1948
2055|0|263.03809|Unknown|3786|3522|1925|2339|2098|2952|492|1694|906|3474|3803|2162|1696|1392|2368|420|782|748|1266|1642|1194|2456|2530|1852|2009|2716|3004|1790|955|756|654|902|1220|1349|750|718|782|1144|903|3610|1285|1888|1541|1395|2192|2524|1858|3139|1124|1475|1288|1623|1138|1365|2834|2070|2127|1123|1490|2704|1619|1087|2831|1005|1535|1086|1367|1662|913|1362|2055|2514
2073|0|264.60178|Unknown|687|323|455|235|488|169|330|238|329|324|245|315|498|560|387|144|118|344|599|283|424|251|310|441|429|569|966|386|366|227|241|250|279|469|728|738|657|592|404|1676|449|591|339|383|219|303|474|339|198|391|218|304|546|541|500|645|351|312|345|690|297|1358|907|280|197|264|497|195|413|426|405|591
2094|0|266.0433|Unknown|690|567|480|411|483|218|655|886|225|335|660|745|1978|1680|504|180|362|163|523|404|1327|707|289|377|1426|490|610|2706|503|444|746|461|294|279|564|691|752|502|767|560|529|163|1474|288|477|503|630|355|1158|501|306|327|310|317|614|294|467|946|569|810|442|613|667|254|1338|605|647|368|531|1462|957|2370
2097|0|266.1059|Unknown|5283|7048|5013|20979|25360|23274|13294|17353|16667|24356|34590|38297|2164|2847|6340|9075|11703|14066|21778|23866|22995|21900|24219|32341|10786|13034|13766|30160|34307|31210|2234|33908|40618|25369|32253|35529|42096|35156|37577|22271|22437|25045|21690|22376|26218|17712|15421|18987|12145|14530|16828|25238|32520|38235|28001|33739|32087|29245|25112|22254|14928|15328|19499|23392|24670|25370|31746|31108|31822|26952|30957|32186
2108|0|267.0719|Unknown|3717|3148|3758|1606|1071|1807|2387|1883|2373|2908|3845|3508|4790|4477|3702|1875|1276|1360|5086|3113|4069|2840|4227|4325|3116|1610|4346|2269|2203|3375|15612|10799|9172|167678|163294|154236|68663|69061|66634|163459|164096|166842|3955|3480|2102|2957|3253|3464|1324|2994|1937|130686|125383|124754|20726|20947|17766|54456|56187|55567|127550|124366|128894|3264|3490|2989|2086|1899|1017|5685|5953|4690
2115|0|267.23267|no MS2: FA 17:1|306296|310432|316260|201893|209009|197730|261554|270383|266701|130682|143114|150858|279396|277226|270710|101391|110886|124727|209043|209198|210651|197967|194151|197393|254416|242575|284711|292391|296237|295377|429117|352152|295216|312112|314827|308750|234964|240685|246565|217912|219584|234046|182795|183944|172697|223447|237252|238993|198384|205746|193617|147224|161025|157467|357405|347546|352013|297748|306458|305453|279797|297829|302860|223693|212331|224177|224147|213554|223858|173134|177278|179687
2124|0|268.13968|Unknown|1032|1188|311|737|761|959|1740|930|828|2024|1351|2779|3111|1354|1431|111|443|645|1125|1105|1252|768|1423|1228|419|1764|1236|591|867|1224|690|1038|607|940|634|825|943|1246|633|306|889|379|1164|1110|1600|671|843|420|1073|709|205|1025|1352|1289|589|455|419|544|2040|831|1353|842|900|983|875|726|672|248|748|532|1192|1045
2125|0|268.16318|Unknown|1926|2712|2640|5519|7192|5881|3279|4059|3111|3036|3742|3885|2898|4159|3426|2988|4131|4041|3969|4353|4068|1991|2602|3581|1742|2488|2336|3702|4859|5053|2750|4705|6237|2640|2236|2840|5053|3939|4736|5787|5534|3451|3765|4870|3940|3486|3362|4478|4677|3018|4495|4316|5178|6309|7757|8176|8688|8857|5681|5326|2859|2746|3214|3597|3462|3083|5978|5626|5863|2081|2484|3502
2127|0|268.53519|Unknown|4642|6050|6097|6940|6739|6941|3881|3076|4893|9271|10339|10140|10735|10348|9920|5658|5867|5133|3264|4752|6582|5078|7132|5406|10235|11270|11974|5303|4003|3862|5356|5167|3114|3460|2231|5105|7209|6810|6609|3915|3700|4520|9236|5891|4141|8821|7802|9264|7268|8387|8621|8999|8748|9291|7460|8435|8628|11256|12900|14167|11352|9429|10173|5001|5291|5710|12560|8954|9210|4870|5395|5354
2131|0|269.0415|no MS2: PA 2:0_3:0|109846|104278|106895|82818|86969|83006|81021|87254|83791|129452|131369|131885|147530|136302|142426|51197|57888|59162|114715|111758|110032|115892|124560|117033|142105|130518|145442|92064|87090|82928|91630|76055|64917|71892|67139|64215|91857|92064|101161|68975|70022|71064|97486|105924|99209|124658|135240|139338|119834|113875|108981|98185|91057|88129|109054|98105|93574|141392|148326|160702|141472|148483|150274|83268|77285|87118|103095|99206|105053|87016|87893|87666
2134|0|269.09457|Unknown|59477|62178|58427|42805|38803|38166|51617|54046|53859|75164|70449|73084|80800|76489|82098|25447|25474|9219|75515|60074|59284|59780|58357|56249|72811|75451|73326|51835|46970|39587|55817|44276|39035|43692|39338|39338|47582|50203|52923|35747|32142|34768|63648|64303|64614|47062|48748|47472|43866|41851|37519|58230|59801|57451|52302|48204|42674|47661|47394|51480|52424|53536|53867|63650|63204|59187|43179|41380|42819|101376|102944|102996
2135|0|269.10248|Unknown|59477|62178|58427|42805|38803|38166|51617|54046|53859|75164|70449|73084|80800|76489|82098|25447|25474|31938|75515|60074|59284|59780|58357|56249|72811|75451|73326|51835|46970|39587|55817|44276|39035|43692|39338|39338|47582|50203|52923|35747|32142|34768|63648|64303|64614|47062|48748|47472|43866|41851|37519|58230|59801|57451|52302|48204|42674|47661|47394|51480|52424|53536|53867|63650|63204|59187|43179|41380|42819|101376|102944|102996
2165|0|271.095|Unknown|30943|28542|29352|1187|1520|1693|4748|4113|3953|5327|6108|8392|7852|8015|9395|1075|1912|1405|6905|4219|5612|4955|5790|5285|3681|3302|2390|2454|2014|2670|4422|3370|3335|2368|3365|2825|5778|5781|4367|4619|5183|2466|5219|6012|5717|3231|4508|4369|2371|2200|1886|5363|5616|4413|2043|3483|4127|3594|3565|3338|4425|6484|5334|4566|5716|5761|4165|1841|2265|26242|6286|13392
2190|0|273.03278|Unknown|5504|6714|6081|6169|6510|5476|4422|6360|4927|7519|10629|8579|7731|8516|12166|2927|3657|2951|6435|5704|7244|6737|10366|6825|10981|8812|11810|5399|5873|4787|13486|7056|8524|18227|17084|13314|8282|10413|10181|19966|16562|18558|6418|5402|6352|9155|8637|9336|5192|7901|8175|64724|58010|64680|11220|10814|10250|23662|28472|27192|38873|39146|45938|6127|4837|3781|7181|7011|8542|5091|4085|3707
2215|0|275.01694|Unknown|711|1329|490|631|264|367|1540|538|1511|428|600|275|993|1398|1026|367|207|148|873|555|637|538|239|460|962|755|1365|5019|438|336|4932|5652|5060|2849|1685|2515|278|333|693|1180|152|372|1829|1128|578|377|355|353|388|439|1666|28771|21656|23239|1226|481|376|1122|2054|2178|1928|1317|2444|232|710|364|282|252|371|532|244|637
2243|0|277.03275|Unknown|8917|7303|7974|8045|7974|7783|6175|7855|6908|7990|9446|8353|38018|39393|45297|35604|37100|37268|181000|181790|176008|28152|22564|27218|13947|11491|15893|32715|35528|28328|22391|18132|14572|146176|139421|140967|69866|70827|74215|243477|236520|239536|36140|37382|33944|83094|81000|88311|57599|48242|47883|31786|32808|32007|131581|118234|112070|104625|101284|114688|336243|353160|355501|5530|6599|6243|24769|25032|24151|30447|25572|25853
2244|0|277.03854|Unknown|8917|7303|7974|8045|7974|7783|6175|7855|6908|5918|9446|8353|38018|39393|45297|35604|37100|37268|181000|181790|176008|28152|22564|27218|13947|11491|15893|32715|35528|28328|22391|18132|14572|146176|139421|140967|69866|70827|74215|243477|236520|239536|36140|37382|33944|83094|81000|88311|57599|48242|47883|31786|32808|32007|131581|118234|112070|104625|101284|114688|336243|353160|355501|5530|6599|6243|24769|25032|24151|30447|25572|25853
2248|0|277.09238|Unknown|51434|53070|49408|17387|16810|13618|59544|66517|60412|85955|80515|84218|78493|74542|78323|9858|11358|11402|72809|71644|67676|68835|68056|67779|36117|39553|36085|47620|42440|44026|74389|64212|57691|897342|857029|813096|319586|324927|330575|748453|719591|766693|71259|65213|69779|152444|30593|31189|26938|23405|24573|1231570|1194487|1178961|186456|173259|168864|438899|447911|467000|899978|912305|953610|59238|61090|53812|19738|14937|17302|39827|39382|41690
2290|0|280.08984|Unknown|508|547|2373|640|827|1224|2605|1790|2904|2034|1601|3177|1859|3456|3139|646|602|1241|1918|2485|848|2286|1805|2012|1693|1839|2508|1533|885|1462|1545|407|1062|945|1279|635|1393|1288|2420|890|1813|838|1532|1145|2198|1915|1091|633|1594|1486|677|3319|1842|3172|747|2469|1316|2003|2644|1238|804|1848|1106|2287|1920|680|1526|1335|1387|1134|859|515
2303|0|281.00433|Unknown|350|381|13342|504|9673|2624|10246|1046|8972|18351|17908|719|266|4466|280|716|12291|148|2561|12220|6534|426|13638|9117|296|516|6718|14402|12368|11154|669|1115|1193|13034|13695|13446|5860|5452|5944|29402|27803|28692|991|267|724|1503|201|1397|629|2173|424|9486|8027|10128|4210|5667|5534|6197|4965|6448|11546|14722|11999|9743|6796|8984|8572|13218|161|5474|783|23884
2307|0|281.07932|Unknown|27850|3590|24305|9871|9673|7735|4556|6103|6081|5177|4835|7878|14948|13527|13919|7507|9444|8595|13918|12220|14265|12911|10706|2106|9517|8606|10589|18551|15689|10542|13367|8955|6258|5194|7092|6320|7477|8519|6515|7811|7210|7223|8161|9749|8584|16758|15553|17202|5786|5929|4764|4555|1828|3794|13043|14033|10858|8809|8387|8765|18510|14308|15098|14158|12448|14174|10364|8155|8648|25266|25388|23884
2308|0|281.08719|Unknown|27850|27218|24305|9871|9673|7735|4556|6103|6081|5177|4835|7878|14948|13527|13919|7507|9444|8595|13918|12220|14265|12911|10706|11865|9517|8606|10589|18551|15689|10542|13367|8955|6258|5194|7092|6320|7477|8519|6515|7811|7210|7223|8161|9749|8584|16758|15553|17202|5786|5929|4764|4555|3502|3794|13043|14033|10858|8809|8387|8765|18510|14308|15098|14158|12448|14174|10364|8155|8648|25266|25388|23884
2317|0|282.01987|Unknown|253|1008|553|253|209|212|416|903|358|1184|269|601|248|312|297|460|119|304|247|542|806|652|831|230|687|581|248|204|226|213|297881|239370|212136|80244|75686|65595|35542|37934|40197|88070|81342|82440|635|1463|472|865|571|1162|1386|538|313|46735|43995|41338|7493|5298|5874|16355|14388|19823|23903|28824|27768|578|282|520|796|1378|209|598|211|383
2319|0|282.08414|Unknown|363|503|617|429|411|313|234|393|264|345|493|390|625|372|548|166|451|206|1012|1009|1440|308|778|554|410|418|737|392|296|476|984|786|923|786|732|1056|1103|847|1257|4797|4499|4467|704|553|392|672|446|870|240|303|318|634|1679|1569|2305|2581|2614|1181|454|1920|3466|5975|5005|587|180|282|371|580|756|1406|1410|2062
2328|0|282.52158|Unknown|1097|2110|3292|1513|192|250|155|188|363|1567|3547|331|411|445|35036|320|233|208|845|251|270|236|312|1444|367|204|285|10562|289|1487|43674|36573|26736|44875|37023|39844|14328|13050|16368|38993|37299|39046|692|369|234|215|1792|209|1348|13186|289|82322|78754|77981|6242|5409|5474|17041|13655|20088|31333|32660|25212|238|251|194|252|173|178|219|1069|234
2347|0|283.26367|no MS2: FA 18:0|8833396|8901352|9048128|5917040|6000303|6066806|4987628|5202964|5256744|3668516|4531089|4551525|7744530|7757336|7687063|2825512|3233122|3469837|6554491|6705534|7067749|5826802|6161896|6220349|6558192|6468154|7571508|5300515|5211469|5329077|9209326|8063652|7013074|8313406|8149376|8064773|7595330|7866350|8052760|6576148|6796690|7326472|6104584|6578530|6579124|6350635|6864674|6615552|4357516|4595382|4532084|2842507|3067314|3046308|8399528|8033306|8176973|6757627|6683784|7058291|4655811|4911576|5160566|6023660|5806203|5982678|5811928|5586517|5836843|4260766|4415358|4532023
2355|0|284.03049|Unknown|1678|1364|1842|1087|1250|1028|2709|1363|1438|4544|3033|3954|3854|2012|2650|1305|1410|1785|2352|2063|2907|2116|1510|2424|2892|2997|3717|1193|1117|1145|3533|898|452|1727|852|359|1687|2341|1321|4877|5357|5101|1109|2466|2500|1993|2722|1894|1756|2275|1490|3232|1943|3357|2026|2537|2150|2215|3046|3632|1440|3190|3598|1537|2398|2929|2442|1855|1864|1608|1866|2595
2379|0|285.27048|Unknown|124871|130362|128651|81210|84178|84744|70381|72029|67929|48728|60304|63944|109144|106400|103665|40620|46136|47896|82680|97652|93716|74280|83264|85872|93788|94161|109604|73068|72010|73572|140735|122453|103490|122532|116468|113838|114356|124306|122170|96958|99525|107414|80781|88670|86796|89901|90969|96299|57003|63015|59329|34850|38028|34246|120683|121705|118418|90358|93597|98304|60159|65806|59561|85145|84382|85381|84048|82593|88171|57405|55134|58504
2411|0|287.2222|Unknown|47636|41405|41294|38899|34180|33749|31764|29077|32534|23802|21182|26659|28242|28305|26152|18877|20686|19891|40743|30608|34687|30051|31076|30442|30007|29821|37918|39907|35827|34905|61842|50524|39998|29850|30903|26663|37610|38098|37822|29704|31132|29959|28015|27095|30398|34000|37562|40072|28075|29609|25119|22510|26995|27288|49612|48971|43712|47188|41551|45639|34302|39232|43563|35525|30530|34724|38355|35041|37450|28029|26811|26551
2413|0|287.61368|Unknown|4250|4670|4347|7094|6979|4587|2390|1763|1649|23802|4392|221|6618|5169|7228|2531|1642|1994|16348|13621|14459|3779|3233|4563|1260|1181|1502|500|825|432|3216|4705|4007|15192|16740|12857|8360|8986|11900|35928|38185|38202|4206|5161|3185|3331|3695|4048|528|436|345|8035|6648|7653|15000|13276|10151|6762|5828|7283|28825|26079|31830|449|148|232|2761|2317|2874|370|471|224
2415|0|288.03528|Unknown|11422|11031|9933|13199|14823|13068|8771|8962|7839|22678|21639|22707|17605|15014|13898|10036|10096|13879|12097|9965|11669|15680|12843|12035|24695|22921|26830|7874|9167|7024|8394|7190|5756|9034|5418|7367|10432|11701|12090|12746|12237|14636|14620|12740|14177|24506|22595|26184|22135|19832|20992|13568|13886|15919|23743|22570|22527|28387|26564|34259|29178|31917|33936|12374|10961|10891|21032|21911|20531|11362|10814|14182
2433|0|289.06876|Unknown|11289|8889|11723|7457|9043|9581|9951|9563|8991|17005|24196|24118|18053|19504|17746|5945|6750|5378|12258|12152|11094|12205|13297|12668|16950|17322|13599|10683|8858|9798|44973|34533|28682|8690|12211|10640|13597|12533|14495|7837|8600|9809|18363|18895|17988|7552|9655|11362|9619|10438|8606|18570|15633|18718|15205|11528|12204|7833|10941|11266|11796|14364|14457|16160|14867|15284|13857|12019|12180|13450|10987|9438
2439|0|289.17987|Unknown|2495|2784|2945|2403|3383|2950|872|1798|801|1349|2879|2548|2593|1993|2322|1178|1710|979|6028|5908|2698|3035|3312|3815|2712|2912|2688|1618|1718|1588|2423|2297|1953|3537|800|3858|2374|1982|4539|914|1027|778|2658|2859|3380|2234|2621|3162|2665|1707|2054|2817|1750|1953|4214|8622|7960|6019|2192|4966|7358|6725|3531|4048|1550|2206|2562|1756|2936|823|7018|8313
2442|0|289.23318|Unknown|12649|18096|16173|43273|52127|49091|22384|26615|24279|25752|32404|31117|4306|4321|6544|34973|42672|43527|50798|49036|48528|35864|39095|42366|27588|32903|24546|63783|65360|59336|63576|74249|69486|68226|76244|68435|66791|62212|66646|58927|56950|61620|38699|35994|37648|50809|47578|46823|35043|40083|32680|36779|48616|48598|76297|79542|81673|113751|93115|90210|54222|56037|68014|36008|31347|32198|53341|46206|50200|48056|51731|54022
2449|0|290.08792|Unknown|7682|8441|7285|7289|6502|5304|11226|10898|9470|16023|20324|21207|13145|12652|12275|4187|4054|4696|17537|15416|16032|12353|11606|14363|12788|10995|14132|7138|7319|7409|13891|10400|9549|14178|13369|13585|9014|9687|11970|31497|30550|35441|13379|10902|10939|10155|7797|7876|6988|6779|5496|14186|17339|15533|15786|11902|13206|7732|8259|8034|31972|30302|29698|11046|11250|10596|7933|8063|6798|19271|26124|21626
2450|0|290.09583|Unknown|7682|8441|7285|7289|6502|5304|11226|10898|9470|16023|20324|21207|13145|12652|12275|4187|4054|4696|17537|15416|16032|12353|11606|14363|12788|10995|14132|7138|7319|7409|13891|10400|9549|14178|13369|13585|9014|9687|11970|31497|30550|35441|13379|10902|10939|10155|7797|7876|6988|6779|5496|14186|17339|15533|15786|11902|13206|7732|8259|8034|31972|30302|29698|11046|11250|10596|7933|8063|6798|19271|26124|21626
2458|0|290.52725|Unknown|272|398|276|200|229|232|272|236|274|226|180|272|387|534|260|102|130|116|319|234|291|245|200|184|457|302|309|319|218|265|42487|30827|19784|564|167|198|729|522|700|209|564|218|280|188|215|206|245|265|427|263|196|331|439|285|282|211|188|234|295|330|277|393|305|214|214|374|364|166|307|207|191|200
2479|0|292.1022|Unknown|638|1122|531|757|1075|731|1530|1683|2040|763|1332|2140|1731|1510|938|538|611|613|3042|2725|3561|761|1613|2010|2211|430|1666|681|826|1281|1236|468|955|2821|646|682|1011|996|1260|638|1135|403|1317|1951|1453|1116|1127|2133|370|1167|841|2109|2364|1737|1001|911|793|578|1078|1676|851|451|808|2038|437|504|559|1173|800|1317|2038|1637
2500|0|293.20642|Unknown|33192|32401|32837|15535|15195|13349|19640|20004|18916|10092|9883|9012|39602|37052|36124|25690|28207|25860|107675|104022|95696|30346|30277|30332|16665|16681|16596|23083|23494|24309|40561|27750|21249|67848|66437|56531|75011|74289|79710|79733|67495|75228|24389|24854|22732|23615|24271|28456|12850|11164|10862|25224|19333|20007|69747|60096|61284|89464|80199|89372|118341|115921|114773|61903|53420|54933|9976|10442|10756|130836|131869|130492
2512|0|294.17874|Unknown|74041|74710|76118|41916|40228|38504|37132|33804|37125|30584|29563|27005|52980|47698|50862|32047|32272|32472|54084|53814|55898|57152|56276|53514|50543|47415|48750|42006|39594|38461|47673|35163|28332|38987|34085|34239|42221|39811|40742|37857|38857|40572|39068|38745|40113|57878|55302|56544|34788|33209|32468|84847|85288|84757|36315|37043|33566|47761|52286|55342|34767|34082|33905|59710|51528|54193|32747|30056|29515|36274|32021|33872
2524|0|295.08502|Unknown|14890|14218|13756|10050|12512|8881|18109|16820|15206|27572|29674|30297|25245|28629|30360|5998|6768|6310|21208|17515|17026|17586|16808|17181|22989|21888|21785|11647|11061|12902|17175|13376|11743|14099|11087|10643|17866|15024|15788|8341|7732|6716|19585|20161|22211|13585|14799|16878|14410|13963|11018|21659|20212|19086|13902|10933|11433|14364|12834|16859|15834|13819|15069|18436|20076|15964|12258|10985|9275|15578|15827|16161
2554|0|297.04022|Unknown|27908|28180|28854|14794|13062|14638|14574|13456|13322|17190|19808|22009|27077|26648|23698|8988|9105|10454|13920|12133|12243|15799|17001|19696|13074|12359|14770|12754|14273|13683|16036|12299|11634|9039|8128|6397|17505|18982|20202|16002|14331|17582|18818|19451|20404|20040|20923|18867|13960|14727|14973|19727|23985|22802|16286|14424|13742|13913|16127|17169|13930|12906|13563|18660|17801|19096|19826|20016|18283|9691|9058|11163
2557|0|297.08243|no MS2: PA 2:0_5:0|8494|7166|10444|3461|3681|5109|4993|6445|7243|10088|11842|10318|12669|14136|11557|2672|3846|3491|8905|10059|10111|10943|12749|12873|9488|5310|7943|8133|6788|7515|10557|6595|5842|8636|6119|4566|6799|7922|7909|9449|7789|8834|9387|11418|9059|5657|7387|7491|6245|5737|6691|10946|8529|7803|8576|6975|6949|4769|5050|7711|13549|11379|14264|7961|8879|10320|4006|4436|6146|4602|8700|8728
2566|0|297.27936|no MS2: FA 19:0|105731|102898|108001|87481|88052|88696|58774|65557|63380|23256|26014|35065|102919|98608|98801|39073|45609|47280|77917|86132|82185|61450|71537|70008|97492|95438|111750|66235|68200|71204|90573|76188|65099|62407|64628|62563|71205|71703|76592|65897|74369|75665|51295|55145|55636|68612|75687|75667|63893|65577|62883|6635|6091|6391|63310|56693|63231|39895|31736|41953|26384|25738|30287|82240|78879|76631|80254|79437|85858|53776|58392|59834
2582|0|298.28311|Unknown|11271|11123|11037|14788|8269|8684|4816|5158|3133|5556|6475|4734|6735|7965|7176|3111|4880|3583|5082|6814|6967|5013|3982|4542|9358|7223|18125|4029|5224|10265|9214|12788|6038|4079|10909|3642|5376|13152|8441|5692|5724|6228|8154|7656|7804|4092|5795|5990|4361|5758|4312|1453579|301|275176|4589|5099|11001|8341|8718|9970|852|9640|8997|12585|5602|8447|9648|9297|9601|2973|8030|3607
2584|0|298.62366|Unknown|362|205|306|141|192|310|151|219|162|606|247|187|277|507|303|135|84|109|276|261|247|194|190|276|418|363|243|169|238|667|314|164|166|295|257|306|185|388|195|186|286|515|514|245|300|176|173|209|215|201|144|273|226|288|295|284|173|183|385|280|346|362|211|232|1104|383|211|302|243|2636|4228|2650
2591|0|299.03156|Unknown|113260|109398|107828|88759|85776|85898|87210|96051|89878|136838|141552|149582|152688|151945|145577|53593|58510|61489|127022|122495|118729|121158|127851|119930|142080|132868|141083|95868|90910|89045|103116|82875|68804|77837|79791|75947|101579|101290|102594|72628|72622|79765|117300|119630|114004|131904|136672|141380|119260|109445|100899|111036|105531|101978|111722|100447|98514|152539|148042|160023|138681|140856|140732|95164|88729|92881|106483|104703|108425|88997|98160|97219
2604|0|299.61288|Unknown|353|245|337|347|198|153|226|189|200|337|244|199|6875|310|276|115|116|156|255|278|278|385|193|173|315|289|263|275|168|192|247|362|179|316|671|263|223|213|222|360|276|629|302|231|376|152|163|400|222|124|157|243|267|400|279|301|240|352|389|241|312|313|460|233|222|271|149|172|209|1212|2356|2558
2613|0|300.1413|Unknown|14438|17050|17974|6126|4918|5223|5724|5892|6160|5690|4721|5579|9002|8576|11868|1150|1212|1815|5544|5301|4108|7816|6558|6845|2721|4397|2696|7157|5630|5097|7465|4794|5359|1954|1650|1540|11460|7892|9846|10402|7631|7412|8050|10088|12099|8574|8972|9609|7337|5718|4796|8979|8850|7019|7326|7225|7043|2358|4259|4302|5539|6213|6230|10622|9769|9652|6337|9570|6912|1656|3074|2971
2647|0|301.62711|Unknown|1951|1987|3129|2430|1779|1199|830|922|816|297|430|250|2324|2728|3982|1120|1332|2030|10172|10422|9011|1968|2174|2388|309|1001|632|598|910|483|3972|4080|3900|315|11110|9068|6675|7792|8318|446|26515|29897|3063|3018|1687|1502|2799|2129|1177|466|573|4805|6779|5870|9888|8853|10723|7617|6240|6828|24900|21032|23520|286|452|172|1221|863|1023|20899|18325|17503
2654|0|302.10007|Unknown|3993|4916|4164|1319|2401|2287|6743|6762|5604|10092|8465|9058|15274|13375|11335|15836|16698|17216|26638|26626|25953|5763|7354|7225|9187|7260|7673|20338|18686|19053|5704|3958|3528|39887|34912|32288|15690|17586|16014|18092|19651|16182|8517|8336|5984|30699|29884|35444|50332|43387|42858|8784|8302|8748|28671|24810|24370|49474|49028|50478|52666|53608|55227|4291|5495|4679|10126|9784|8564|19494|18643|15178
2658|0|302.23343|Unknown|33030|27023|28088|26120|27061|29815|20846|24935|21598|19201|22404|23860|16065|14629|16404|34182|41803|42198|30595|30275|39551|25040|32942|25484|19622|21229|23229|39957|39102|40797|42409|69116|69012|50922|63697|65024|46673|42808|46184|36020|37055|47044|28522|29328|27334|29492|33733|35829|22250|21343|19132|25709|32785|36470|60269|70755|77116|95166|92376|97895|59196|61896|74292|22297|22055|27212|27401|31532|30676|31343|37557|36303
2661|0|302.53284|Unknown|513|270|221|334|231|744|293|248|290|182|439|199|253|226|405|102|175|181|536|386|226|262|217|284|242|572|224|781|242|189|163372|126586|111363|259555|240734|227084|115427|113923|114966|216421|214451|220073|212|907|852|302|185|289|257|164|160|191277|180448|178824|36313|28283|27683|70444|71637|74028|141094|142024|153228|358|225|805|265|195|204|282|360|217
2680|0|304.06296|Unknown|528|204|560|369|531|311|640|322|734|557|393|332|354|629|442|265|344|214|633|296|828|504|223|888|398|255|435|1112|327|309|432|1093|224|256|641|348|376|1514|815|478|733|693|1460|887|373|348|392|400|400|495|196|749|428|715|219|267|436|412|513|453|217|548|1068|431|542|167|462|652|490|814|1112|618
2695|0|305.0416|Unknown|3371|3045|3836|4062|2598|2255|3330|3050|2197|3582|3611|4642|3522|4729|3687|1853|1662|1438|4249|2254|1352|2394|3214|3797|2224|4152|4059|2828|3152|2586|12716|1939|1894|1514|2454|1468|3053|2703|2289|1888|1546|1699|2384|3511|2373|3121|4607|4592|4509|3157|3238|3304|2145|2618|2302|2806|3059|4858|5781|5448|4054|3674|3544|3118|1043|1977|4174|3888|4563|2148|1489|3064
2704|0|305.23236|Unknown|876|1072|914|8668|994|8711|3569|2056|3104|4803|1074|4657|935|734|1087|570|1240|622|1898|3432|2427|1485|1734|914|1298|1260|1511|1472|2103|1342|1640|1870|1394|2893|2284|1760|1758|1483|2019|727|1526|1286|1957|404|1239|2494|1934|2875|1995|2677|1349|1439|1069|874|2387|2084|1549|2597|2506|1406|1888|1869|3427|2696|1283|2686|673|2130|1853|12838|11293|11507
2755|0|309.10861|Unknown|12150|15602|13417|20960|21957|21441|12092|16603|17282|29727|35193|33949|39004|38348|31265|9783|11197|10546|17878|17305|16971|16148|17580|17993|18650|22263|27750|14401|15495|11208|21118|14177|11412|15255|17616|16510|19469|19640|19805|16528|15029|16751|25346|23977|29789|13311|15706|14701|15361|18756|15622|32064|39090|36164|27058|25656|24065|21657|16002|19631|22471|26117|27589|20554|17918|24168|16064|14785|16493|15628|13259|15875
2770|0|310.11435|Unknown|1961|2111|2464|2182|2971|1697|1997|1456|1910|2935|3568|4625|6332|4171|4864|1430|1413|1195|2262|3284|3090|1235|1414|1436|5053|2606|2970|2485|2039|2480|1785|1507|889|1830|1344|1131|2976|2044|1569|2463|2349|4004|1534|3504|3684|2081|2879|2358|1892|2524|2416|4046|2780|3553|3586|3868|2938|2857|3641|1845|5101|2425|4856|2311|2170|2597|2144|2950|2813|3138|1578|1779
2772|0|310.15237|Unknown|22931|22248|22688|31560|29934|30373|11620|12782|14106|10379|14707|14959|25652|27168|28166|8315|9800|11988|12540|12919|11639|10610|11512|8829|18845|15650|20294|10780|9535|10361|10280|9308|5719|8216|8520|9206|10575|13299|13349|26934|26934|32807|16702|17891|19392|12099|14558|12417|10148|7856|9475|13924|16784|19109|33693|31132|30839|9251|10528|13502|19698|21400|22243|15699|18067|17872|19466|18356|16763|7160|6148|5680
2797|0|312.09854|Unknown|833|519|954|331|396|721|451|707|560|467|414|1227|1279|971|1847|231|613|423|3633|3033|2901|865|521|212|1036|559|559|598|527|134|1367|632|664|1058|635|1172|821|656|1075|8327|6600|10033|1438|1102|1565|483|224|634|476|580|402|402|363|411|625|627|928|604|1105|381|7174|9207|7439|1151|322|710|413|907|480|586|1000|542
2804|0|312.2981|Unknown|35987|31504|39769|21925|20507|20835|10081|12393|12128|2129|3476|2568|23479|22859|26745|10480|12905|16524|15535|17142|20060|14469|14811|17922|27707|27739|36853|15865|16443|21110|23234|25780|18584|18159|18202|18530|19185|25270|27120|26645|23936|26995|6956|9085|8707|14289|20143|22639|13895|15368|18484|186|179|267|8269|9158|8741|3093|3380|4020|1877|1428|2845|18064|21384|20796|25239|22495|27315|11151|12781|14862
2806|0|312.45001|Unknown|262|287|441|127|233|364|164|222|252|155|217|221|274|248|402|136|98|106|341|163|359|184|303|238|427|387|175|234|422|285|932|693|1182|251|193|342|267|340|243|359|228|400|228|321|460|202|510|216|317|141|105|459|188|306|210|200|242|391|215|329|198|293|290|291|290|213|248|177|177|172|229|202
2815|0|313.09259|Unknown|18444|21037|19516|15430|12623|13512|21681|18589|20088|29406|28552|34864|32244|33177|32336|11239|11912|9281|27513|23812|22726|18482|23513|18954|33320|29111|27484|16331|16212|15805|19271|16908|13906|15473|14273|12811|20388|18540|21970|11414|10818|13301|23011|23705|25619|16644|22698|20989|18290|14219|14252|24226|23358|21877|23081|17297|20605|20707|20488|20502|23940|22562|33006|18920|17813|19902|16114|17486|18003|41637|19642|41222
2837|0|314.13239|Unknown|8163|10152|9072|3714|1829|2070|4585|5608|4067|5504|5583|4828|6331|5951|8634|1297|977|1241|2645|2637|2826|3947|5013|5192|2640|3547|3490|3271|3120|2744|3985|2013|2397|2937|2771|1802|5035|5192|3450|8524|9207|8517|4283|7022|5813|3334|4835|2636|4425|3814|4080|4952|6741|6046|3366|4535|3843|2333|2880|4961|6267|5169|7079|6923|7589|7125|3442|4298|4999|3119|3162|4453
2841|0|314.24536|Unknown|8853|9766|9567|31437|34150|35156|13283|11172|11565|8916|11860|11945|2292|2928|2317|19554|22120|24382|20147|22130|21845|15581|19861|22955|14625|11842|12391|39343|38226|38638|55739|77559|76014|57074|61666|59881|53572|52997|52589|55882|52311|60000|12294|14459|13340|26583|28947|26585|18158|19804|18721|28912|34680|38468|67674|69203|69124|83160|69653|69916|39546|45715|52838|18676|14678|15588|35325|32968|37379|26889|29581|29434
2865|0|315.21729|Unknown|6580|5480|5967|2961|3020|1699|3091|2449|3356|3463|3927|3166|1930|2056|2799|1032|2196|1902|2317|2187|2635|3268|5135|3259|3229|1372|3152|2715|1661|2921|2927|2619|1966|1921|3214|2481|2888|3258|1116|6363|5006|3471|3430|3756|2206|3560|4965|4498|2252|1951|1573|1487|1631|1360|4448|3249|4001|4132|4129|4408|3537|2361|2989|3518|2152|4652|1710|1788|1489|13115|12777|11328
2870|0|316.03976|Unknown|1124|1371|3001|1162|906|909|1013|501|963|2867|3283|1322|3427|1082|3194|846|561|705|2107|1538|1162|1692|1482|1231|1361|1967|1497|930|842|835|19310|630|1197|1187|986|1122|1257|3179|1581|3364|2207|2863|1582|1308|1465|1418|2040|1931|955|1040|1537|1221|2279|2426|2316|1337|1950|1529|2613|2052|2470|3287|2141|1031|1428|800|1811|1512|2052|1150|1103|990
2874|0|316.12601|Unknown|1055|774|932|672|1174|909|338|200|651|1247|660|1204|674|1679|1711|250|487|606|829|776|779|806|810|1843|1273|870|1372|664|1066|454|1186|486|1288|800|596|1113|1011|1405|584|1841|2435|1095|1042|986|583|1298|315|827|990|966|603|892|797|714|1368|888|812|772|684|635|1965|2726|2475|797|590|1037|485|849|959|869|1108|771
2876|0|316.13971|Unknown|414|707|341|672|547|909|337|393|697|942|1194|1868|1035|270|952|155|487|431|829|562|751|806|702|778|1162|870|1076|356|469|454|906|667|1288|800|596|1113|1011|1405|584|1841|2435|1095|840|219|483|1298|340|466|990|966|447|992|797|714|1368|372|812|709|515|635|1965|2726|2475|864|219|290|485|849|959|869|1108|849
2881|0|316.26123|Unknown|28361|39296|35758|93336|96252|93724|48172|55860|51747|45578|56005|65076|11150|13359|15010|61992|72488|74434|90369|102702|89962|61488|75895|75811|61695|60309|65076|91435|90160|81859|154833|188203|175117|151696|168145|147026|159706|159026|169440|146515|140855|151831|70649|69994|69275|80865|88902|85936|66858|64382|62141|49433|58619|59630|137557|152276|151667|148974|127000|138044|71392|68057|80833|69896|58280|65528|104504|90235|100795|70536|83739|83322
2889|0|317.05896|Unknown|6024|4399|4673|4539|5722|5387|3390|2969|4146|2406|2877|2750|4162|3961|4533|1942|1527|2113|2839|2295|2210|4801|3522|4900|4212|6061|5138|2512|2741|1622|2161|2260|1610|1128|2364|1661|1773|3521|2947|2276|1922|1617|3252|2038|1910|5375|4620|5442|2401|2961|2017|1901|1258|2036|3044|3300|3761|3487|2890|2406|4567|2708|4496|2279|1308|1723|5055|5435|5812|1027675|1011782|1017691
2890|0|317.06622|Unknown|6024|4399|4673|4539|5722|5387|3390|2969|4146|2330|2877|3057|4162|1954|2917|1908|1527|2113|2839|2295|2210|4801|3522|2023|4212|6061|2258|2834|2545|1622|2090|1506|1610|667|2364|1661|1773|3521|2947|376|1922|1617|3252|3566|1910|5375|4620|5442|2401|2961|1283|1901|1258|2036|3044|3300|3761|1793|2890|2406|4567|2708|4496|2279|2049|2074|5055|5435|5812|1027675|1011782|1017691
2899|0|317.22491|Unknown|13615|9270|12107|7742|7610|6380|14042|13117|9606|7507|5728|7156|7678|8288|9879|6312|6576|5692|29880|30738|23929|9551|11492|10257|10543|8860|8943|14237|13329|10215|14786|14305|9674|33045|30697|33027|32022|27883|34711|36488|36919|37890|6486|3968|5133|11494|10543|12807|7640|7995|5154|10542|6937|7920|33063|27975|28052|38753|36734|42786|65411|65458|65656|15746|14895|15749|10020|8571|7438|51977|50847|51388
2900|0|317.23282|Unknown|13615|9270|12107|7742|7610|6380|14042|13117|9606|7507|5728|7156|7678|8288|9879|6312|6576|5692|29880|30738|23929|9551|11492|10257|10543|8860|8943|14237|13329|10215|14786|14305|9674|33045|30697|33027|32022|27883|34711|36488|36919|37890|6486|3968|5133|11494|10543|12807|7640|7995|5154|10542|6844|7920|33063|27975|28052|38753|36734|42786|65411|65458|65656|15746|14895|15749|10020|8571|7438|51977|50847|51388
2901|0|317.24432|Unknown|7638|1672|6955|2201|4030|3389|608|7175|3361|4479|3503|2415|1997|2360|1558|447|2378|2886|1166|1159|1142|5322|6110|5953|2756|2788|2551|8398|7477|6663|5855|6746|3716|1246|7228|5954|6883|3924|3722|4101|3843|3995|4211|2458|1549|5827|6244|7311|4904|4925|3270|4774|4511|4997|9217|4154|4646|11391|10966|10355|3442|4086|4253|6232|2678|7248|2669|2581|2174|5161|4024|2069
2917|0|318.22794|no MS2: Cer 8:0;2O/7:0|3575|4246|4290|543|1053|831|5180|4054|3804|14612|14301|14620|4286|3809|3440|2512|2589|1911|11534|10046|9072|6158|7500|7903|3428|4401|4903|2762|2440|2084|6716|4374|2622|9728|9086|8729|12427|11129|11753|6420|5167|8172|10906|6848|6941|4115|4254|8492|3978|3138|2975|6864|5277|4465|9856|8646|6140|13724|15820|13491|17100|13265|20326|6974|4108|6332|1563|1677|1276|7499|7154|6492
2922|0|318.97925|Unknown|1988|1008|1009|1029|859|1582|1420|736|667|2728|3677|2637|1659|1947|2809|251|613|5816|927|532|377|1108|1867|1571|2391|2061|1105|968|647|1246|1012|1549|320|350|516|744|1103|1102|1859|320|642|611|1244|2284|896|1038|722|2076|1438|804|902|1186|1482|1913|504|985|1202|1800|1580|1250|684|514|1215|1801|824|760|1199|31558|537|989|1320|1192
2925|0|319.05725|Unknown|2582|1448|1574|2880|1548|1200|1196|705|1575|1645|2131|2950|2688|2394|2707|444|575|587|1613|2053|1446|1390|3528|1953|1462|3371|2159|1124|538|1888|14269|10214|8848|15133|738|13053|4116|7086|5934|10936|9654|12097|1653|2189|3088|1707|1951|1795|1691|1574|1622|22197|20714|20114|1776|2983|2516|5229|6261|7721|10440|9481|7929|1608|1457|1666|1403|908|1964|896|1103|1873
2927|0|319.08176|Unknown|9470|10196|10061|6960|8047|7176|8233|11091|8666|18863|20929|22668|20373|21618|21209|5018|5307|6136|12962|11706|10948|11260|12129|11684|14943|13988|11440|10298|8695|8656|11591|11102|7336|8514|9754|6940|14741|11647|12275|7497|7698|7339|12124|14654|11968|7569|9575|8654|7985|7943|10245|14561|17073|15651|8826|8016|6538|8197|11473|9873|8112|9936|8515|13012|12720|11457|9872|9050|8566|9882|8375|11455
2935|0|319.24057|Unknown|90473|85737|89229|72850|79972|74278|89967|102240|94422|88053|86364|96780|51504|49463|55315|35308|43830|50030|134442|134482|130707|96336|109021|105008|106293|102407|94454|96358|98801|89392|114320|113758|74352|129838|123815|104027|127537|129229|138757|123209|115985|119057|62248|60041|59716|97249|96013|123432|84626|75938|66392|82503|80262|87401|122702|116307|111016|152685|134126|146834|115633|121655|132899|105081|88221|106207|75190|72335|72581|141652|141795|139704
2936|0|319.24854|Unknown|90473|85737|89229|72850|79972|74278|89967|102240|94422|88053|86364|96780|51504|49463|55315|35308|43830|50030|134442|134482|130707|96336|109021|105008|106293|102407|94454|96358|98801|89392|114320|113758|74352|129838|123815|104027|127537|129229|138757|123209|115985|119057|62248|60041|59716|97249|96013|123432|84626|75938|66392|82503|80262|87401|122702|116307|111016|152685|134126|146834|115633|121655|132899|105081|88221|106207|75190|72335|72581|141652|141795|139704
2948|0|320.24384|Unknown|3622|4831|4481|4966|5762|5042|7046|10148|6104|4502|6971|7948|2924|1937|1903|2007|3035|3033|11463|10374|10658|7198|9481|7712|5983|6755|6893|7399|8426|6404|9174|9394|5728|13322|10798|11441|16459|14844|17155|14625|11204|14301|2107|1909|1793|7731|6366|11442|5814|4949|5412|5084|4903|6514|9699|9472|9274|17280|11804|13630|9372|8744|9981|7902|8952|9507|7232|5673|4968|17158|16218|17319
2949|0|320.25177|Unknown|3622|4831|4481|4966|5762|5042|7046|10148|6104|4502|6971|7948|2924|1937|1903|2007|3035|3033|7440|10374|10658|7198|9481|7712|5983|6755|6893|7399|8426|6404|9174|9394|5728|13322|10798|11441|16459|14844|17155|14625|11204|14301|2107|1909|1793|7731|6366|11442|5814|4949|5412|5084|4903|6514|9699|9472|9274|17280|11804|13630|9372|8744|9981|7902|8952|9507|7232|5673|4968|17158|16218|17319
2951|0|321.04886|Unknown|4642|4270|3600|3487|2861|3486|2380|1969|3154|5099|3200|3060|4334|2979|3327|1449|849|1160|1688|2633|1731|1226|2264|4025|2916|3239|3492|2705|2321|2901|2377|1654|1573|14111|12231|10940|2314|3210|2088|9117|10216|10681|2181|2347|1672|2433|2984|2728|1964|1625|2012|23454|23077|25487|4016|1921|2552|2910|4430|4929|8677|8470|10213|2035|2479|2314|3638|2788|2521|2174|1449|1011
2958|0|321.23749|Unknown|5457|3963|4125|1270|1855|1288|3384|2376|1870|947|439|1033|5881|4734|5313|5017|5395|4705|31351|33977|27239|2801|4860|3310|2200|1926|2295|2010|1931|1933|10244|5770|4943|22202|26819|20745|34451|34873|37176|31914|29988|32455|4124|4429|2137|2426|2625|4171|1146|1212|541|1736|1476|2439|14816|10492|13537|14454|14702|16732|16757|16795|18450|10404|8516|11577|1791|484|614|38647|38201|39008
2974|0|323.02829|Unknown|2387|1530|1213|1927|1722|1756|1634|1964|1141|3256|2496|1942|4992|3745|4371|1626|1215|1520|10051|9055|9206|1719|2735|2209|2892|2834|2518|3557|280|2037|122334|93444|82752|92443|94514|92234|47460|50752|52420|99915|92629|97067|1647|3533|3269|1086|1924|2913|1704|1661|3145|141052|137530|134543|33392|35723|29206|67106|68892|76000|114914|123214|121890|1783|2149|1594|2160|1768|2204|21040|19301|20590
2975|0|323.03561|Unknown|2387|1530|1213|1927|1722|1756|1634|1964|1141|3256|2496|1942|4992|3745|4371|1626|1215|1520|10051|9055|9206|1719|2735|2209|2892|2834|2518|3557|2467|2037|122334|93444|82752|92443|94514|92234|47460|50752|52420|99915|92629|97067|1647|3533|3269|1086|1924|2913|1704|1661|3145|141052|137530|134543|33392|35723|29206|67106|68892|76000|114914|123214|121890|1783|2149|1594|2160|1768|2204|21040|19301|20590
2978|0|323.08981|Unknown|3273|3673|3368|2204|2112|2034|2684|3536|3074|4426|3386|4434|15961|12509|13163|5321|5911|7171|37958|40360|40897|6335|6214|5402|3884|3366|3732|2026|1272|1783|4835|2489|2287|12536|9970|10587|20137|19478|18701|16942|15093|15686|8349|6787|7168|2596|4351|5057|743|1697|1449|9948|13343|9076|17714|15854|16434|18359|19140|14822|36560|31336|37645|15326|14816|19248|1106|1114|1435|66310|66846|72629
2992|0|324.0936|Unknown|258|3288|591|224|225|204|192|165|261|328|1196|313|628|272|1027|440|130|168|241|1098|1622|5243|212|417|224|705|465|300|334|208|1141|466|371|574|529|244|249|701|602|583|289|1304|2825|567|10910|276|250|188|202|269|412|447|579|471|360|809|486|745|302|1152|1323|1608|1009|475|367|622|211|340|218|3029|3681|2835
3007|0|325.08685|Unknown|10207|7484|7444|2713|5077|4453|10473|13245|9019|18267|17665|18743|14433|13628|11246|4395|3638|4125|12496|11728|9079|12004|10867|9474|12074|15574|15596|6890|6469|5672|8124|3240|6387|7029|2938|6265|9587|4145|7740|4119|4538|5835|11390|12536|11286|7770|9299|10722|7532|8244|7343|5565|10362|11025|5880|5935|6088|7929|9316|8110|9193|5604|10977|10447|12138|8334|7140|5461|7093|14516|17330|17864
3008|0|325.09274|Unknown|10207|7484|7444|6718|5077|4453|10473|13245|9019|18267|17665|18743|14433|13628|11246|4395|3638|4125|12496|11728|9079|12004|10867|9474|12074|15574|15596|6890|6469|5672|8124|9975|6387|7029|5129|6265|9587|8707|7740|6541|4538|5835|11390|12536|11286|7770|9299|10722|7532|8244|7343|18725|10362|11025|14755|5935|6088|7929|9316|8110|9193|9550|10977|10447|12138|8334|7140|5461|7093|14516|17330|17864
3038|0|327.02179|Unknown|531|306|398|301|297|228|428|615|254|1196|936|900|500|982|608|217|632|273|479|248|965|398|474|508|235|744|1005|566|281|792|523|359|354|169|309|198|301|761|684|429|249|454|942|994|580|737|767|584|209|734|826|365|248|550|293|270|140|801|419|900|535|532|571|883|514|597|443|175|146|2180|1354|2414
3043|0|327.12518|Unknown|30041|26213|28175|9293|12105|9124|22364|27017|23676|38497|39639|39745|35147|35801|35767|5001|7187|7888|17459|20691|17436|24151|23223|22962|26481|24734|22276|16640|17183|17409|17254|13087|11710|20107|19046|15378|16368|14428|13639|55870|53740|57567|22304|18255|19145|9699|11579|11967|12489|9795|11335|19476|20883|19642|14699|20109|17134|12941|10500|11118|40180|41971|41245|30658|30637|35095|8408|7261|8681|25154|22697|23415
3082|0|330.043|Unknown|1747|1364|818|1045|1070|1242|1097|1213|1302|3028|2665|2581|2521|1114|2307|544|493|909|666|866|920|1470|1374|1701|2031|1731|1965|787|1087|1231|1093|1456|338|1124|1054|1150|1270|1722|718|383|541|1666|1860|1659|1773|2615|3747|1883|825|1204|1263|1116|1346|2163|1697|1359|1283|2124|1827|2149|2320|1479|1316|852|1489|1477|1915|715|1349|959|1622|1786
3100|0|331.08182|Unknown|1289|1659|1463|519|814|1054|1573|1917|2449|2957|2861|3829|2803|2992|3481|648|849|222|1699|2928|2452|1357|1390|1703|3430|2465|1552|2860|1503|1512|2021|1085|1545|953|684|1073|1870|1163|822|755|972|710|2702|2299|1380|1996|1682|923|533|812|825|1748|1269|1084|1413|1264|704|1495|2410|883|1070|2021|1599|2182|2083|2092|1350|816|827|11093|9444|9746
3104|0|331.13474|Unknown|42650|36279|41655|41142|44189|42506|46320|47866|44584|82503|92633|105699|59876|54106|54274|22952|25302|27153|55934|52103|52986|48790|54768|55439|58019|57940|56192|54834|49118|52706|64229|74266|66597|26939|27691|28054|73866|74692|81238|58555|60204|62013|60793|61109|62403|56996|58676|52393|53080|52351|57266|108350|117791|117926|52467|48689|51654|66881|63114|59893|51012|55814|60664|52394|51828|55970|60302|56901|56177|43776|46749|51336
3108|0|331.21216|Unknown|808|1744|1092|1475|811|1079|1235|579|928|972|1193|672|1429|1310|1045|377|263|372|981|730|1130|1482|851|1174|1473|970|1223|705|645|261|1115|182|961|483|646|467|554|1003|1600|445|487|816|961|1245|744|589|396|961|712|1034|432|461|359|439|1427|1241|1794|819|850|757|1613|823|1198|1276|1918|807|529|372|1189|3698|2041|2683
3139|0|333.21967|Unknown|21516|15435|19038|10724|11175|11933|9806|7765|8974|6421|5452|5086|21993|16233|14096|7250|8524|8079|19760|19328|20109|14827|15617|11187|16162|15136|14723|8150|9302|8997|9951|8178|6169|11610|11198|9191|15362|13241|12924|10543|10418|10955|11057|11198|10999|10183|12986|10301|11553|10316|8593|4832|5346|4158|19392|17484|14583|15569|11984|15056|16534|15764|16910|17268|15390|14545|10624|9687|11320|20643|24234|22447
3155|0|334.64874|Unknown|212|374|288|230|126|167|168|191|358|143|211|202|283|220|252|549|63|186|250|1154|198|386|218|198|261|172|197|202|150|278|262|311|175|367|263|178|230|206|167|291|177|348|289|232|229|228|163|234|158|210|414|178|239|251|308|238|187|304|285|239|206|391|241|157|238|3622|150|140|137|836|425|1168
3186|0|336.63214|Unknown|1454|638|227|195|362|1082|349|366|924|2888|185|267|815|460|559|158|288|399|372|1221|1625|748|549|370|542|376|289|2451|266|309|646|543|836|2957|2232|2354|976|952|1482|5395|5474|4370|601|678|386|593|500|311|403|811|146|914|1208|1185|2381|1218|1389|1412|834|1386|4155|3906|4372|308|2225|238|239|263|247|267|165|144
3193|0|337.02469|Unknown|1164|1070|1359|452|806|791|1078|1823|1780|4624|2481|3121|1562|2136|1248|1804|1154|1547|19042|17463|13509|3348|3489|2545|2043|2191|1938|795|441|1863|1742|659|301|3018|1617|2259|6064|5340|6244|4502|3580|4911|2740|3275|2723|3895|3562|4584|1241|1122|566|3523|2414|2261|3923|3432|2291|11625|13219|18629|17525|21974|24542|4069|3548|4900|1031|783|843|22280|24434|23669
3205|0|337.31079|no MS2: FA 22:1|20991|18759|16668|23951|22854|22344|9729|8939|8690|946|1118|807|11810|12144|10775|17483|12496|13530|8971|9097|8704|7319|6765|8764|18900|16810|21687|8030|8490|7907|231918|209788|187202|101153|102642|101568|125726|129907|136275|119946|124847|136673|7934|7645|6501|6503|12101|13113|10680|12971|14107|2037|3044|3049|79505|80296|88905|56838|59408|65868|20554|21226|26455|21264|17189|17257|18779|16980|16699|11686|8402|8777
3222|0|339.03989|Unknown|5033|4018|6566|3508|3861|3584|3977|5210|3636|5910|8883|3953|14173|12041|12065|5202|5525|6063|23722|19367|24485|6699|5556|6512|4870|3841|9212|4604|2520|2242|14275|9702|10446|18850|16102|13344|12871|20409|17208|16370|15767|19956|9225|4930|8334|8179|8710|10514|4110|4370|5522|25273|43300|44337|12659|8480|7508|27889|29952|28380|31567|40610|29796|13983|12116|11326|6931|4393|7303|43772|42410|41797
3235|0|339.32639|no MS2: FA 22:0|62314|64142|66424|36560|33654|34415|10786|11556|9006|492|1312|2002|27008|28601|30733|20183|27373|31983|11223|15964|20142|18117|19262|23934|39293|41446|56565|40579|40804|48823|28323|33758|29438|24723|27795|25190|26668|33287|36328|37659|44711|55524|4667|6108|7144|36297|41570|43034|33732|36288|36885|1224|2737|2027|13211|15881|15458|5282|4239|4659|2088|3680|1568|20731|20586|24542|43235|38482|45474|33074|33786|37757
3241|0|340.10312|Unknown|585|581|575|454|630|636|840|888|907|9223|6576|4807|1723|1234|1437|571|262|306|1386|1103|1204|509|792|2178|1400|774|616|891|679|491|1212|700|928|877|1114|771|917|1015|837|741|881|1178|4291|2631|3322|870|392|753|460|695|531|1635|1230|1730|268|895|863|597|828|467|1698|1824|1929|676|793|970|550|515|583|4318|2241|4110
3252|0|341.03683|Unknown|2946|923|3076|2138|2106|2406|1609|1838|1172|3161|3401|5152|2916|1440|3379|529|1993|1350|2849|2588|3249|2635|1924|3153|2662|2623|2539|1658|1130|1440|2278|1794|1028|1570|773|1565|1848|3602|2392|1314|822|2052|3336|2355|2196|1652|3765|1662|2559|3006|1524|2847|1271|3414|2611|2382|2103|4571|5461|5835|4549|2686|4229|1847|3418|2058|3598|3611|3066|6866|7302|6064
3282|0|342.56613|Unknown|293|272|340|485|179|195|158|153|253|219|146|170|385|252|247|72|118|77|207|255|2250|191|225|143|181|176|216|248|190|302|22803|15571|14320|10100|10562|8675|4488|6321|5381|8587|10441|10268|998|258|213|134|214|145|150|192|1237|38445|37213|38701|482|1384|1212|3311|3771|3227|10440|9820|9353|275|282|187|188|155|170|165|166|184
3289|0|343.06247|Unknown|11778|13074|15313|13471|12507|13648|10559|13897|10498|23821|24107|25392|21255|20984|21351|6810|6904|7557|14049|14288|15731|18675|17823|18101|21464|20960|18571|10494|10956|11896|13979|9280|7212|8567|10043|10533|13074|13266|15707|10504|7831|11494|13078|16090|12514|18182|17851|21343|14741|14552|12836|15595|15220|16179|17370|15240|17735|22757|21325|22949|17591|15570|20937|12916|13355|13240|17563|15552|16635|23852|22086|22246
3297|0|343.2121|Unknown|8768|6562|7417|3474|2106|1641|2315|3024|2250|4145|3297|2596|5907|5060|4229|1599|1392|1018|2407|3000|3859|4357|4531|4548|4132|5555|2964|2850|2180|2240|3860|2476|2826|2808|2504|2314|3823|3533|4006|3374|1993|2203|1770|4071|2439|4304|4381|3463|2387|2966|2070|1054|3249|1924|3125|3471|2329|3163|4110|2499|2850|4410|4079|5084|4244|2826|2186|1345|1636|4759|2159|3549
3304|0|344.03983|Unknown|3560|3369|2618|4138|3112|3381|1536|199|1103|410|787|690|4982|2594|3479|2366|3645|2956|24216|18180|15526|2721|1356|3172|417|1077|492|276|393|185|6878|4159|5828|23415|18769|22057|9114|11985|10644|41946|38456|43142|2210|1820|2715|3557|3601|5483|782|737|535|26700|27006|28254|16148|15770|15047|19744|18969|14091|36356|39717|40413|211|178|242|1361|1494|1829|23346|21321|20714
3306|0|344.0658|Unknown|166|785|280|158|279|820|202|230|312|854|370|585|239|337|442|123|170|108|362|461|353|523|380|310|511|295|312|258|345|301|476|248|495|235|216|269|214|225|335|661|272|678|173|214|266|285|873|270|371|264|127|227|1180|507|246|291|355|185|276|308|549|597|416|256|455|174|208|455|355|1082|1206|955
3310|0|344.13461|Unknown|40060|33118|32784|27517|27348|29648|33704|34129|31043|71844|81985|88061|39979|41472|38461|19384|25042|25767|38383|37260|40221|42003|43560|48478|18159|16097|16846|34495|35930|39746|46127|69513|75356|19351|21905|26679|60142|64512|67020|57336|63695|73963|53972|58028|62570|34764|38528|38607|42213|42405|40385|98130|110759|112557|45477|48741|57091|61562|60453|69537|63937|68404|81161|38586|35673|40003|43693|43105|42006|32236|36270|37761
3311|0|344.14197|no MS2: LPC O-3:0|40060|33118|32784|27517|27348|29648|33704|34129|31043|71844|81985|88061|39979|41472|38461|19384|25042|25767|38383|37260|40221|42003|43560|48478|18136|16097|18105|34495|35930|39746|46127|69513|75356|19351|21905|26679|60142|64512|67020|57336|63695|73963|53972|58028|62570|34764|38528|38607|42213|42405|40385|98130|110759|112557|45477|48741|57091|61562|60453|69537|63937|68404|81161|38586|35673|40003|43693|43105|42006|32236|36270|37761
3324|0|345.07349|Unknown|97261|96600|103204|84885|86167|87642|78588|78504|79912|94218|105132|105602|128047|114751|121421|41276|45648|49448|99238|96030|98737|92312|101517|97596|114402|112688|121910|82269|79702|81741|89415|70782|61232|66707|70721|63172|80882|78779|88434|64940|67248|67016|94838|93039|96184|111760|113997|125697|80478|84355|80078|83927|84103|83426|105652|104166|92372|115099|108904|116456|107004|108752|110000|82068|79062|82446|93271|90924|97881|73494|72855|70612
3342|0|346.12924|Unknown|12694|13307|12632|8305|7601|10021|9238|8675|9875|9588|11352|11593|21388|15205|17375|6879|8207|7625|8736|8268|10573|10378|10549|10833|9321|11404|11594|6626|7175|6503|6520|5176|4345|6054|8600|4798|9056|9868|10969|6758|6907|8039|9696|11591|9872|5424|7928|8110|6179|3970|5733|12818|10637|12350|10668|10315|9113|7997|6858|5604|12077|9237|8662|11000|11770|11485|9686|10115|10374|6935|9343|7957
3350|0|346.54099|Unknown|672|256|213|269|153|115|140|526|186|206|186|1122|258|1867|251|124|117|77|322|491|291|293|186|927|446|182|272|652|219|957|311967|293540|264997|3939|4020|3215|4414|5245|4799|5497|4338|3838|346|520|250|515|1080|857|208|275|151|362|226|179|222|326|269|158|334|661|198|763|352|471|784|279|130|178|113|195|265|242
3354|0|347.039|Unknown|1836|988|1498|1305|661|1650|2001|1493|2780|2776|2246|4313|2182|2653|5161|456|867|623|1704|2526|1347|2281|1057|1268|3686|3460|3376|2414|2051|2133|85326|74084|65383|97470|96594|94835|48236|48487|46043|82198|81153|84500|3366|3703|1992|1044|837|1652|2295|2370|2652|82597|78993|74208|3538|5219|6217|22632|19134|26874|33473|38562|37203|1471|977|1981|1184|846|1144|611|883|780
3359|0|347.12317|Unknown|15985|10073|2560|9899|7266|8157|14395|14666|11686|20025|24298|1078|26380|25798|24882|5418|5767|5552|6091|15579|15297|628|17168|14688|15379|14560|14276|11791|731|1833|15210|12805|9548|10976|1894|9205|13228|14588|12744|9570|9108|9081|19988|2729|16858|10074|8046|11491|11375|10019|409|20106|3267|16366|4121|13413|11617|13108|11071|5513|11730|13353|6738|17946|17566|16308|9919|10989|8713|12461|11303|17713
3360|0|347.13425|Unknown|29253|28311|26159|19285|18906|16974|23983|24293|20398|30309|30733|38146|31375|23636|31088|16704|15778|14059|25964|25397|21187|18905|19895|18795|31256|27417|31819|15049|16370|12858|17640|16007|14276|13507|17844|12558|19897|22138|19841|16081|17075|15532|18282|16242|17170|21470|21357|27589|21143|17055|17026|42773|42217|35967|24449|20565|19891|20007|21457|25757|30389|35193|29318|18562|19304|19298|20307|19097|20914|16885|14119|16097
3373|0|348.12604|Unknown|256|1477|876|905|876|1082|242|425|571|1635|2118|1692|412|1028|734|648|838|913|1228|1286|716|853|332|1174|299|425|331|428|580|784|726|852|586|1115|1066|751|863|749|1438|1713|1530|1215|1295|810|768|755|1039|596|552|365|289|1989|1449|1575|341|1148|1756|1416|1759|1330|1198|2387|1340|848|182|271|836|460|570|860|1503|1198
3378|0|348.64572|Unknown|261|380|138|265|145|158|174|142|141|146|172|216|304|289|224|89|119|152|242|365|313|216|328|206|192|212|181|220|174|150|199|219|107|328|261|250|179|163|310|271|218|296|174|405|118|160|223|378|149|224|158|200|181|190|184|297|226|211|153|294|226|391|356|169|149|228|177|165|167|264|152|170
3381|0|349.05496|Unknown|9417|7949|9665|7470|801|4910|6984|6799|7419|16123|16264|18865|15769|12663|11943|3069|3857|779|10241|12012|10997|11884|10126|10820|12544|10789|12420|9028|5585|9011|8640|7333|5307|836|5659|5020|9712|10023|7422|948|1869|4513|9047|7957|10823|13318|12418|15228|9631|6643|7892|8408|9833|9045|8709|8408|9237|2353|12383|14294|2514|10950|11945|1247|7685|7966|10431|9057|10578|9979|10133|7965
3383|0|349.0903|Unknown|5373|5766|4094|2363|3322|3996|5697|6086|6747|11814|10551|10176|10908|9722|9114|2470|2234|2020|6680|8625|5930|7926|6147|5792|7075|6512|6342|3217|4168|3131|5856|5477|3690|4676|3507|4710|6412|6092|6844|2571|3564|3335|5573|7530|7136|4987|5738|6350|3842|4753|5846|7704|8558|8591|4595|4841|3675|4288|5127|3962|4137|4411|5240|7938|7314|5830|4367|3838|5035|5898|4886|5414
3384|0|349.10553|Unknown|2562|2597|3093|894|751|644|4385|3659|3415|6731|6747|11001|2180|3133|2986|733|539|1014|4118|4095|3825|6089|4511|5487|4632|3590|3210|2307|2798|2529|3375|2303|2165|883|1066|1990|3799|3152|2363|6557|6903|5086|3339|4023|5358|2591|2553|1902|2253|1536|1079|5937|5993|4089|1936|1889|1933|2130|3098|3249|4699|5607|5455|5576|3808|3494|875|1361|466|13435|14400|14015
3385|0|349.11325|Unknown|2562|2597|3093|894|751|644|4385|3659|3415|6731|6747|11001|2180|3133|2986|733|539|1014|4118|4095|3825|6089|4511|5487|4632|3590|3210|2307|2798|2529|3375|2303|2165|883|1066|1990|2095|3152|2215|6557|6903|5086|3339|4023|5358|2591|2553|1902|2253|1536|1077|5937|5993|4089|1936|1889|1933|1789|3098|3249|4699|5607|5455|5576|3808|3494|875|1361|1010|13435|14400|14015
3409|0|351.1445|Unknown|122215|116354|114776|90738|89668|91122|121775|129456|124087|164344|166572|169731|170769|163870|157678|87539|79628|81026|130510|127494|125580|100150|98304|99918|128517|123141|134182|78746|75000|72598|126646|100806|81243|94425|84368|79428|104896|105542|104931|87774|87914|90969|110708|109025|105961|69133|74998|79679|92815|84602|82144|193969|194265|191850|132094|118993|112511|83768|85830|89137|106680|109705|117794|113740|103859|107229|89119|82063|89418|80774|79478|79524
3416|0|352.10757|Unknown|998|819|1616|971|1830|1121|1475|1056|541|2673|2764|2474|1520|1761|894|373|455|494|1022|1150|651|1367|888|1578|1486|493|1736|492|258|1071|1007|1240|1300|979|1077|529|1450|1846|1425|1445|1546|1471|1227|1978|1864|1297|1112|444|983|416|1436|2670|2012|2357|1405|906|693|1090|1781|708|1028|1840|1932|807|2102|1352|1584|364|764|3369|2787|1954
3417|0|352.14023|Unknown|13249|10551|11056|16196|18840|21205|14831|15953|13518|24216|26219|34811|20633|15653|17051|14150|17577|17439|15351|15285|14438|9120|11914|12883|12539|12303|13869|10120|12053|13845|14246|19328|19483|15249|15323|19384|21679|21522|18297|14670|16473|19926|16131|21077|18149|7510|8636|8655|8280|9623|9190|34048|34615|37714|29473|33915|30675|19322|18462|18980|18027|18516|18163|14065|13121|17055|15967|14345|16426|13778|13506|17112
3418|0|352.14771|Unknown|13249|10551|11056|16196|18840|21205|14831|15953|13518|24216|26219|34811|20633|15653|17051|14150|17577|17439|15351|15285|14438|9120|11914|12883|12539|12303|13869|10120|12053|13845|14246|19328|19483|15249|15323|19384|21679|21522|18297|14670|16473|19926|16131|21077|18149|7510|8636|8655|8280|9623|9190|34048|34615|37714|29473|33915|30675|19322|18462|18980|18027|18516|18163|14065|13121|17055|15967|14345|16426|13778|13506|17112
3489|0|357.07385|Unknown|5504|3781|4924|3329|3728|1959|3054|4729|2175|4806|7086|6969|6875|7978|5987|1269|1483|1550|4734|3382|4743|3466|4818|3606|4870|5371|4561|3208|4137|4118|3956|3748|2795|2713|2912|1869|6023|4996|4934|3020|4116|2393|5118|4561|4557|4124|4024|4521|3037|4445|3457|5473|4607|4226|4326|4381|3718|6518|5529|5379|3781|4715|6800|5407|5611|3377|3585|3429|3516|6544|6344|5299
3495|0|357.1868|Unknown|3792|2862|3308|3656|3719|3638|1915|2490|2096|3256|4482|4492|5760|5769|5471|922|1975|1596|7936|7422|5411|4698|2956|3916|2767|2205|2262|1313|1502|908|2244|2487|1441|1699|2715|2612|8120|6216|7880|2076|1467|1829|1944|2260|2061|1846|2855|2787|2412|1625|3468|3737|3885|2547|2129|3243|2650|2792|1731|3032|4123|3770|3320|4068|4022|4732|3354|1650|2709|29280|24840|24003
3524|0|359.10779|Unknown|6052|8069|6507|2534|3252|2863|5433|5446|3676|10491|10293|6380|14353|11512|8798|3018|2719|3687|10503|10269|11748|6321|6950|6014|6066|5637|6242|4839|4387|4125|7844|5370|3775|6820|4800|4729|8906|8191|8785|8314|6748|9367|6462|6474|7502|4331|3177|4965|3402|3959|3171|7286|7508|7135|7160|8183|6451|5131|6922|7071|11690|12635|9800|9440|10222|11310|3972|2423|3502|27894|30211|28731
3525|0|359.11316|Unknown|6052|8069|6507|2534|3252|2863|5433|5446|3676|10491|10293|6380|14353|11512|8798|3018|2719|3687|10503|10269|11748|6321|6950|6014|6066|5637|6242|4839|4387|4125|7844|5370|3775|6820|4800|4729|8906|8191|8785|8314|6748|9367|6462|6474|7502|4331|3177|4965|3402|3959|3171|7286|7508|7135|7160|8183|6451|5131|6047|7071|11690|12635|9800|9440|10222|11310|3972|2423|3502|27894|30211|28731
3529|0|359.18365|Unknown|2746|2332|3616|1097|1229|2067|2590|1581|2919|3827|2573|3719|4689|3800|2510|527|1220|1342|1580|884|1383|1898|1871|2080|1980|1689|2233|1795|1666|1793|1880|901|1416|1314|1724|965|1625|1090|1969|796|864|1108|2517|1888|2707|856|1457|1488|1418|1159|1758|4057|1994|3102|2492|2562|1562|2154|1462|1849|902|1978|1634|2454|1560|1860|1560|964|1359|3329|2800|2994
3548|0|360.55676|Unknown|188|284|365|112|256|156|240|210|192|146|189|391|278|248|163|106|105|110|343|207|214|170|1147|529|211|363|272|237|400|172|49191|29426|21913|385|305|174|565|167|236|895|263|632|250|337|178|143|375|325|145|200|166|168|144|143|236|132|165|327|220|239|191|266|312|122|150|167|172|178|121|159|342|197
3556|0|361.09274|Unknown|2118|898|1467|877|513|897|1678|1919|2107|3280|3679|3866|3428|2721|2462|712|766|1245|3161|1954|1679|3374|2365|1647|1975|1689|2241|1152|800|1484|1902|1533|1286|982|789|1393|1200|2140|1091|937|858|1419|2646|2971|1349|1948|2244|1860|1783|1290|1373|2158|1488|1570|1682|1515|1612|1487|1809|1319|3458|1732|1205|1842|2295|1410|957|1126|1113|4166|4684|2791
3566|0|362.05026|Unknown|958|625|629|918|1216|1325|248|977|1433|398|251|246|1925|801|2007|2032|1678|1554|11440|12315|9598|749|803|1630|885|327|877|1889|1365|969|52250|44061|40228|27084|28068|29629|19746|21532|21936|40323|40079|36870|2032|2087|1412|2101|3474|2436|1875|1585|2055|29921|26213|30492|23926|18774|17606|35540|29481|33556|52203|52187|53945|257|832|403|927|1055|1146|13005|15166|11648
3567|0|362.07208|Unknown|746|236|336|222|398|485|467|326|1052|599|1668|1257|524|752|240|244|509|592|894|732|531|1019|980|200|272|651|601|947|342|287|845|369|687|243|205|641|567|676|493|311|512|580|369|255|548|791|456|794|900|809|527|338|958|986|365|702|788|984|737|297|1467|605|1900|463|909|462|471|1300|434|747|200|598
3575|0|362.9671|Unknown|7639|3943|5975|5919|5186|6662|7741|5265|7258|20910|18371|19478|14928|10014|13057|3865|2107|3900|6148|5129|5795|10517|9429|10682|10254|9346|11409|9146|5602|4640|7687|5389|3742|4712|4314|3816|5857|7315|5980|3007|2572|3347|8888|12273|10149|11701|8940|10661|7946|6626|6938|12107|13490|12150|4423|6965|6107|11169|9874|11359|5683|9894|7472|10850|7088|7584|5884|6427|6882|6003|5354|5210
3580|0|363.09045|Unknown|2365|2058|2000|2973|3154|3185|570|346|911|480|941|674|1452|1602|435|280|699|1187|1625|1367|327|2225|507|528|755|2327|809|711|373|307|719|912|439|1534|1074|1820|1039|415|772|9316|10103|12338|809|654|556|468|812|274|303|149|383|599|639|495|6855|4652|6964|229|360|1383|1558|2076|2696|366|354|237|456|502|2294|421|302|193
3631|0|367.07568|Unknown|43211|45564|43944|35479|37562|36771|29047|26477|28267|19856|26228|32301|50124|40916|47438|16159|17945|19836|32220|32184|28304|36730|39450|39386|43137|37452|39137|32307|28697|28131|28113|24799|15917|20291|19569|15615|28080|28256|29128|20714|19247|19321|29998|30395|32541|41948|42835|46085|27871|24579|22869|16678|21361|23676|37372|38255|35907|35484|28934|35458|26862|32338|26828|33025|27135|26899|36616|34848|39451|16949|17643|16933
3649|0|368.24615|no MS2: Cer 14:3;2O/5:0|15000|13602|13942|3401|3358|3633|3054|5261|6203|5654|5098|3077|20567|16539|16007|8899|10166|10169|38547|34666|38366|9016|8949|11264|4274|2864|2820|2963|2341|3100|1729|1073|460|1232|766|1149|8743|8597|11302|17434|19888|17091|9164|8091|7206|7907|8111|6122|2102|2113|2213|1481|1370|2069|1593|2064|1870|5529|5230|3837|6320|7595|5984|27812|20755|21116|1016|2012|2117|66725|67112|66504
3659|0|369.14688|Unknown|13170|12527|12179|8188|7911|7299|9198|7745|8769|15498|14274|20172|12226|12222|13407|4394|4093|6181|13450|17098|17314|10050|11798|11686|14266|13100|13464|6181|6901|5152|10813|6690|5529|8244|5792|7008|13979|10758|11592|11520|11907|12462|10453|8515|9610|8161|6441|7997|9458|7745|7555|11551|13790|14164|11300|10223|9068|7589|8703|9538|16439|14161|17401|13701|9235|12527|4884|5075|4805|36251|39078|36968
3660|0|369.1546|Unknown|13170|12527|12179|8188|7911|7299|9198|7745|8769|15498|14274|20172|12226|12222|13407|4394|4093|6181|13450|17098|17314|10050|11798|11686|14266|13100|13464|6181|6901|5152|10813|6690|5529|8244|5792|7008|13979|10758|11592|11520|11907|12462|10453|8515|9610|8161|6441|7997|9458|7745|7555|11551|13790|14164|11300|10223|9068|7589|8703|9538|16439|14161|17401|13701|9235|12527|4884|5075|4805|36251|39078|36968
3736|0|374.1058|Unknown|437|298|409|740|797|895|751|373|344|1025|518|928|580|447|1240|375|526|574|1996|1629|636|335|704|388|1082|1316|1837|795|840|2363|1914|2663|2416|22765|25630|27770|8721|10429|9338|39594|40912|40807|3331|1963|1240|671|585|542|638|274|195|47481|52078|55088|7426|6716|6627|17948|18983|15713|28923|30486|39450|1505|652|1037|743|262|563|352|881|1319
3737|0|374.1438|Unknown|2441|1086|3096|1040|1020|740|479|2414|2515|552|6585|1500|1880|2616|2266|1063|745|917|4689|4679|4702|1207|2520|670|1076|3536|1618|712|834|915|2409|1447|1629|3701|1329|2893|4034|3794|2555|7243|6797|5555|796|1363|1708|1096|2536|1374|1382|645|768|3170|2002|2745|3050|2093|2294|2332|2365|2061|6269|7109|7995|2938|2219|2496|1219|687|1725|293|1303|716
3738|0|374.15704|Unknown|2441|1566|2664|2212|1730|1498|1248|2414|2515|4270|6585|5448|3165|3288|2050|1027|882|1046|4886|2921|3678|2708|2520|1982|3684|3536|2652|880|2936|1392|2266|2551|2120|1698|2059|1287|2586|2422|2241|8049|5234|7505|3186|2315|3216|3146|2531|2716|1297|2271|2425|5714|6462|4180|2698|2947|3654|3716|2320|2884|8254|6819|10067|2938|2219|2496|2386|1700|2294|1816|2050|2116
3761|0|375.31113|Unknown|10969|10073|13114|3325|3359|2870|3928|4415|5661|8271|7550|8155|15106|14720|13234|1220|1171|1883|3283|4486|4207|2835|4777|3740|2618|1128|2328|2020|2563|2762|22885|16926|15026|12620|13229|12864|16831|17095|25371|8148|6600|11332|1936|2923|2564|2291|4202|3585|4860|5389|4695|6804|10154|7124|10277|7195|7717|10930|8907|10008|22302|21594|25639|2931|3368|4263|2050|2022|2051|874|2077|1474
3782|0|377.08539|Unknown|713|947|751|312|412|580|234|418|202|847|1343|1023|880|1224|766|627|248|235|11420|12473|11212|394|772|770|638|386|384|315|710|728|914|607|955|32906|37681|33346|15539|16972|21822|89928|90710|101024|497|964|1565|287|926|963|489|115|361|25658|21451|24198|19468|18696|15852|28213|29012|31481|112624|113449|120969|471|499|269|226|281|516|7973|7360|7593
3797|0|378.16321|Unknown|3660|3569|5613|2916|3195|3298|2518|2275|1987|2977|3072|4128|4918|4186|6527|1859|1213|1576|2526|2490|1846|1144|2836|2186|2437|2816|2434|2612|1167|1789|3295|1894|1686|942|1579|1948|3973|2881|4320|2861|2161|2680|2219|3680|2451|1721|1584|1064|809|1442|1301|3678|3392|4212|3430|4982|6232|1738|2144|2794|2546|2583|2153|2835|2961|3920|1385|2106|3434|1904|1448|2365
3818|0|379.50125|Unknown|239|195|226|163|228|139|163|288|132|278|221|323|345|305|870|56|178|241|212|259|242|188|192|242|168|221|257|176|264|165|406|211|1159|1416|151|138|202|327|246|11|280|188|241|231|196|337|148|235|123|317|251|271|289|164|237|276|201|239|184|233|252|263|11|268|282|177|222|169|161|880|220|160
3826|0|380.64328|Unknown|314|234|294|214|178|132|288|220|157|199|149|364|264|274|248|139|81|93|183|360|326|181|274|221|225|226|499|220|228|214|501|290|128|188|151|210|144|277|136|148|164|225|257|627|364|233|229|223|193|170|118|180|225|560|294|379|227|197|220|209|537|199|253|289|137|230|163|117|156|742|450|861
3844|0|382.05984|Unknown|1424|1116|1253|1144|723|805|664|512|870|2096|3130|2195|3120|2100|1111|622|1184|647|1215|912|1904|1425|1274|1216|2412|3337|1811|476|925|607|382190|362219|334806|5979|4919|8834|11148|14121|14039|21040|20891|22641|1652|2065|1165|2770|2788|2907|5872|5635|4835|1484|2001|2837|1090|1328|1065|2153|1343|2957|1724|2701|2850|591|693|1089|1207|2178|1801|921|926|497
3852|0|382.54987|Unknown|236|186|170|259|152|117|230|267|174|207|274|170|397|233|236|89|89|70|220|518|203|205|192|194|184|229|215|322|150|164|250602|221185|200308|19862|22915|20499|8866|7478|9060|24576|23260|20965|142|266|237|244|192|258|108|127|141|87755|85296|80649|4344|2501|4081|10486|13349|11426|23979|21244|23320|257|331|170|165|159|119|129|373|164
3858|0|383.10101|Unknown|3931|2709|4447|3177|3701|3399|17293|16527|17351|19875|18729|19511|24951|19319|23794|2529|3029|2439|11313|12047|10681|8576|8650|8219|19130|21248|23426|12078|11010|11866|17510|12309|7528|2795|4851|3843|4404|2697|4110|993|401|227|25908|24615|25237|2758|3653|2790|7702|7934|6761|4090|3730|3377|3150|3194|3991|4180|4212|2724|1942|2502|2961|19467|17063|18081|4029|4393|4405|5120|5443|6969
3865|0|383.28049|Unknown|2865|3075|4060|3362|2371|2544|2737|2287|1799|1940|1153|772|3096|2554|2850|758|940|1074|2497|2178|1869|2030|3059|1840|2105|4657|5657|1466|2003|3186|2464|2212|2195|1028|2364|1168|2796|1821|4034|2007|499|1591|1763|2504|3470|2138|2439|728|2797|2582|2100|1577|453|1011|1747|3042|1286|1282|1711|1356|2604|2616|2422|4565|2381|2846|1559|1351|3132|10722|8629|8530
3869|0|383.66443|Unknown|604|176|597|795|676|278|340|885|193|715|689|286|506|982|615|116|107|465|548|794|189|318|613|418|895|200|834|464|321|175|660|227|237|156|156|360|431|908|135|724|659|481|258|611|416|829|644|465|1120|506|338|219|903|1085|1580|29907|138|589|221|666|329|386|1068|195|906|271|283|325|186|1176|258|586
3875|0|384.28299|no MS2: Cer 12:2;2O/8:0|220|444|222|161|267|249|151|439|429|154|398|240|322|253|397|332|96|229|311|205|393|220|493|224|212|398|165|197|683|230|217|307|145|298|188|146|317|280|133|260|196|367|656|277|735|328|214|17570|366|180|125|178|457|195|247|295|306|309|306|727|284|181|674|306|191|221|147|211|148|309|299|553
3880|0|385.05612|Unknown|510|711|657|716|479|188|634|355|221|297|262|367|492|362|521|171|149|125|958|565|443|582|243|390|444|1311|164|1055|255|749|979|1388|988|570|1120|1009|566|481|340|2406|1754|2239|736|808|409|754|252|209|438|290|379|728|589|467|460|496|442|549|196|449|239|511|376|538|311|272|644|582|347|102797|102004|98316
3882|0|385.09818|Unknown|1033|795|671|205|202|603|961|738|486|960|969|811|1278|660|934|259|270|160|464|1553|357|1004|502|528|1001|950|676|485|707|186|716|454|103|1736|1048|1021|927|444|492|1373|2156|2432|1361|472|1353|553|542|332|367|936|369|792|898|1130|1250|570|499|687|756|480|907|1608|1021|783|277|730|426|638|413|628|809|377
3896|0|386.06|Unknown|800|502|1893|689|731|226|402|360|1116|683|826|1606|455|1272|966|371|367|663|739|518|768|580|1925|343|3062|1271|2446|388|1037|740|602|410|595|864|358|388|1289|955|366|341|799|624|839|1284|582|1047|1404|690|1289|1039|607|1138|412|831|849|1205|637|999|2602|964|1083|1073|708|430|227|910|1372|691|1850|12035|12097|15276
3907|0|387.07166|Unknown|2421|1803|2812|1682|2056|1454|1784|1479|1082|2695|2194|2167|4914|3537|3457|1144|1162|894|320|2721|2653|1718|1473|414|3193|1883|4223|2165|1444|1199|1841|1531|1206|1444|236|1086|3132|3058|265|661|1217|1333|2460|762|1242|1885|3205|3927|1428|909|1201|2336|1849|1359|1641|2678|384|2030|2617|3527|1223|1713|2549|2008|1524|2040|2045|1934|1891|36304|35039|36343
3913|0|387.18436|Unknown|9671|6097|7310|2474|4008|2822|8190|9085|8713|11614|11318|11404|5987|6602|7979|1783|984|1276|8004|7021|5496|9949|10841|9601|4538|5528|6729|3912|2558|3952|5475|4820|3652|3179|2835|4163|5120|4542|5755|4594|3730|4767|14217|11702|11979|7999|4805|8284|4104|3076|2873|8216|9071|8956|5002|3277|5481|4619|4023|3522|7477|7646|7490|7149|6420|5742|1850|2266|2479|3245|2722|5512
3932|0|389.10083|Unknown|4367|4276|5350|1616|1981|1606|4325|4704|3689|9084|7694|7866|18000|13955|12501|8034|7928|7972|28441|24765|24341|4667|6535|5080|7386|8642|8686|7528|7910|8074|4918|3289|2986|21373|20558|22048|14840|15406|16976|15873|14279|13780|11363|8240|11529|15784|13474|15347|21207|19796|20297|14775|13329|14130|12607|12891|11605|25392|23424|25427|38410|35596|36433|3184|4566|3451|5422|4314|5918|13337|17033|14351
3933|0|389.10837|Unknown|4367|4276|5350|1616|1981|1606|4325|4704|3689|9084|7694|7866|18000|13955|12501|8034|7928|7972|28441|24765|24341|4667|6535|5080|7386|8642|8686|7528|7910|8074|4918|3289|2986|21373|20558|22048|14840|15406|16976|15873|14279|13780|11363|8240|11529|15784|13474|15347|21207|19796|20297|14775|13329|14130|12607|12891|11605|25392|23424|25427|38410|35596|36433|3184|4566|3451|5422|4314|5918|13337|17033|14351
3942|0|390.05423|Unknown|163|182|234|220|210|517|238|159|176|248|613|198|269|394|245|201|280|199|309|807|322|668|341|489|488|495|751|354|545|370|367|347|358|177|180|236|291|484|230|223|145|310|277|188|237|583|532|363|506|123|244|155|268|434|293|339|264|224|189|339|396|218|276|241|266|335|258|719|224|134|126|200
3964|0|391.29837|Unknown|5278|4803|5235|4850|7955|8190|2200|3455|3179|5370|14844|14749|5361|3813|6424|3722|4364|4468|24796|23442|20321|7508|9370|10271|4438|2780|3550|3308|5628|6365|1847|546|1214|5957|4528|4330|10846|11538|10928|9977|10339|9449|4128|6550|5582|10387|9546|8148|1474|2384|2420|690|643|374|6952|4542|5880|4840|4656|4964|9683|9661|11051|9357|9358|10043|9411|8204|10235|29336|28233|26646
3965|0|391.30563|Unknown|5278|4803|5235|4850|7955|8190|2200|3455|3179|5370|14844|14749|5361|3813|6424|3722|4364|4468|24796|23442|20321|7508|9370|10271|4438|2780|3550|3308|5628|6365|1847|546|1214|5957|4528|4330|10846|11538|10928|9977|10339|9449|4128|6550|5582|10387|9546|8148|1474|2384|2420|690|643|374|6952|4542|5880|4840|4656|4964|9683|9661|11051|9357|9358|10043|9411|8204|10235|29336|28233|26646
3970|0|392.18274|Unknown|748|444|1016|245|274|582|284|311|1154|905|949|836|1909|1255|778|178|177|201|718|766|876|870|1315|759|848|189|1072|452|623|251|730|594|272|517|463|423|1158|874|783|416|250|444|667|486|650|178|601|313|405|283|217|999|1042|1705|695|172|526|263|341|242|786|795|886|1310|300|708|564|550|459|5019|2586|2980
3984|0|393.15558|Unknown|12052|13175|12663|6242|6240|5268|8255|10782|9765|14270|12374|16610|17110|19406|18501|4518|3902|3703|14706|16527|15609|10831|9506|11396|11484|9857|10738|7054|5090|4934|8406|4791|6605|8595|7029|7463|10293|13197|9848|11670|8597|12421|12211|11458|9683|6711|6363|9068|5027|7026|5910|23079|23883|19009|14064|7606|10990|7025|6993|9298|13764|10567|14576|9825|8770|8615|5629|5449|4754|5306|6275|5844
4002|0|394.53445|Unknown|214|325|189|190|172|137|380|221|196|190|143|177|263|219|406|90|94|121|212|167|228|176|244|210|202|220|184|145|206|198|1762|1861|1251|134|166|165|180|167|218|155|216|240|252|294|385|181|272|163|180|114|110|269|240|166|332|182|180|147|215|215|218|213|364|352|11662|212|196|307|149|161|152|284
4016|0|395.27444|Unknown|60565|58047|60803|20352|18609|19089|20682|22705|23125|15304|25282|21082|71374|73761|71594|17790|21174|21541|96256|106635|105725|42305|49224|45692|26473|28285|35191|16599|18421|17434|10227|7515|4619|7936|7390|5385|21411|24373|22379|42876|46240|48705|35983|42416|42154|41105|45413|41580|14048|16900|13692|3726|5225|4916|3800|9568|8269|12934|13383|12198|16679|17740|22316|82359|80818|84807|12034|11954|13140|163065|180668|180112
4022|0|396.11423|Unknown|7670|5867|2821|1491|2297|1316|26602|22904|19849|61537|51679|56021|55772|52749|53624|21278|21062|25323|81269|81317|74091|17213|24074|20692|5734|5921|5843|47371|45396|42754|22092|16392|15154|50780|49500|45872|70547|69752|70125|86590|83100|85000|45323|41065|36452|74677|74953|81342|134061|121786|117811|51175|43009|45325|47954|43673|40972|88290|83458|91783|127464|135921|136389|27230|19418|20954|32231|28007|32027|51386|44654|47622
4051|0|398.06506|Unknown|1298|1615|1374|1751|1173|2171|1962|1952|1995|4791|4021|5982|5265|2474|2420|758|982|1094|2631|3760|2049|3173|2010|2773|3056|1536|6041|1423|1819|1698|1353|1515|1434|836|1419|2262|2743|1525|1956|1070|1523|681|1481|2686|1886|3063|2505|1873|1710|2873|2708|2762|2664|2108|1626|2806|1646|2862|3747|3751|2122|3254|3543|3111|2358|1154|3068|2412|2528|2461|1411|914
4060|0|399.06186|Unknown|45005|45268|46299|39171|40596|41468|24877|29908|29474|21628|26741|28088|44355|51570|44076|14018|15585|15778|29676|29096|33076|36234|38925|39559|38808|37061|41282|35226|33788|25901|27494|24800|18986|19557|22406|18589|27982|28133|26530|23704|24469|24038|33448|36398|33530|45137|44351|47508|23672|22534|22815|20573|22030|21296|41686|38870|35603|31188|32287|33174|27607|32178|27985|33083|30070|26485|42608|40216|39473|16836|15358|16133
4090|0|401.69327|Unknown|147|209|230|144|147|198|121|119|198|303|164|202|189|189|316|79|88|115|277|236|389|151|215|138|240|310|190|138|340|190|457|189|114|746|138|166|198|119|189|102|346|217|390|206|217|301|171|196|136|309|122|172|117|349|190|218|438|219|143|187|239|203|398|166|301|198|143|127|145|1276|1711|2206
4100|0|402.1767|Unknown|1720|1778|1232|147|1018|303|716|1164|442|1138|587|734|5490|3933|5190|950|1325|1070|8098|8232|7646|1124|1551|1828|224|219|253|203|406|875|2559|2248|1254|2038|2049|2660|11465|11047|11275|24524|20122|17046|1966|2852|2436|2721|2291|1204|11121|12978|10751|15816|13591|17531|4095|3722|2948|7813|8901|10828|21091|21416|25297|173|156|161|1148|541|725|2655|3998|2343
4109|0|402.99472|Unknown|170|242|18506|4276|4970|3618|3916|1414|3964|254|272|402|4548|7263|4754|151|3600|95|2159|300|232|3984|3483|2378|1102|751|1069|2431|2720|1327|136995|134077|125184|37819|36758|37744|14308|15590|16333|38801|33875|39346|315|830|836|3003|1572|1430|1584|2266|2050|86856|82762|85780|6996|5810|6538|31280|35038|42743|42036|45806|54513|223|630|815|175|9198|7304|1181|1176|1492
4112|0|403.05203|Unknown|6374|5930|9393|3041|5538|6014|5027|4072|3570|7903|6101|8889|11617|12648|12402|4870|5792|5147|28777|30285|25709|10475|9852|9789|7724|5685|5642|3283|4103|3194|4641|5211|3451|8398|7244|9501|18507|20925|19881|17666|14191|15167|6678|6803|5855|10804|13146|13056|4843|6116|3968|8977|9040|8817|13090|10656|10013|29287|23180|31308|34379|32655|36011|17812|15357|13838|6147|6138|6134|47177|48280|46324
4140|0|405.09497|Unknown|639|345|678|417|440|184|689|332|554|671|554|1110|1590|724|710|220|647|460|670|935|286|639|784|1132|1072|872|662|885|562|175|1093|145|204|447|293|752|124|662|1060|626|263|227|658|501|1488|658|676|304|555|536|750|1375|1192|1795|392|509|345|4102|692|576|713|1800|691|570|345|490|590|191|332|828|298|754
4149|0|406.15891|Unknown|634|324|965|291|1023|306|123|668|201|800|320|1393|1189|982|1189|392|384|330|653|269|477|1397|1086|399|191|627|537|196|276|488|547|335|274|670|473|569|500|123|275|1733|1218|495|1007|368|540|509|291|1268|142|634|462|1163|636|663|684|258|602|642|447|260|914|2025|1237|580|160|498|627|525|369|431|426|676
4151|0|406.19788|Unknown|568|441|261|186|253|248|326|172|443|174|266|228|229|252|180|74|196|183|546|203|461|238|261|158|199|475|158|136|269|285|210|170|224|132|196|138|259|115|154|124|366|669|204|191|313|150|210|203|239|153|208|114|169|237|180|225|109|195|546|211|676|201|173|602|199|98|294|222|129|159|147|109
4162|0|407.15533|Unknown|14903|18535|17100|7143|9705|6367|38540|44467|35603|30737|31419|34453|34161|28091|32552|3062|3784|3929|27251|31010|24287|21991|25395|20666|36470|34628|35770|21231|19070|17599|34787|23846|17802|11439|11419|9548|9474|7432|8012|1694|1395|1417|51257|44084|43261|9483|9593|11897|12954|14894|9498|12935|9033|9254|7904|6747|7374|7243|6986|9951|7109|7463|6781|39955|28998|34050|6320|5303|5016|12171|13004|11644
4229|0|413.2309|no MS2: LPG O-12:0|598|598|695|930|623|378|677|132|639|708|593|665|2373|2452|3611|523|643|858|6538|4901|6278|754|269|877|434|639|290|301|166|283|211|406|235|1718|2706|1626|5046|5771|5920|2488|3295|3503|195|895|890|398|1028|1560|1292|255|118|1544|1914|1585|885|1679|1089|1577|1350|1502|5452|4718|6346|2960|1915|2062|177|261|287|18671|20491|21173
4252|0|416.19257|Unknown|290|433|218|394|153|439|304|182|122|242|240|165|693|1121|859|80|334|270|1388|2096|2040|568|617|270|612|362|396|249|190|109|607|945|891|550|328|635|3944|2802|3803|10034|9259|8414|661|930|862|658|344|1404|1176|1131|766|9336|9821|9966|1232|940|636|1874|2176|2692|5929|7982|6474|156|170|1175|137|195|232|1144|1023|1104
4272|0|418.086|Unknown|1432|1221|928|256|366|573|184|180|158|228|421|202|191|440|243|276|256|198|372|361|175|194|478|244|386|311|500|142|211|393|293|527|594|175|174|150|322|343|528|953|488|651|452|286|291|737|198|646|244|482|151|197|408|386|345|394|233|157|192|491|324|425|1097|222|278|356|271|581|360|4001|3492|3721
4282|0|419.06155|Unknown|5512|7372|4976|4278|4374|5428|2471|3316|2241|784|561|951|6340|6985|8505|1452|2625|2046|2145|3284|3060|4554|4998|2942|4582|1011|1190|4431|3615|2581|4044|3884|2737|1573|218|3166|2773|3220|3076|1772|2118|2135|3618|2105|3206|4572|7211|6338|3716|3314|3877|3710|3119|2565|5225|3789|4693|5914|3068|3857|2558|2790|444|5334|2730|2860|3180|4838|5562|2688|3103|2377
4283|0|419.06912|Unknown|5512|7372|4976|4278|3737|5428|2471|3316|2241|4281|5426|3806|6340|6985|8505|1452|2625|2046|2145|3284|3060|4554|4998|2942|4582|4066|4949|4431|3615|2581|4044|3884|2737|1573|1872|3166|2773|3220|3076|1772|2118|2135|3618|2105|3206|4572|7211|6338|3716|3314|3877|3710|3119|2565|5225|3789|4693|5914|3068|3857|2558|2790|2504|5334|2730|2860|3180|4838|5562|2688|3103|2377
4300|0|421.06647|Unknown|1451|2062|877|1546|344|1136|508|1118|1407|2698|2661|2362|2651|1522|2070|730|450|1137|3962|4656|4666|2278|1990|1565|1884|1610|1916|863|1664|2042|99619|78357|65608|116069|110247|103936|59730|61920|60134|99278|97686|101666|2147|643|2035|1069|1027|3062|1330|1880|1772|90095|83567|88052|24066|21155|23066|60442|56319|65323|88281|79497|89602|1370|658|2085|1432|1371|2205|650|1096|1669
4301|0|421.07446|Unknown|1451|2062|877|1546|344|1136|508|1118|1407|2698|2661|2362|2651|1522|2070|730|450|1137|3962|4656|4666|2278|1990|1565|1884|1610|1916|863|1664|2042|99619|78357|65608|116069|110247|103936|59730|61920|60134|99278|97686|101666|2147|643|2035|1069|1027|3062|1330|1880|1772|90095|83567|88052|24066|21155|23066|60442|56319|65323|88281|79497|89602|1370|658|2085|1432|1371|2205|650|1096|1669
4319|0|422.5202|Unknown|275|200|189|427|128|148|162|161|177|297|141|128|265|220|202|136|128|158|239|428|232|149|201|337|194|149|231|146|262|173|255|147|128|179|144|128|154|385|128|156|133|188|421|266|156|237|182|174|138|128|142|335|184|246|194|266|178|152|186|150|175|577|398|274|168|164|128|224|128|596|613|458
4323|0|423.10187|Unknown|961|1611|1134|260|870|354|1347|342|710|2217|1362|1972|1821|1109|1527|247|361|411|1063|866|654|1175|1663|1940|459|804|1305|485|220|397|1590|313|276|324|318|518|1058|745|616|453|285|437|1671|1425|969|1000|637|1212|1114|539|518|694|1836|2012|1086|551|714|310|544|455|10847|530|543|882|555|1127|297|305|242|336|362|948
4342|0|426.02151|Unknown|165|224|182|157|258|396|223|258|146|432|308|403|315|182|787|124|83|104|189|268|268|295|306|143|171|400|224|174|140|210|67129|60548|51940|21050|19923|22297|9513|8859|7817|18894|20276|20722|458|135|199|325|374|420|430|3850|345|22389|21766|25484|1528|1166|1310|10291|7561|9469|8612|8483|10391|205|141|163|200|618|152|163|188|118
4345|0|426.51572|Unknown|195|173|193|157|146|223|176|246|564|156|140|165|301|211|176|189|101|70|374|182|148|494|440|256|256|166|251|324|114|171|302|161|158|118|150|193|131|131|158|334|247|278|246|155|340|167|228|208|134|132|431|140|149|175|386|233|233|194|172|180|195|233|330|418|186|143|483|100|140|157|1662|476
4348|0|426.96753|Unknown|2649274|2538872|2597131|536324|545691|535201|2203909|2292528|2220488|3700684|3757420|3798826|3961653|3832482|3802685|316933|355866|360215|2780971|2770238|2705218|2781399|2852756|2810016|842954|793283|867978|2233321|2170114|2128652|2650319|2222519|1883508|2003347|1964395|1920544|2491678|2507080|2563880|475956|452825|479175|2875178|2904092|2841939|639518|677550|723040|690857|661772|632747|3207527|3191624|3174828|727977|667585|655522|810624|749994|796411|711327|735509|745004|2899964|2674020|2764476|573874|537133|569117|5374594|5478735|5447874
4361|0|427.97098|Unknown|174245|163895|168306|35991|38576|36968|144185|147158|146153|253006|251494|260243|266663|254742|256918|21247|24120|25090|182303|172947|168335|182962|187362|184736|59250|54114|62686|140841|145103|139079|182778|152692|128032|136950|130616|120955|165535|166647|174316|29588|31669|34774|189537|188166|190385|43521|45106|49877|47004|42825|44706|209000|210764|211955|53572|46434|43489|53079|54696|53234|48564|44948|54849|187213|175556|185762|39908|38637|40711|359958|375423|364328
4371|0|428.96307|Unknown|83082|86009|85878|13662|13964|13365|74062|72767|71009|127015|123296|131055|129249|126824|127146|7852|8382|9634|94440|92387|87658|93016|92123|90663|23889|21603|24566|77818|76829|71621|88132|79510|62571|67463|65034|62218|84582|82581|84471|10070|10216|11356|91249|96443|97530|16691|15221|17267|17678|18311|15786|106027|103433|104023|19964|16018|18872|20002|19398|24013|17889|17250|19268|99853|88722|93853|14648|13775|14145|181684|187868|189543
4374|0|429.10913|Unknown|8753|5683|7668|6502|5484|7719|2381|3428|3800|2228|2449|3550|5831|7385|7666|2024|1705|2397|3700|3395|5524|5783|6439|4375|6403|5850|6669|4589|4310|4970|3607|4664|3907|2980|1822|2775|3715|4139|4796|2526|1847|1113|3942|3097|3144|5305|7154|6951|2928|4304|3207|2736|3161|4356|6589|6259|6536|4238|3721|5625|2868|5417|2204|3008|2588|2966|8632|6047|5727|1552|1065|1491
4395|0|431.22025|no MS2: LPA 18:3|30215|26195|24205|19585|19756|21527|8556|8857|9241|9216|9612|9996|30891|25273|33005|14760|19222|20409|89855|84861|80095|24871|23786|22167|4265|3220|3380|4340|4827|4095|17062|15006|12225|14734|14142|14540|49961|47284|53086|65875|60166|66036|19780|14458|15375|28090|29173|29358|7458|8470|9030|26313|30154|27263|48283|46075|45333|43180|43252|44262|97074|100041|107543|38551|36798|36197|7385|7388|7286|96836|93973|94036
4411|0|433.077|Unknown|2589|1441|386|2225|2287|1187|1603|2423|1343|3890|4365|1242|1267|3725|3680|1222|820|398|2701|1932|562|2811|3138|3342|3071|2180|3996|1339|2053|2149|2187|728|1448|1368|1765|607|1709|1235|929|1108|617|619|2440|3073|2375|3329|2814|2264|1897|2176|2491|2639|3707|2893|984|3080|569|4126|3079|4798|932|3841|3545|3035|1658|2494|3107|2206|2606|4771|7750|6488
4412|0|433.08591|Unknown|2589|1441|2896|2225|2287|1187|1603|2423|1343|3890|4365|3907|3997|3725|3680|1222|820|1176|2701|1932|1703|2811|3138|3342|3071|2180|3996|1339|2053|2149|2187|2257|1448|1368|1765|1366|1709|1235|2541|1108|1958|1042|2440|3073|2375|3329|2814|2264|1897|2176|2491|2639|3707|2893|2287|3080|1872|4126|3079|4798|2387|3841|3545|3035|1658|2494|3107|2206|2606|2129|7750|6488
4416|0|433.21729|Unknown|6028|5413|7028|2792|2934|2883|6267|4074|5102|5982|4192|6860|8911|7640|12398|2376|1864|1596|18168|23085|16863|6016|5789|6506|3104|3888|3264|2391|3235|1967|5248|4775|4203|2507|2323|1386|9947|9341|11008|12116|12489|14142|6072|4960|3980|4040|4265|3871|3733|2594|2224|8770|6378|6861|6838|7062|5943|7037|7104|5265|18988|23775|24055|7213|6190|6606|1684|2013|1986|23535|23228|24878
4446|0|437.05429|Unknown|9767|9653|10170|7232|7023|5427|7585|6090|8716|15950|9901|13973|29662|24323|29140|11433|11983|11864|65723|61314|56750|17203|18172|17553|10169|9064|10533|6408|3985|6607|16411|11418|9592|19706|23486|18626|37433|38038|39187|37352|35630|40621|12178|11707|15097|18741|17645|16241|9455|6331|7268|27537|21549|22038|25940|27197|28183|54675|55303|54799|76472|74290|79960|31982|29436|27127|4079|4260|4708|88229|87814|87565
4448|0|437.09756|Unknown|3547|4777|4663|2854|3518|4904|2344|3815|3776|9368|9632|7918|5577|7072|5951|1693|1660|2379|4346|7055|5873|5823|5100|5923|7446|6664|6856|4242|3248|5229|5671|4534|3242|3450|2888|3454|5680|5067|6250|2681|3216|3682|4446|5700|4003|4698|6802|3408|4297|4911|3738|9617|9387|10494|4901|6058|4769|6598|8220|7041|5284|7902|7453|1990|3232|5278|5050|5662|4332|4416|2988|4638
4453|0|437.22775|no MS2: PA 2:0_15:0|339|158|570|148|142|201|142|164|236|1094|1170|1088|1024|1552|465|155|103|288|418|168|248|201|211|418|560|380|732|717|620|170|284|574|123|227|101|199|496|301|995|254|574|174|601|269|136|185|311|402|491|79|99|478|1081|406|148|158|507|552|549|204|706|1291|895|812|206|1252|498|451|612|627|1586|922
4463|0|438.5831|Unknown|172|329|225|156|137|188|195|190|308|207|156|433|400|776|239|94|55|77|189|536|125|225|536|153|160|174|147|158|186|122|534|100|462|162|991|832|308|460|236|508|370|398|158|193|82|177|156|146|435|134|146|304|324|441|151|168|203|212|162|198|329|274|367|124|164|125|198|150|234|646|250|169
4469|0|439.08517|Unknown|4742|4466|4404|4913|4324|3232|2585|2596|3572|2517|2972|2666|5707|3712|6683|1918|2502|2468|25978|21854|17898|4360|3111|4142|4427|9399|3399|3825|2812|4912|3572|3165|2336|141032|146434|136490|38542|43106|40525|144818|126580|139603|2519|4870|3725|6949|7644|9866|2891|2617|2571|58448|54878|54302|41594|33965|30677|85591|78387|86506|204569|207195|221036|3856|2569|2651|3884|5325|5280|5589|3717|2150
4505|0|443.19159|no MS2: PA 2:0_16:4|1421|1075|1818|609|649|266|1265|1945|843|4617|3776|5801|3193|2522|1264|192|672|742|829|1642|881|1780|3429|1124|1664|2134|2762|685|1092|1141|1111|1110|680|631|516|378|1394|1560|1710|892|166|1006|1650|1640|1610|973|1074|952|1186|1658|2346|6951|5519|5817|1532|425|712|673|1037|614|752|526|959|2259|1508|2864|438|400|515|1227|712|1381
4533|0|446.19434|Unknown|40705|48746|45962|84622|88382|85628|41546|46371|42226|67451|79258|84503|11204|10729|14087|49590|55255|58286|82652|87383|84312|64753|70820|70291|60589|60565|58982|71046|63698|62533|59976|72510|72561|47673|55073|54291|98684|91575|91337|89874|85857|92471|73840|74715|77984|99797|99147|96069|55031|56082|55686|106138|117211|118057|83904|92312|84937|83063|77641|76472|60824|61502|76320|63793|64482|68828|92777|88585|90555|60495|67175|71210
4562|0|449.57407|Unknown|204|300|188|110|116|150|163|158|185|428|1657|240|230|372|246|103|218|75|198|203|138|133|192|177|246|218|731|243|109|153|216|101|163|144|142|147|857|143|629|321|230|199|364|738|232|181|120|162|193|332|177|150|233|170|152|144|115|163|110|187|176|173|194|166|192|254|99|118|127|145|141|160
4612|0|457.5726|Unknown|279|484|147|185|125|121|189|180|250|299|158|188|222|199|213|61|90|152|216|153|129|131|276|158|160|253|138|107|171|257|189|178|375|138|114|113|96|442|118|118|115|214|138|157|289|137|189|170|189|181|121|286|137|179|195|202|194|252|458|243|176|311|276|217|189|106|128|86|126|380|173|244
4623|0|459.2023|Unknown|45658|40710|41391|12723|15597|14177|30457|26941|26001|36502|33772|34210|33588|29326|27651|21529|19118|18438|40853|34632|30618|24424|26135|21252|23762|26971|37166|12983|13609|12877|23904|17613|15391|11467|10434|9992|21218|19986|22923|15240|15560|15860|26278|23593|21703|25801|28839|32278|24378|23480|23732|59591|57497|53389|17053|17311|16039|15360|18178|18936|14094|16854|16559|21881|20938|19258|15712|12018|16585|15534|14659|16057
4631|0|460.1972|Unknown|6274|1639|1209|3651|3114|3319|1521|2563|1875|3762|5186|3930|3800|3278|1208|3004|3130|2788|4481|5679|4249|2144|2492|2974|4680|3303|4763|2033|2546|2198|2419|2218|3136|1340|1434|1408|3374|3914|3930|2688|3689|3029|2752|3857|4742|3752|4478|4591|2366|3088|3392|8096|9408|8739|3724|3450|4824|4373|6484|4800|3447|3594|4301|2848|2395|2017|1159|2155|2742|1559|2774|2026
4632|0|460.2056|Unknown|6274|4221|3842|3651|1308|349|2623|1724|2290|3762|5186|3930|1832|2469|1250|3004|3130|2788|4481|5679|3030|2144|2492|2974|2248|1438|3428|818|522|783|2434|2218|3136|1340|1434|1408|3374|3914|3930|2688|3689|3029|1903|3857|4742|2182|4478|3484|2970|3178|2287|8096|9408|8936|2108|3450|4824|4373|6484|1575|1544|2218|4301|869|2395|2017|440|2155|2742|1559|2774|2026
4633|0|460.36346|Unknown|19969|18854|20048|2644|2710|3253|6709|8296|6662|5157|5788|8420|9296|10941|8368|5071|6774|5525|8640|11657|9842|11278|10560|10221|9319|8800|9510|12084|13419|13623|15780|11178|8822|12526|12194|10500|11583|10153|8624|6277|8848|6952|7633|7298|7114|8073|13618|7615|9386|7777|6926|11621|11808|8645|12750|14975|13057|28120|20473|26298|8884|8445|11749|9942|7309|8037|5800|3653|4416|9631|13664|10020
4670|0|465.17624|Unknown|3044|3750|1884|1028|929|1329|2720|2498|2195|9195|7450|7207|4532|2481|2531|652|778|725|2939|2486|2910|2549|2841|2097|3238|3368|3155|1615|1583|677|2858|2071|2327|1219|1722|787|2528|1100|2793|1827|2047|750|2512|2372|3435|995|1411|2575|2647|1209|2392|7016|6399|6518|1138|1285|902|3492|2965|2498|2162|1507|2288|2862|2190|1241|1165|986|1501|3263|4311|3612
4683|0|466.17142|Unknown|134|354|190|87|289|590|178|151|141|724|241|545|481|305|200|61|190|134|162|346|600|401|147|958|379|178|362|305|320|243|413|355|229|336|380|458|185|337|410|556|636|610|364|177|876|339|308|368|571|483|271|177|590|231|371|204|214|134|531|366|233|445|871|317|678|196|133|129|191|426|465|360
4684|0|466.28357|no MS2: PE O-8:0_9:0|133|137|147|91|156|226|121|146|128|504|343|105|244|534|197|61|154|116|187|151|266|238|206|171|166|152|149|196|156|123|413|97|110|148|198|227|203|248|284|161|270|142|204|169|226|208|220|150|120|102|454|144|364|232|155|139|214|201|216|291|398|534|258|190|117|320|131|181|100|133|144|163
4688|0|467.06476|Unknown|2918|1646|2391|2172|2309|2459|2328|2501|2123|6667|8229|8325|8493|7453|7144|1872|2843|2994|20716|17370|21422|5078|5170|4655|4966|2307|3852|1606|2005|1788|1775|2338|1696|5866|6170|4340|11347|9330|11541|9976|9854|6894|5094|6078|5090|5220|4224|6185|2457|2910|1733|5331|5929|5871|8384|8616|5363|16718|15185|16654|20013|18891|22537|10107|7335|7972|2959|2645|3562|36513|35315|37026
4698|0|468.06827|Unknown|579|149|160|216|100|107|289|99|344|93|195|278|499|625|546|229|118|244|1004|166|176|187|250|167|167|286|709|471|476|235|226|198|130|180|151|325|567|569|341|323|363|327|466|143|196|200|150|174|266|305|150|318|154|202|283|491|189|195|308|620|394|181|193|327|384|232|148|134|113|164|405|712
4711|0|471.14038|Unknown|471|228|200|346|323|152|145|267|262|275|161|173|671|123|165|345|209|102|238|522|188|284|190|539|279|196|293|197|343|167|699|354|314|244|289|376|226|137|328|380|158|240|131|444|594|97|400|282|276|118|154|157|229|324|184|171|368|133|184|151|349|168|185|136|311|148|141|271|247|1790|2403|2257
4754|0|477.08539|Unknown|1704|825|398|1014|991|846|1002|912|388|583|735|759|3102|2084|1077|752|1000|1008|6870|8832|7552|1734|1105|2218|777|1260|618|1118|1166|905|853|1154|848|2516|1804|1632|5031|3767|5565|2465|4926|3576|1350|800|1131|451|728|790|825|619|808|2014|1895|1395|2431|1984|1145|4971|4459|6204|7286|4640|9164|4354|2854|2909|1195|1233|726|16722|16956|18697
4765|0|478.29285|no MS2: PE O-13:1_5:0|180|139|148|156|170|338|391|141|124|93|155|273|240|291|136|80|70|169|494|206|186|107|212|269|204|109|264|147|265|365|126475|111193|94937|128009|126300|122815|89658|95586|99890|111568|102779|110608|182|404|168|64|186|110|146|139|104|85221|94210|95567|94291|97725|99433|110986|107408|116653|108004|110881|116944|244|107|123|140|259|105|133|177|128
4771|0|479.29709|Unknown|199|577|221|194|133|740|421|206|140|734|651|245|285|231|243|90|138|94|157|619|229|403|359|316|494|252|190|176|138|118|22173|15049|15943|21112|27579|25770|15173|13787|16442|16981|17732|20444|321|644|184|388|91|278|570|320|202|13086|11786|16958|11962|13048|13085|17293|14694|19091|14273|15413|14403|214|292|248|102|144|211|125|93|251
4789|0|484.13605|Unknown|252|160|220|233|140|115|852|170|160|168|141|122|211|238|248|105|98|114|111|342|151|331|203|247|297|265|237|192|161|144|162|163|249|151|120|84|167|248|108|115|212|102|1333|133|240|75|562|288|90|253|148|389|140|155|151|311|175|281|368|173|168|425|321|206|101|660|162|67|135|130|437|201
4801|0|485.2493|Unknown|359|172|338|186|273|451|137|236|199|576|436|169|367|414|293|228|200|88|169|127|243|183|272|686|473|208|533|188|1377|322|313|98|147|323|152|189|260|186|197|520|164|287|164|141|500|151|471|165|127|102|106|3010|3408|3340|102|246|129|380|201|180|532|319|423|269|132|194|119|104|84|334|352|86
4812|0|487.19696|no MS2: LPI 10:0|375|452|234|243|197|189|361|388|316|558|566|587|692|939|464|712|347|144|223|227|122|156|551|364|318|254|345|383|508|391|224|473|125|139|321|116|243|145|421|128|352|583|227|925|241|344|116|507|401|116|516|607|535|714|602|353|120|162|147|743|501|229|337|118|151|418|717|196|122|336|502|174
4820|0|488.69904|Unknown|162|153|389|150|110|78|129|157|142|243|202|344|182|239|380|178|70|197|258|130|158|201|126|211|174|248|144|190|97|231|1510|126|104|369|111|400|173|221|268|148|93|144|174|145|263|151|155|132|284|165|145|140|76|446|265|314|241|170|363|408|237|174|429|218|121|192|140|142|83|184|124|137
4830|0|489.32086|Unknown|649|1353|863|213|737|510|560|460|1219|1180|483|830|778|1468|2128|374|125|492|499|700|1059|803|1059|1158|1339|427|1154|642|770|230|776|497|238|304|228|377|432|648|410|599|167|730|279|662|334|370|556|1518|447|669|660|258|829|832|791|540|183|645|160|737|980|435|622|962|973|541|853|450|126|101|459|317
4833|0|489.72723|Unknown|166|181|185|89|134|120|151|124|129|124|468|124|220|226|245|66|64|122|184|149|401|114|118|158|340|211|120|193|87|262|185|159|106|118|87|109|139|162|165|116|154|126|171|96|277|106|149|506|258|85|184|135|218|84|193|186|151|77|223|147|269|139|252|108|137|109|98|213|140|151|298|308
4842|0|492.09811|Unknown|169|686|179|145|298|143|284|270|108|1556|1842|2134|486|395|426|85|114|168|189|151|218|150|103|456|211|276|173|112|148|118|345|111|162|341|120|111|1746|215|321|159|129|157|373|149|395|200|294|351|127|101|112|134|122|461|132|252|120|118|176|250|173|432|384|328|128|120|119|108|149|312|431|468
4843|0|492.10519|Unknown|285|686|179|86|682|129|284|185|108|1556|1842|2134|486|395|1206|56|91|69|189|72|218|174|160|456|211|276|180|112|220|174|345|189|94|94|341|129|144|142|131|159|131|380|164|142|395|159|103|351|127|172|112|228|139|343|199|252|108|196|176|220|150|131|345|328|365|159|126|108|149|312|431|468
4851|0|493.2207|Unknown|147|1907|180|217|422|153|170|195|220|133|279|373|184|639|225|97|630|159|740|1187|1262|76|794|245|287|131|2012|88|437|153|479|68|120|67|348|99|573|279|224|565|387|189|289|187|201|302|909|980|1475|1738|943|404|276|219|422|130|287|460|668|211|2877|1753|1869|159|146|239|205|188|163|399|452|309
4869|0|497.11627|Unknown|142|223|311|217|203|157|145|125|685|270|124|108|150|690|189|80|130|70|303|242|147|126|188|128|131|247|382|149|285|323|214|234|212|102|85|250|177|176|211|336|135|102|183|311|178|156|160|79|165|120|118|204|162|234|163|143|129|227|353|189|478|211|600|303|130|159|120|134|146|102|216|156
4875|0|497.73785|Unknown|275|200|140|357|138|168|128|346|129|365|239|146|304|210|291|74|51|87|186|191|288|158|183|179|160|167|197|74|149|134|243|198|154|106|161|106|99|109|118|119|203|119|167|167|95|253|386|141|110|258|200|205|65|183|144|75|702|169|576|193|209|152|346|134|190|115|80|187|150|4898|8609|5977
4877|0|498.23892|Unknown|228|192|171|306|220|577|131|136|80|90|293|121|294|341|475|160|109|148|86|183|211|133|169|154|141|421|226|121|260|102|152|97|77|157|135|216|160|170|115|134|240|358|218|297|444|129|147|148|148|1136|463|184|209|170|218|191|337|84|152|532|314|205|171|149|249|226|69|169|65|1375|1932|2144
4917|0|505.1214|Unknown|13580|12301|15022|12462|10044|11394|6087|9179|8159|4317|5369|7203|11721|11439|11002|4308|3635|4580|8167|7103|8631|10185|9543|9227|10930|15526|13155|11424|7622|7996|8874|7490|6163|3666|4050|5667|6076|7364|9145|6275|5918|7662|6900|9339|8535|8822|10244|11162|8102|8376|7810|5837|7150|4410|11580|10557|9515|6848|5766|9997|5777|5613|6491|8906|7986|8573|9102|7215|10243|3590|4202|2809
4923|0|505.73486|Unknown|73|252|266|141|109|152|190|147|102|160|325|86|271|198|178|69|107|89|280|355|968|271|94|101|129|102|126|127|135|143|171|110|92|156|162|51|172|146|81|105|131|118|92|138|205|262|115|140|107|66|96|250|133|105|272|125|121|182|100|161|91|110|167|194|126|129|122|112|113|652|885|1195
4929|0|506.71979|Unknown|182|366|321|133|296|214|286|366|147|111|176|389|707|204|662|95|123|83|212|213|314|155|98|180|185|168|153|164|174|411|334|395|113|148|162|308|433|154|486|99|139|237|494|576|181|518|147|351|494|131|446|869|1439|638|173|227|917|224|99|211|122|280|180|208|138|111|126|174|96|748|316|120
4963|0|511.1972|Unknown|1479|737|664|536|811|572|254|302|617|114|242|1171|299|681|477|58|392|131|265|758|289|376|162|459|200|831|303|399|138|200|322|277|200|307|484|348|145|101|471|632|399|393|156|929|383|583|448|236|131|150|265|459|414|290|367|235|302|249|121|390|519|1010|243|344|348|341|141|367|635|47551|48625|48017
4974|0|512.73315|Unknown|217|128|98|75|380|57|129|125|101|107|221|235|219|347|186|67|122|66|271|97|126|87|61|142|216|145|94|202|155|100|105|115|163|65|190|121|161|260|324|221|157|303|245|77|156|136|159|140|94|266|135|98|138|184|98|181|224|197|78|93|117|263|174|114|91|173|86|174|135|337|483|240
4981|0|515.0462|Unknown|906|280|575|71|172|500|98|212|94|658|1950|1153|305|525|442|59|86|406|279|1213|162|272|413|168|554|337|182|274|282|136|115|428|136|166|300|153|209|843|121|105|896|239|154|199|232|173|381|180|648|57|414|136|739|320|1245|171|398|166|313|1826|533|364|367|768|85|882|144|109|2515|645|181|371
4988|0|516.18134|Unknown|178|193|188|60|143|144|244|445|250|197|132|225|459|841|374|98|74|68|337|480|276|148|392|138|166|371|647|180|132|148|277|206|135|132|116|365|109|113|135|173|640|150|130|208|155|77|62|182|311|477|133|625|242|296|388|232|168|187|119|92|469|135|623|88|137|125|155|80|101|306|275|127
4997|0|518.37769|no MS2: NAGly 11:0/18:3|111|106|78|118|59|153|151|333|543|70|300|156|143|423|220|160|64|70|132|83|137|120|154|298|99|130|187|538|118|152|157|155|100|147|109|92|102|188|230|73|114|245|108|170|512|241|76|186|73|134|79|350|148|183|98|142|101|215|130|277|214|388|164|78|82|359|201|489|90|210|291|206
5013|0|523.2193|Unknown|179|188|63|185|387|166|244|351|77|728|508|1002|975|1102|891|139|169|178|404|103|130|157|627|430|325|143|176|136|654|438|548|350|181|634|264|109|125|398|434|452|136|194|336|369|155|543|202|288|154|388|543|144|386|1438|461|205|489|592|378|212|718|927|527|567|154|144|198|301|688|1047|357|1444
5037|0|527.94128|Unknown|226|197|286|601|851|409|79|118|156|187|92|162|119|139|776|70|64|222|253|256|187|257|172|177|273|137|297|268|365|150|11|215|116|117|188|196|107|197|280|430|147|1097|176|311|220|648|213|466|252|307|111|155|90|396|212|307|180|105|86|311|123|109|120|108|140|285|212|110|213|348|114|187
5044|0|529.30469|Unknown|244|319|343|162|126|245|225|142|191|227|125|149|225|251|173|214|111|238|130|283|164|161|343|275|412|205|175|621|512|130|170|248|195|494|162|76|145|84|118|2112|2367|2739|176|259|180|132|439|127|160|103|179|165|239|186|147|211|217|175|174|144|155|282|204|470|77|480|285|84|58|1118|606|1429
5046|0|531.07788|Unknown|2823|2682|2585|2306|2340|2167|1300|2129|1811|4769|3864|3872|3367|3640|4361|1877|906|1291|11269|14580|13336|3643|4502|3721|5140|5145|2681|2522|2157|2468|859|2464|1068|2753|1798|3076|5055|7483|7463|5584|5664|4907|2840|3124|3074|4461|3127|3816|1923|2664|1895|3807|3166|3034|3754|2596|3610|9574|9340|10972|11844|11397|12946|5078|4163|4395|2097|2898|3357|25968|22968|24116
5078|0|538.29321|Unknown|154|362|122|165|131|179|68|192|68|154|105|165|134|350|92|45|61|231|623|237|162|164|138|206|446|205|344|92|207|121|186|173|212|148|194|88|657|187|325|1430|1266|1247|247|147|436|252|249|105|105|75|114|459|50|70|109|585|202|242|220|199|198|480|428|163|489|143|140|124|115|161|179|217
5081|0|539.09119|Unknown|8578|6226|6440|3841|6411|4434|4936|6387|4628|15570|16274|14580|9126|12334|9433|3919|4156|2735|7867|6632|7034|9257|7748|9003|10095|11822|11749|4732|4830|5586|6460|4709|3916|5778|3123|4094|7073|7266|8105|4846|3339|2031|8143|4975|5790|8174|8652|8372|6094|6079|6570|9242|10243|9432|7004|7972|6222|11446|9468|10807|7888|7132|9414|5479|5805|4308|8165|5277|8484|5827|5983|4953
5120|0|548.22937|Unknown|3917|4659|3660|3671|4150|4731|5276|7086|6591|5496|5248|8369|7550|5606|4385|1352|2051|1769|7065|6855|6140|2747|3070|3203|7804|9403|8190|2534|4328|4289|2700|3414|1641|1750|1358|1728|3663|3436|2460|2934|2118|1727|8198|6076|7053|5721|7292|4976|3675|3786|4331|11490|8376|10564|3660|2840|4091|4855|4076|3897|5596|7385|8529|2788|1627|2431|5125|4202|4350|3705|4639|5375
5156|0|555.29895|no MS2: PA 2:0_24:4|4142|5812|3195|5566|6030|3827|13759|17098|11117|56764|53937|60713|42890|32868|38589|3570|2985|4336|11872|14394|9132|5992|7648|8663|14108|10057|11694|6406|5976|5643|16039|8982|6794|11744|9767|7420|17857|18034|21181|2697|3414|4458|25640|22078|19976|1509|977|2792|7326|4314|5370|61720|63146|66724|9939|11679|8868|8757|5524|5360|13096|9368|13712|22648|16041|18463|5362|4915|4334|8025|10123|10862
5185|0|561.37909|no MS2: PE-Cer 12:1;2O/14:1;O|70935|64311|67012|48223|54342|53126|59494|64589|59553|82591|87745|94929|115554|108563|108328|35438|38037|40484|78529|79637|72900|54293|58903|58036|60220|58913|65702|62627|62506|57045|106201|81131|64343|94527|91809|83162|93720|94047|97369|63512|63278|64492|85665|86571|79449|39421|45620|46005|48412|45483|42984|125802|129414|135992|119664|110818|113454|91269|90979|96648|85610|88903|96149|76702|68439|74509|52652|49782|52319|46015|49462|49286
5217|0|567.07629|Unknown|611|686|995|467|626|548|574|471|392|411|968|1316|708|908|1585|880|420|1019|5175|5847|3397|1118|1188|1301|962|426|1742|312|69|788|507|313|412|1362|439|1381|2540|1494|2156|2842|2465|3420|539|665|863|796|649|1278|786|856|971|626|552|985|1562|1627|781|3998|3508|2373|5153|3541|4847|1096|791|2268|716|767|793|10657|9431|8729
5221|0|567.53522|Unknown|2023|1719|1482|654|1317|1074|1627|1073|951|164|100|172|2430|972|2158|389|738|281|2308|1367|1119|755|426|1543|2682|781|2224|1070|775|1402|22023|26076|17965|11809|9944|10268|11346|14873|16676|4820|4047|4433|403|1462|1292|473|717|872|878|612|490|139|283|165|4196|3626|3477|1218|802|1160|126|401|217|688|979|1018|1175|933|1729|249|148|162
5232|0|569.75433|Unknown|383|308|152|114|146|160|116|295|152|196|306|296|212|194|196|81|105|26|385|190|214|337|313|239|223|628|377|465|89|182|171|240|176|627|136|164|135|177|154|162|262|439|480|203|37|279|207|207|290|107|410|291|342|212|90|117|198|321|151|147|462|102|212|151|188|286|168|322|426|515|641|240
5235|0|570.25671|no MS2: PS 3:0_18:5|146|689|164|122|251|127|107|212|215|106|738|81|503|210|312|146|78|29|55|307|250|33|67|144|256|76|443|125|197|180|226|88|242|94|144|106|63|133|147|322|272|339|254|358|290|144|170|303|269|145|119|1122|199|55|164|192|365|171|291|770|248|560|123|37|126|137|309|265|148|638|792|299
5270|0|579.38977|no MS2: NAGlySer 10:0/17:2|5994|6195|6421|400|1405|560|6924|5849|5668|6277|7277|9936|7430|6523|7062|855|1293|679|2466|3054|2531|5610|5330|7190|1849|2844|1877|7265|5782|4854|23628|15974|14826|4503|5258|4162|11328|12942|13836|5432|5743|7120|5734|7488|6497|3273|3317|2454|7824|8374|8151|37721|39295|36809|5810|6858|4499|14806|12909|15215|11749|12736|13923|9234|9389|8367|1954|2269|2242|4776|2466|2207
5280|0|581.13763|Unknown|16944|16986|17170|12460|16427|16226|8284|6683|7522|890|2019|3654|11182|11541|11749|6533|5949|7866|3950|4503|5467|7656|8894|9812|14697|13089|17042|7643|7651|8645|4378|4359|3314|4874|4661|2860|4581|4410|5985|6420|5255|6839|5624|3771|4451|6170|7276|8596|3505|3926|4662|1268|1067|1433|6644|8563|7953|5482|3835|5454|4528|3445|2587|8059|6961|9377|6337|8855|7599|2054|2106|4804
5317|0|589.26495|Unknown|7526|5469|6739|1681|2496|1390|8111|9685|7565|41413|41410|44393|20971|23792|18452|907|979|1891|6720|6610|6502|6297|8613|8393|5263|5374|3964|3905|5253|5233|11943|7415|5598|1794|2633|1731|12541|13205|13266|3924|2707|3623|15496|17282|16172|4614|3241|5102|8141|7793|8029|53367|51245|49582|4249|3256|3142|5022|4588|7476|6402|6210|6749|14268|14963|16305|4003|3942|2468|2086|4946|3690
5334|0|595.08966|Unknown|643|1272|1267|980|951|850|662|677|588|2607|1499|2920|2248|2266|1251|753|442|1109|7113|7066|4708|1437|1824|1605|1762|2890|2223|776|372|1279|1158|807|661|1049|1868|1124|4176|4489|4051|3279|2925|2752|1238|1576|1684|1620|2232|1519|1146|1121|1153|1740|1650|1287|1696|1084|2242|7640|5460|4799|7559|5143|6114|2232|1923|1790|969|1201|1593|14923|13004|14687
5341|0|596.09253|Unknown|74|34|314|111|110|125|138|270|91|116|116|122|522|123|295|73|76|231|180|223|348|35|127|179|119|62|163|83|364|92|212|92|107|104|255|182|214|136|330|90|177|142|138|205|154|160|61|62|155|159|167|40|206|242|108|134|51|168|314|165|327|229|250|148|309|158|139|59|32|78|253|454
5343|0|596.27942|no MS2: SHexCer 20:2;3O|6113|4709|6685|270|672|566|5167|5046|3774|10455|12985|12644|6805|8146|3819|156|99|38|1171|1439|879|4561|3675|2754|1786|1003|1768|1205|1000|1517|4795|3575|1664|67|190|144|4409|5102|5401|2155|2717|1791|9839|9688|11135|2635|4026|4190|6766|5869|5573|14364|18224|18793|987|537|667|1530|1367|861|551|1086|1371|7843|5979|8755|1339|2257|1919|414|706|282
5346|0|597.24658|Unknown|171|47|147|119|261|723|218|425|371|48|220|402|277|577|450|32|171|252|626|486|289|50|372|170|407|82|603|246|129|131|199|201|171|260|63|270|62|125|166|333|203|407|207|269|391|421|1612|214|324|427|121|408|633|327|415|512|173|550|188|458|556|758|399|426|204|83|573|310|97|143|276|275
5399|0|611.08215|Unknown|168|296|157|228|229|286|183|169|178|162|254|269|542|205|620|77|491|151|793|456|155|906|158|203|230|429|73|500|61|356|200|274|104|212|286|165|276|130|135|521|544|30|108|236|52|481|181|169|135|275|115|328|157|46|355|255|209|42|645|191|207|578|200|164|576|126|136|137|153|1244|988|1713
5488|0|635.60822|no MS2: FAHFA 14:0/27:0|139|123|173|128|114|155|45|183|199|111|162|166|245|188|196|48|45|62|199|311|223|94|166|178|362|176|45|148|16|177|223|876|114|99|157|83|17|166|141|321|109|380|425|196|183|34|149|171|95|130|120|286|125|112|32|42|196|29|174|59|292|47|98|214|250|231|141|21|210|576|73|45
5510|0|643.10736|Unknown|594|57|384|105|101|198|170|89|32|36|121|31|76|240|33|81|87|127|693|128|415|150|28|125|242|129|127|114|18|197|236|302|151|140|266|273|122|129|110|570|564|151|159|351|326|60|40|18|86|148|123|149|136|178|118|88|492|62|64|618|223|246|232|146|130|52|68|233|144|1496|781|905
5592|0|669.43652|no MS2: NAGlySer 16:3/18:3|29474|25470|26550|8918|7358|8124|14837|17131|13217|15026|20908|20925|22460|22992|15920|6206|7973|8688|23783|22553|22633|14959|13192|18499|19358|18106|19090|14185|14449|16184|27001|20434|15831|15249|15151|13873|25082|23468|21898|10269|10005|12193|25777|29951|26598|22434|23191|22702|18012|15095|15398|35016|37922|37478|20293|18379|15630|30712|28360|29676|17144|15886|14568|26596|18672|22281|10916|9177|12826|10049|10594|8828
5641|0|686.97302|Unknown|20|136|192|164|80|255|158|37|80|144|288|49|115|54|210|64|16|101|173|169|31|26|31|18|184|188|33|26|64|84|2594|1597|2411|497|680|575|271|144|371|17|65|40|28|219|204|36|208|35|528|79|16|114|449|133|293|355|21|513|274|306|66|189|490|294|144|164|22|218|110|157|108|198
5654|0|691.39941|no MS2: PG O-16:4_16:4|36|249|51|173|15|666|247|127|483|444|151|659|256|115|17|77|111|236|201|681|212|170|40|30|43|56|21|129|48|29|184|88|219|110|24|155|28|18|269|230|312|13|197|38|137|277|205|27|115|136|24|79|195|15|276|181|365|116|256|19|186|380|368|562|226|18|270|105|16|133|114|267
5692|0|707.1106|Unknown|212|17|313|104|18|35|227|301|122|17|265|167|454|206|527|88|66|151|57|147|210|74|17|385|275|363|252|42|277|45|237|1689|17|200|205|123|111|32|126|19|177|157|313|26|176|228|118|372|182|256|86|38|234|478|319|156|185|416|17|372|216|215|224|181|444|171|237|350|27|335|175|379
5788|0|763.15051|Unknown|60118|57142|60234|51763|51550|53347|19256|19579|19164|9414|10106|7993|26470|24248|24290|28440|29683|33766|18822|19118|19359|23209|21570|24894|57794|57283|57684|28742|27306|23371|41918|33333|21892|23957|26787|24815|15128|16682|17948|41802|38073|41319|14819|9987|14069|39618|40148|42010|21217|20415|17711|2599|3851|2285|55957|50456|51083|24098|24821|27365|23683|23841|29301|25424|22992|23206|52029|49097|51377|17975|18434|16725
5826|0|783.94696|Unknown|11|360|173|142|132|120|11|21|11|49|25|242|465|11|358|80|75|159|11|162|11|136|11|130|94|53|208|307|122|34|163|12|220|183|11|16|254|376|114|105|18|192|120|11|162|11|121|146|11|33|200|190|917|894|447|1019|628|2115|1293|1178|166|1390|2075|86|20|443|223|12|118|232|298|11
5911|0|835.53491|no MS2: PI 8:0_26:1|198|317|11|58|144|141|432|86|11|129|131|263|11|111|181|11|11|88|77|767|294|120|27|11|162|11|38|11|214|11|89221|81547|73269|55385|56744|57985|33627|38582|42352|19175|18761|18073|307|225|505|284|136|239|64|11|11|16131|27565|28755|17153|26681|29130|55805|56500|65915|41571|59399|70093|11|11|177|11|122|373|127|209|564
5932|0|849.97906|Unknown|32|32|159|32|196|32|32|32|135|63|32|32|167|76|381|32|32|32|263|32|277|160|32|178|141|32|32|209|163|386|166|140|32|329|152|32|266|172|32|32|32|103|32|122|160|32|185|290|160|197|164|126|162|168|32|181|519|301|403|32|131|32|253|134|130|293|32|51|32|3235|4553|3190
5938|0|852.56854|no MS2: Hex2Cer 30:0;2O|270|284|440|206|69|142|122|173|69|69|140|125|290|69|69|69|69|234|183|134|69|225|70|148|69|164|159|69|328|132|6844|7110|6840|272|161|505|232|183|827|117|122|102|477|190|345|180|69|126|169|69|217|122|236|122|149|69|69|419|69|151|69|362|69|268|142|166|307|163|227|113|69|69
5954|0|866.96228|Unknown|103|103|103|103|114|103|157|139|103|193|160|106|224|103|103|103|103|103|103|278|205|162|205|256|138|103|103|103|126|231|455|103|103|128|215|248|154|149|103|266|256|306|296|103|103|186|130|191|137|103|103|103|211|103|279|114|103|205|166|269|103|181|174|103|301|103|236|103|103|350|809|709
5955|0|867.46631|no MS2: DGDG O-26:7_3:0|115|115|359|127|143|115|361|194|115|127|115|187|897|115|329|115|115|115|115|254|115|115|115|115|454|115|115|115|115|115|115|164|115|115|311|247|168|115|115|115|208|115|143|115|115|115|115|115|124|115|115|312|115|528|115|115|136|149|156|190|115|145|115|115|176|115|235|115|115|813|258|671
