Alignment ID|Average Rt|Average Mz|Metabolite name|WT_3.3.3|WT_5.1.9|WT_5.2.4|WT_5.2.8|WT_3.1.5|WT_3.4.4|pck1_2.4.5|pck1_1.3.2|pck1_1.1.6|pck1_2.2.9|pck1_2.1.2|pck1_1.4.3|zwf1_1.2.7|zwf1_3.2.5|zwf1_3.1.2|zwf1_3.3.6|zwf1_1.4.2|zwf1_1.4.8
1|0|59.0049|Unknown|169|286|575|340|939|410|426|1|913|640|1078|639|466|502|184|1008|851|145
2|0|59.0137|Unknown|48964|60211|195240|148489|81334|54320|28558|84801|69318|162356|135568|118566|51114|84501|66010|99974|129520|114443
3|0|59.0291|Unknown|1553|2288|7911|5562|4064|2006|1549|3386|3124|6693|5744|4682|2067|3571|2798|4384|5416|4308
4|0|59.037|Unknown|1|257|1262|1012|1247|186|685|646|616|1549|1205|961|553|913|448|902|1195|412
5|0|59.0453|Unknown|1|112|321|1|634|65|388|527|217|624|699|399|234|167|212|330|398|1
6|0|60.0171|Unknown|2236|1049|5936|3573|1772|1083|303|2360|1810|3960|3690|2845|687|1338|1913|2155|2581|2764
7|0|60.9871|Unknown|1|949|3100|619|404|1270|583|302|634|331|793|583|760|755|782|2250|903|856
8|0|61.9884|Unknown|3302|1995|4411|4159|2521|4099|1102|3914|4199|2706|3947|4663|1607|2837|6234|12350|2663|2859
9|0|71.0139|Unknown|5131|4269|4779|3828|5871|1886|1054|983|1902|2363|3245|3003|1166|843|2925|3530|2032|2238
10|0|74.0249|Glycine|3929|5931|19100|9618|7516|4578|2945|3862|3022|5051|8676|13553|4227|7787|14462|25473|8102|8344
11|0|78.9592|Phosphate|1341|1350|4038|2119|2205|1840|679|966|1962|2345|2345|2712|1667|2119|2086|4123|2323|1720
12|0|78.9655|Unknown|877|702|2671|1747|1362|1168|56|626|1351|1438|1532|1423|802|1383|1587|2889|1830|1418
13|0|85.0296|Acetoin|4691|3701|4016|4350|9339|1563|1751|1832|2842|2030|3350|3203|1419|1661|1827|3112|2015|1290
14|0|87.0086|Pyruvate|3117|3775|5055|3057|5923|2532|1801|1846|3796|2321|3228|4221|1893|3492|3259|2926|2314|2458
15|0|88.0405|Alanine|620|354|4280|2334|789|1580|1048|1566|755|1798|1953|2307|2041|2673|5313|3344|1210|1425
16|0|89.0245|Glyceraldehyde|11548|11868|5510|3010|17571|2486|2953|1392|3732|4234|1827|2743|2593|2628|4341|4684|2812|2673
17|0|94.9806|Unknown|4810|5229|28066|14421|10239|6568|2344|1926|3964|6003|13165|5469|8847|4218|10284|25089|7973|7328
18|0|96.9602|Unknown|22525|19628|10820|8624|31417|6302|3330|4747|4550|5946|5983|7983|4414|4709|7805|9185|4924|3997
19|0|96.9688|Phosphate|11593|9583|13495|7441|18964|4377|3149|4928|5073|4983|6573|8753|4120|4218|6740|7776|5000|4289
20|0|96.9761|Unknown|8687|10941|82370|34524|32422|17370|4699|3680|7309|13151|42959|18360|17877|7952|28415|69771|22961|15839
21|0|96.9954|Unknown|608|569|3178|1230|2849|1143|860|883|1685|694|1905|912|1334|752|1518|2918|1370|655
22|0|97.9758|Unknown|567|933|4756|2245|1583|1135|98|1|425|743|3637|1271|1544|843|2380|4036|1311|2591
23|0|98.9721|Unknown|6073|8523|49721|24153|20105|14795|4551|3854|6435|9721|31487|15377|11301|6396|18113|39482|19714|13816
24|0|98.9911|Unknown|707|1083|1980|1445|1147|1375|540|713|1464|769|2245|1531|1357|1156|1155|1723|1182|998
25|0|99.9716|Unknown|113|1083|2463|3263|1074|1102|434|1|872|352|1230|628|375|775|1586|3035|563|812
26|0|100.9337|Unknown|403|734|3336|4051|1706|2029|67|245|768|616|2834|1680|589|135|1105|2049|1891|1373
27|0|100.9679|Unknown|1089|1893|7157|4613|3385|3318|1553|1161|1551|1796|4675|2899|1632|1902|2545|5761|3072|2895
28|0|101.002|Unknown|1007|1207|2663|3317|1828|1614|929|687|955|1943|2789|2278|285|1117|1042|2676|1784|1542
29|0|101.0243|Unknown|2988|2877|2855|2451|5726|1768|1082|833|1587|2178|2518|2226|871|1460|939|3170|1980|1151
30|0|102.0562|Amino-butyrate|1474|1131|5594|3925|2371|1803|479|737|1505|2026|3200|2012|911|2180|5097|6319|3226|2669
31|0|102.9758|Unknown|2345|1477|4351|1897|2379|3665|3122|2441|2616|2900|3609|3341|3392|3817|3156|5674|4427|3176
32|0|107.0363|Unknown|1802|1169|1753|1213|1188|955|250|1067|940|1192|1471|1240|313|1306|1654|1643|128|556
33|0|109.006|Unknown|675|1103|531|193|948|442|261|676|1469|1292|356|1767|649|830|1393|1214|1320|1008
34|0|109.0407|Unknown|1354|2034|8838|4602|2973|4710|1415|1382|2670|5307|8328|5320|2092|9282|12552|23668|5967|4236
35|0|109.0514|Unknown|301|432|1634|1109|732|933|537|304|1091|1165|1711|1179|1010|1757|3087|4709|1046|1071
36|0|110.0721|Unknown|407|1662|3308|1614|1440|965|1671|805|1075|1058|1033|3329|1460|1394|2254|3452|2458|1182
37|0|111.0086|Unknown|29560|24476|36389|20495|49200|14824|16731|17925|9729|14186|24253|44870|5017|4998|5508|10167|13761|8752
38|0|111.02|Uracil|24287|26522|47199|28992|38513|22198|11754|17327|10878|13547|20570|36129|36660|16540|21777|33208|77489|67177
39|0|111.0285|Unknown|6091|7270|11750|7726|8893|5174|3217|5155|2916|3666|5126|8533|10685|4792|5220|9575|19620|16357
40|0|111.0409|Unknown|1730|1514|1837|1678|2022|1445|1028|1576|722|598|1305|1850|1950|850|888|2339|3867|2941
41|0|112.012|Unknown|1055|2127|2791|816|2805|1283|892|884|1600|1431|1297|3652|1|254|239|1310|941|1473
42|0|112.0232|Unknown|746|2310|4024|936|2330|2527|517|958|1583|1050|1422|2995|1780|769|1777|2241|4538|3728
43|0|112.0518|Unknown|2629|2780|5470|2733|2462|2754|3040|2263|2738|2971|3547|3025|6470|2487|4572|6599|2029|1134
44|0|112.9857|Unknown|1907|1044|4291|2963|1497|1471|3576|2658|2257|2052|3362|3656|3340|1170|4391|5950|2318|2205
45|0|113.0246|Unknown|25972|22048|12642|7549|39174|5590|2657|3540|6427|6061|8671|7064|5059|5361|6977|12349|6003|6471
46|0|113.0355|Unknown|5672|5414|5876|3438|9612|2335|806|1677|1520|2666|4630|4808|2257|4444|7378|9450|3623|3285
47|0|113.0606|Unknown|738|1028|2463|2524|1755|1577|787|839|574|1363|1684|2840|559|1323|3553|3374|2576|3329
48|0|114.0194|Unknown|183|1578|3007|1747|717|1049|352|735|892|860|2493|1954|511|1246|2146|3490|1386|919
49|0|114.0276|Unknown|2035|1963|1540|889|2197|632|744|361|850|763|1662|1243|338|575|782|1654|1227|783
50|0|114.056|Proline|2455|3148|9443|6628|2981|4244|1434|1228|2948|4247|6507|4531|2235|5827|17097|23585|5596|4454
51|0|115.0038|Fumarate|1399|2620|13447|4927|5363|2974|1052|1763|1639|2585|5459|6042|2958|2564|5727|9743|7012|4869
52|0|115.0401|Alpha-Ketoisovaleric acid|1970|2926|4688|3458|3014|2134|1323|726|1688|1390|3573|3785|2147|2130|4079|5465|3127|3480
53|0|115.0595|Unknown|583|798|1162|1641|791|875|640|285|904|423|693|780|915|1314|1630|1999|361|1386
54|0|115.0764|Unknown|1309|1608|3429|3545|1726|1127|1000|945|1369|1915|2505|2133|1441|827|1728|2749|1719|2762
55|0|115.9206|Unknown|2595|1803|17250|9012|5547|2919|1584|2055|3118|4585|10097|6702|3769|3993|6223|11788|9513|4053
56|0|116.0356|Acetylglycine / Amino-oxobutanoic acid|797|1869|5311|3282|3126|1677|1129|1345|1354|1688|3559|4937|1714|2744|4488|6124|4149|2062
57|0|116.0507|Indole|7754|7496|18424|10504|9575|6182|4178|4491|5320|7869|9132|8107|3511|12379|18030|23374|6278|4582
58|0|116.0718|Butanedioic acid|36261|48941|73056|43454|80622|49038|19805|18467|19609|30310|52176|86493|18120|47059|102749|164762|49079|37762
59|0|116.092|Unknown|1479|2252|2875|2106|3368|1929|1478|1050|570|1699|2333|3361|1060|1705|5088|6402|2363|1619
60|0|116.9287|Unknown|632|1327|11086|5784|2099|1598|809|1484|1147|1982|6324|2442|2570|1597|4616|7778|2909|3858
61|0|117.0195|Succinate|1309|2716|8527|2773|4253|4048|836|464|831|1375|5595|3630|2697|2747|3736|4370|7013|3124
62|0|117.0546|Unknown|863|1274|2902|1888|1785|1101|933|682|424|673|2107|1213|965|1748|1975|3294|842|1142
63|0|117.0753|Unknown|3179|4169|4554|3120|3756|3700|2023|1307|1485|1251|2690|5530|1299|3783|7387|10984|3298|2726
64|0|118.0222|Unknown|218|1098|581|641|520|683|164|455|93|235|416|903|1|360|1262|620|612|246
65|0|118.051|Threonine/Homoserine|52317|76750|213461|114921|102695|63398|38726|50514|48824|72121|117062|161738|50522|94943|187847|285790|103304|83359
66|0|118.0721|Unknown|2568|3522|8103|4047|4930|3152|1876|2603|1644|3170|4245|7474|2707|3653|7711|11123|4007|3926
67|0|118.0812|Unknown|770|1544|2282|1068|1597|1149|759|1045|297|1101|1189|2626|935|1085|2575|2957|905|1383
68|0|118.9242|Unknown|3461|2228|35777|9903|7870|5615|4755|3548|4578|5176|16336|5891|5694|4200|6675|21992|5999|5963
69|0|118.9421|Unknown|11359|9587|10645|7310|21321|2991|3639|1465|3120|5648|9519|2961|2988|1961|3704|5695|4361|2306
70|0|118.957|Unknown|2117|1958|5324|2821|3391|1597|1720|596|1409|2032|3373|1250|2341|1205|2030|3164|2448|1451
71|0|118.9807|Unknown|24606|23441|21113|12668|37971|6189|5589|5104|10040|11032|14379|7840|5511|6191|9232|14238|8527|8065
72|0|119.0351|Unknown|6396|5029|2931|1921|9910|1752|1286|608|1688|1896|2160|1457|1224|1038|2273|2857|1480|546
73|0|119.054|Unknown|4239|4319|14162|9117|6506|3591|2956|4694|5409|4935|5482|9437|3679|6617|12926|18688|7686|4902
74|0|119.9244|Unknown|1590|724|5689|1850|878|1729|1182|723|796|691|2124|763|1514|851|1614|3546|1473|1216
75|0|120.0553|Unknown|541|1141|2705|1791|1152|1650|872|455|1086|914|1128|2006|943|749|2768|2539|2248|1252
76|0|120.931|Unknown|475|717|2134|832|381|400|406|1|108|185|1319|1014|752|537|1070|788|1660|492
77|0|120.9537|Unknown|1569|1933|9111|3811|2857|2327|790|694|900|1694|3081|3702|2063|1931|2973|4356|2607|2143
78|0|120.9764|Unknown|7229|4848|5239|3118|6255|2081|1109|1059|1616|2591|2735|3095|2393|1784|2912|3107|3716|2374
79|0|120.9957|Unknown|5196|5545|11464|6026|10704|6571|2901|2540|4191|4446|11752|9810|3985|4662|7709|19114|9840|6654
80|0|121.03|Unknown|3142|3667|7559|4619|3390|4179|770|1543|2708|3109|6434|4223|2850|2637|4027|6302|4382|3339
81|0|121.0383|Unknown|1692|2150|3838|2762|2189|1947|388|866|1414|1824|2920|2392|1641|1836|2243|3725|2340|2082
82|0|121.997|Unknown|823|740|2202|914|1870|902|811|617|692|732|1888|2466|609|902|1823|1919|1213|669
83|0|122.0247|Nicotinate|1241|1168|4407|1793|3118|1706|540|435|1024|2154|4285|3888|592|1273|2180|3107|2399|1377
84|0|122.9697|Unknown|1330402|1101717|4789473|1682673|1762169|1780954|1341963|1033515|1363143|1097026|2340264|1504617|1731221|1563349|2049786|5921128|1803954|1718426
85|0|122.991|Unknown|51454|39911|222400|63568|71856|74060|48256|37548|51100|39891|99585|57526|64149|58106|84318|282300|69286|67400
86|0|123.0007|Unknown|11032|8357|54449|13843|15554|16150|9655|7900|10637|8594|22701|12270|14081|12227|18111|73929|14836|14450
87|0|123.0091|Unknown|3738|2956|20804|4795|5468|5529|3087|2552|3443|3165|8308|4005|4238|3675|6444|26942|5574|5069
88|0|123.0188|Unknown|6002|4677|32431|8507|9674|9420|5385|4327|5832|4983|13712|6842|8427|7218|10056|47691|8147|8261
89|0|123.0266|Unknown|1781|1267|9218|2387|2706|2364|1096|1135|1121|1186|3954|1725|1840|1867|2721|13814|1981|1985
90|0|123.036|Unknown|2745|2377|16377|3821|4606|4693|2035|2229|2121|2462|6786|3013|4193|3458|4836|27878|3601|4070
91|0|123.0462|Unknown|550|496|4331|1151|892|1159|718|673|670|545|1485|712|1269|1025|1280|8094|1008|825
92|0|123.0597|Unknown|294|374|1132|200|444|316|523|206|6|454|570|256|208|51|158|585|449|188
93|0|123.9693|Unknown|66021|58998|244063|87399|87935|91615|69909|52555|67373|57841|111779|74701|86581|84702|102553|316299|91173|87417
94|0|123.9906|Unknown|2613|2287|8142|3038|3338|3393|2663|1950|2768|2177|4023|2626|2951|2877|3559|10928|3105|3336
95|0|124.0003|Unknown|620|605|1783|667|979|775|1023|606|1044|851|1231|531|932|815|856|2594|730|761
96|0|124.0184|Unknown|601|471|802|586|752|631|664|540|513|541|823|392|513|688|776|1723|445|439
97|0|124.0403|Unknown|977|1475|4269|2787|2255|2054|1106|544|1344|3714|4560|2022|1112|626|1569|2281|2263|1215
98|0|124.9664|Unknown|48017|35503|164275|58722|58437|62982|43639|35040|46215|38446|81760|49987|57204|52464|68884|207676|61162|53959
99|0|124.9894|Unknown|2902|3959|7485|3015|5319|4558|2163|2929|2855|2729|4813|4493|2392|2715|4333|8821|4205|3956
100|0|124.9971|Unknown|1389|1907|1749|1254|2263|1719|772|1025|1439|986|1802|1821|731|810|2163|2817|1863|1345
101|0|125.0076|Unknown|637|1091|7387|2890|1957|1421|429|844|799|1797|3771|2259|591|460|2298|3933|1907|1207
102|0|125.0241|Unknown|12236|12292|19225|12323|19000|9579|6847|5569|8161|13185|20565|15220|5012|6725|12946|16161|11162|8280
103|0|126.03|Unknown|1517|1619|3108|978|1532|539|792|566|974|1296|1819|1272|1248|927|1359|2183|1764|1016
104|0|127.0513|Unknown|6221|6849|22038|12067|9266|9456|2967|3631|2893|6547|10656|9562|5858|16116|30544|39207|12082|9120
105|0|127.0761|Unknown|2018|1749|1628|1213|1616|2256|1466|1720|1355|1261|2429|2574|1526|1364|3450|3900|3949|2524
106|0|128.0355|Unknown|55309|80773|221118|131453|120571|84949|25958|32944|45056|57532|95319|104661|49385|90252|189389|282589|106339|83227
107|0|128.0572|Unknown|3026|3745|8566|5169|4973|4318|2006|2454|2949|2609|4157|4711|2407|4653|9078|13532|4408|4246
108|0|129.0192|Unknown|4139|4603|8297|4355|7310|5671|1898|2512|2138|4011|4423|9245|2103|2461|5139|5470|3296|3176
109|0|129.0385|Unknown|3812|5564|11245|8429|7250|5516|1987|2312|3194|4952|5812|6158|4009|5469|12512|14905|8046|5055
110|0|129.0545|Ketoisoleucine / ketoleucine / Mevalonolactone|1907|2394|3245|2571|2895|1501|743|948|825|1251|1545|2151|1533|1312|2430|3748|1862|1764
111|0|129.0918|Unknown|916|1345|2891|2989|1387|990|856|817|1183|1080|1712|800|1425|628|1663|2459|1706|1228
112|0|130.0506|Ketovaline / Hydroxyproline|966|1451|3099|2419|1246|1858|897|540|441|869|1413|1724|536|1319|2130|1931|1344|1065
113|0|130.0661|Unknown|2107|2596|3797|3131|1118|1887|836|1260|384|1372|2112|2029|1099|1527|2503|2968|1333|1466
114|0|130.0875|Leucine / Isoleucine|64416|79479|186437|113122|134962|62356|32343|40923|38766|70296|95145|142147|28983|93669|191076|309227|78838|62220
115|0|130.1094|Unknown|3058|3457|7550|4963|5793|2796|1472|2023|1983|3322|3808|5733|1683|3758|7984|11155|3228|3311
116|0|131.0355|Glutarate|2516|2759|2510|1577|3103|1192|2283|1430|1329|746|2089|1491|697|1018|1954|3685|1017|2103
117|0|131.0462|Asparagine|5313|8760|22366|13253|6927|8460|4545|5278|3897|4793|9387|12760|4560|13633|27307|43898|11648|8498
118|0|131.0721|Unknown|2564|2693|6616|4663|3966|2501|1624|2464|2094|3286|4761|5818|1809|2714|5287|8339|4764|3424
119|0|131.0824|Ornithine|68661|86038|281656|167869|106306|97056|44874|47738|53682|96545|129749|167191|47818|118533|215718|305366|88446|68433
120|0|131.104|Unknown|3594|3917|11177|7075|5070|3959|2516|2720|2663|4057|5675|7237|2144|4947|9769|14188|3451|3399
121|0|131.1141|Unknown|1143|1175|2055|1522|1224|915|967|1019|868|1017|1369|1539|691|1102|2182|3069|822|981
122|0|132.0303|Aspartate|19808|31044|137277|72600|56594|22115|8065|14076|12091|29167|55864|55136|20139|43606|94779|149561|47661|33765
123|0|132.0521|Unknown|1521|1423|6036|3603|2203|1367|751|740|1027|1225|3094|2431|1385|2997|4933|7294|2080|1986
124|0|132.086|Unknown|3374|6219|20007|11177|7138|7007|2763|2648|3172|6072|7879|11120|3148|7749|13382|20878|5820|5388
125|0|132.9235|Unknown|2499|1764|11838|6381|4406|2463|1079|628|2125|3165|6610|4624|2959|1327|4692|7262|6109|5054
126|0|132.9961|Unknown|6282|7110|30956|19788|8404|4340|2757|4689|3767|11864|12713|7904|5338|5722|4461|5913|10573|9765
127|0|133.014|Malate|4981|12512|91660|41465|30597|22184|5477|12514|4490|14596|51156|60346|26993|18912|46606|63586|55742|37678
128|0|133.0324|Unknown|1720|3195|11318|5005|4586|3233|1313|1244|571|3331|4361|4957|2810|3425|7677|8956|5235|4584
129|0|133.0501|Dihydroxy-methylbutanoic acid / deoxy-ribose|1804|2953|5616|3851|3883|2056|1805|806|1850|2307|3372|5119|3258|1810|3337|2875|5758|5356
130|0|134.0178|Unknown|776|559|3873|1966|2520|1849|942|2061|691|1756|3439|4224|1489|843|2831|3378|2041|2112
131|0|134.0275|Homocysteine|1742|1458|2858|2455|2556|2240|1090|2192|1531|2812|3222|3360|1699|1615|2608|4164|2498|1868
132|0|134.0473|Adenine|199148|205297|1244249|862728|302212|352005|159191|395570|363590|562931|718719|729866|199821|415983|633238|946376|488908|420220
133|0|134.0695|Unknown|7791|7862|47101|32772|11562|13599|6017|14067|13833|19554|29551|28766|6914|15073|24324|34843|17458|15964
134|0|134.0796|Unknown|2006|2452|9602|7509|2341|2756|1409|3438|3628|3900|6243|6349|1554|3336|5128|7350|3716|3979
135|0|134.0985|Unknown|1451|1720|4991|4627|1425|1946|836|2333|2333|2615|3822|4003|945|2124|3052|4171|2072|2782
136|0|134.1057|Unknown|891|1119|1377|1867|596|768|391|1054|1440|769|1245|1725|417|873|933|1024|944|1455
137|0|134.1167|Unknown|1159|1297|2422|2778|819|1026|630|1470|1535|1244|2076|2406|573|1083|1402|2503|982|1611
138|0|134.9163|Unknown|6805|5446|5305|2487|7752|1250|222|969|1343|2364|2584|1587|1127|668|1154|1808|1862|1467
139|0|135.0186|Unknown|1232|308|405|617|831|566|1028|831|274|559|1469|1504|1065|897|1176|1174|1692|433
140|0|135.0311|Unknown|3264|5041|16684|8977|7166|9302|5960|6683|4635|4599|8669|14479|4518|7299|11431|22618|8605|6620
141|0|135.0503|Unknown|15008|15283|98673|67202|23864|26342|12282|25917|47092|41263|50855|55493|17577|30103|45214|64055|39025|30077
142|0|135.0726|Unknown|2287|1159|3288|2522|1525|1863|1267|1222|1861|1686|2272|2298|873|1271|2024|2295|2218|1655
143|0|136.0491|Unknown|1379|1393|6454|5215|2107|2028|1286|2377|6358|1949|3281|3911|1535|2405|2882|4069|3064|2861
144|0|136.9136|Unknown|1819|2363|1051|1147|1502|1255|1|300|146|448|164|326|697|1|841|472|768|934
145|0|136.94|Unknown|3085|5058|3277|2458|4836|2080|891|1051|1|2107|1822|1604|2225|535|2941|2644|1823|1788
146|0|136.9562|Unknown|5382|6349|17435|9352|10005|9049|3149|2906|3236|6704|12728|5864|6454|3856|9029|18493|9352|7934
147|0|136.9709|Unknown|2594|2284|5744|3478|3812|3455|1235|917|749|2667|3858|2653|2293|1138|3056|4733|3601|2821
148|0|137.0275|Unknown|21211|19452|152097|72712|55993|34092|8852|5832|18936|23121|72483|35893|38855|17647|58127|135667|44113|36879
149|0|137.0498|Unknown|1393|1580|7090|4133|2593|1996|2084|922|3022|1311|3017|1943|1971|1267|4492|7796|2142|1736
150|0|137.0602|Unknown|1368|1254|2421|1879|1109|1164|2261|849|2272|1391|1351|1272|1000|1322|1750|2576|630|901
151|0|137.9568|Unknown|1277|2134|3387|2262|1518|1766|798|1044|551|1731|2650|1741|899|1918|1647|3483|1737|917
152|0|138.0201|Unknown|1400|2676|3196|3274|2883|2032|702|522|857|2596|4381|1668|1539|1306|2258|3093|3234|2466
153|0|138.029|Unknown|2554|3492|11703|5778|4930|3433|1513|945|1841|2764|7089|3050|3330|3402|6141|11731|4465|4354
154|0|138.9357|Unknown|8405|7867|6337|3891|12876|2489|4196|3087|3180|3912|5082|3719|2329|2330|2222|5428|3210|4573
155|0|138.9433|Unknown|4748|5292|3880|3033|6170|1610|3252|3212|2687|2661|3042|3543|1651|1782|1852|3124|1909|4025
156|0|138.9523|Unknown|4414|5474|13625|7472|10699|4906|5034|3828|5630|6755|9161|5099|4999|2952|5777|13549|7310|9204
157|0|138.9644|Unknown|4204|4647|54533|27550|22773|11991|3348|2409|4197|7479|34237|11718|15342|3168|22390|57401|19874|15459
158|0|138.9784|Unknown|1965|1850|9636|5302|4579|2719|3044|2753|2695|2512|6574|3964|3464|1989|3547|8733|3740|4768
159|0|138.9872|Unknown|1216|1596|3326|1998|1769|1361|2346|2170|2148|1637|2424|2321|1560|1378|1635|2618|1359|2800
160|0|139.007|Unknown|5304|3990|15807|9142|9234|5281|2783|3022|4892|6059|10792|6533|4083|4405|6017|14231|7050|6172
161|0|139.0232|Unknown|33246|42253|443585|181635|147951|85699|15908|10122|32551|58591|219716|87438|97289|31165|142735|438933|112770|79850
162|0|139.0464|Unknown|1661|2288|16331|6639|5094|3281|1528|1354|2287|2774|8386|4345|4118|1932|6543|18070|4781|3361
163|0|139.0555|Unknown|946|1045|3646|1838|1699|1784|1186|1083|1221|1073|2698|2075|1710|2342|3499|7245|2230|1723
164|0|139.0756|Unknown|854|697|3052|967|1064|1065|874|660|1246|746|1808|830|597|974|1583|2562|742|813
165|0|139.9527|Unknown|1187|1187|1865|1218|1307|1322|609|668|1017|1308|1418|1562|794|683|1053|1661|1423|2107
166|0|139.9638|Unknown|889|773|3985|2726|1357|1845|617|540|837|814|2757|1289|919|529|1799|3037|1591|1516
167|0|140.0246|Unknown|4446|4415|33079|16109|9563|6820|2621|1818|3140|5253|16566|7012|9371|3420|10303|33545|7931|5937
168|0|140.0337|Unknown|2514|3914|13435|7528|4967|4425|2130|1845|2012|4891|10649|3882|4409|2499|5617|13460|5019|4006
169|0|140.9331|Unknown|1477|3830|1621|795|2419|2982|1349|1031|779|1592|2619|730|754|745|1039|867|2347|1872
170|0|140.9484|Unknown|3767|4681|10410|6006|5989|8102|2450|2215|4079|5476|8972|4365|4313|4722|5796|11120|6919|6944
171|0|140.9601|Unknown|5127|7257|80362|39572|34248|21914|2586|2273|2953|9591|54715|16757|22964|4967|29802|85591|27277|17781
172|0|140.984|Unknown|1966|2949|3433|2159|3279|4730|1289|1688|1561|1930|4633|1912|1677|2451|4055|4686|3395|2865
173|0|141.0046|Unknown|5364|8350|2762|1694|10062|3827|817|2043|2371|2386|4250|2357|2087|2844|2770|3531|3995|4331
174|0|141.0173|Unknown|33479|45125|85915|52644|82153|47798|11118|16520|27131|33272|86888|64587|18805|24417|64937|118988|66369|54409
175|0|141.0397|Unknown|2351|2999|4059|2804|3790|3815|929|2227|2165|2247|5201|3386|1405|2673|3250|5905|4023|3346
176|0|141.0535|Unknown|2100|2013|2078|1993|1571|2281|562|2053|1518|1429|3036|1336|1155|2020|1710|1933|1931|1994
177|0|141.9485|Unknown|440|305|1129|1029|1305|988|1168|523|1528|1066|1627|1235|754|1549|1399|1009|626|1584
178|0|141.9597|Unknown|329|353|5771|2905|2442|1089|855|428|1187|1024|3811|1244|631|1613|2452|3541|1259|1684
179|0|142.0207|Unknown|2492|2560|3750|2860|5002|2633|2004|423|1975|2510|5672|3790|2099|1912|4863|5530|3052|3640
180|0|142.0508|Unknown|2220|1886|8626|6034|2353|3054|1003|1237|2904|3567|3993|2746|1901|17102|25579|39891|2167|3131
181|0|142.065|Unknown|3585|3229|5966|4261|5313|3069|2173|1430|2638|3074|4129|3305|2148|6825|10713|13937|2082|2727
182|0|142.9452|Unknown|536|1|1324|890|1584|646|870|902|614|811|1476|1186|1444|956|1341|1059|2211|1804
183|0|142.9591|Unknown|1188|665|4247|2903|2404|1644|1159|864|819|946|3296|2306|1311|1187|2725|4966|3404|1996
184|0|142.9785|Unknown|3301|2159|1113|1032|3615|544|1967|595|932|786|1506|1128|440|1639|1582|1294|2150|1418
185|0|143.035|Unknown|12842|10441|12135|7184|16341|7065|4535|3375|6284|8514|10452|11573|4206|7679|9797|13532|8342|5751
186|0|143.0536|Unknown|962|1046|2028|1083|1428|1484|2708|559|1390|663|1005|606|760|3797|3094|4612|892|718
187|0|143.0706|Unknown|948|1665|2211|1164|1445|1579|4010|507|1817|1251|1926|1507|927|3793|852|2803|1544|1129
188|0|143.1079|Unknown|4579|2908|8577|4127|5455|3432|4573|2460|4138|3564|4439|4093|4110|7644|11333|17554|4846|4230
189|0|143.1166|Unknown|1778|1524|3805|2271|1820|2217|3761|1627|2054|1441|2196|2591|3163|4842|4372|6254|2150|1661
190|0|144.0458|Unknown|2796|4822|11618|9022|6999|9127|4944|6063|2854|3939|4893|13686|3286|2027|4110|5563|5368|3060
191|0|144.0663|Unknown|2292|3981|7812|4183|4438|2753|2296|2680|2388|3239|4797|6820|2481|1834|2758|6170|3010|2314
192|0|144.9627|Unknown|1268|1054|3218|4087|2580|2112|640|47|396|1531|1675|580|2826|1142|1390|3470|1103|2074
193|0|144.996|Unknown|2733|1659|1630|3126|2868|1998|1359|198|2023|1359|741|153|1901|1367|1324|2619|1426|1564
194|0|145.0144|Ketoglutarate|3345|4253|5576|5281|5338|3668|2424|1982|1973|3226|3106|4469|2405|2819|5094|6541|3497|3115
195|0|145.0507|Unknown|3644|4732|9275|6515|4083|4807|1925|2124|3009|3340|3757|3324|2652|3239|13696|16222|4159|3962
196|0|145.0617|Glutamine|49869|64377|224372|137038|89705|106026|22686|31570|37877|65712|99826|95548|55431|154584|294460|431027|124886|89503
197|0|145.0853|Unknown|4330|3940|11674|7561|5287|5080|2380|2276|3418|3960|5308|3732|2873|5779|11785|17371|5486|4496
198|0|145.0984|Lysine|117347|138045|276249|163555|181572|48818|17115|18756|77520|131309|160817|52051|23158|11144|22383|30243|41798|31432
199|0|145.1135|Unknown|16101|18526|35289|22369|21414|6764|3511|3872|10809|18568|20231|6625|3672|2037|3965|5468|5882|4593
200|0|145.1215|Unknown|4921|4675|9412|5882|6680|2540|1763|1887|3538|4520|6436|2210|1327|812|1524|1922|1926|1731
201|0|145.1322|Unknown|1378|999|1891|1442|1654|986|965|1171|1450|1160|1336|782|682|576|1092|893|872|825
202|0|145.1515|Unknown|774|610|861|573|856|616|603|954|1031|501|968|451|462|472|361|207|535|493
203|0|146.0257|Unknown|1237|1981|3854|3017|1208|1496|1271|1481|1299|1276|1843|2370|1436|2669|3031|3811|731|2094
204|0|146.0458|Glutamate|101556|161554|694983|386548|260596|186648|37895|54771|90039|174383|331482|264149|103188|248784|581195|832279|294607|229194
205|0|146.0685|Unknown|6068|9643|34009|19983|13424|11945|4994|5077|6097|9451|15937|17152|8821|17709|35138|51635|15476|12620
206|0|146.0792|Unknown|1949|3048|7722|5097|3064|3227|2678|1933|2643|2735|3750|5152|3836|5673|9294|12700|3681|3807
207|0|146.1015|Unknown|8939|12356|21936|13202|15317|4452|3045|2340|5419|11245|12522|6014|4134|3231|3479|5896|4457|4195
208|0|146.1174|Unknown|2106|2408|3825|2879|2330|1064|2143|1215|2259|2525|2455|2580|2296|2052|2254|3106|926|1797
209|0|146.9882|Unknown|1379|735|2479|1950|2274|2234|1173|437|1039|194|1799|1030|1174|315|3217|2191|1277|1880
210|0|147.0297|Unknown|4523|5748|19038|11486|13559|10087|2785|3043|3966|4154|11937|11409|3686|3359|9929|12382|10629|8551
211|0|147.0487|Unknown|9507|11912|41386|26521|19580|15501|3889|5502|5483|14170|22696|19492|8249|17058|41752|62910|19790|16233
212|0|147.0655|Unknown|4654|6316|19014|11568|9258|8682|3855|4806|4233|6017|9097|11479|4987|7487|14612|19979|11031|9092
213|0|147.103|Unknown|1432|1866|2310|1198|1407|820|1031|879|587|1044|894|480|699|395|1284|515|862|1171
214|0|148.0441|Methionine|5529|6740|12872|8373|9476|7581|3000|3038|5182|8896|9939|6282|3556|4981|9672|11797|7126|5800
215|0|148.0493|Unknown|3924|4633|13301|7095|7819|7090|2076|3043|3312|6186|8040|6008|3619|6102|9990|14191|6456|5042
216|0|148.0679|Unknown|1659|1013|3017|1898|1879|2544|1317|1402|746|1451|1725|1853|1881|1364|3372|2944|2959|1752
217|0|148.9526|Unknown|458|1197|1104|1042|786|1504|1|595|1|616|328|1|1|355|509|447|680|1
218|0|148.9912|Unknown|10107|11571|8767|5897|17821|2223|1624|2353|5425|3593|6118|2735|925|2057|2982|4501|3462|3106
219|0|149.0463|Ribose / Xylose|1943|2435|1609|1397|3847|1696|1364|1364|1549|1620|2102|2238|984|1786|1373|2140|1921|1316
220|0|149.0605|Unknown|906|2065|2395|715|2076|1609|1240|1278|1896|1243|2478|1852|1663|1466|1193|1460|1904|1415
221|0|149.0803|Unknown|1082|1380|2781|520|2312|2202|1226|921|1977|1681|1647|1867|1369|1188|1531|3016|1749|2315
222|0|150.041|Guanine|1113|2642|2681|2691|2757|1611|1493|2044|873|2537|2329|2485|2091|2428|1601|2325|1854|1824
223|0|150.0557|Unknown|2276|3165|3800|3282|2590|2341|1901|2192|1238|2135|2625|3448|2382|2273|1013|1740|1883|2068
224|0|151.0403|Unknown|891|2537|3234|2153|2965|2080|1417|1120|2302|1653|2194|2122|682|1557|2427|2940|1378|2686
225|0|151.0763|Unknown|1983|2505|3434|2471|3573|1486|1788|1232|2732|2963|4069|3529|1230|1265|1657|2622|2375|2110
226|0|151.9273|Unknown|2710|2160|500|795|2898|996|809|478|951|568|397|287|1313|815|720|704|1|377
227|0|152.0354|Unknown|2228|1858|6166|2063|2501|2690|1350|699|1685|2005|3585|6184|1349|2042|2309|3973|3171|2095
228|0|152.071|Unknown|1102|716|3053|408|847|868|677|433|820|1030|913|3180|579|1125|796|1818|1487|632
229|0|152.5345|Unknown|586|657|7575|3969|472|758|311|1280|538|1270|4216|1741|2256|2299|2579|6492|2069|2363
230|0|152.9337|Unknown|1226|1853|587|1643|400|1981|634|1|634|823|950|561|990|1045|2537|1164|1649|1977
231|0|153.0023|Unknown|1817|1277|4798|6203|2036|2701|659|2216|1478|2923|2631|2181|1631|3099|1876|1915|3370|3087
232|0|153.0173|Unknown|3317|3459|2545|4698|4751|3040|736|1556|2461|2465|4095|2164|1854|2461|2959|3399|2634|3100
233|0|153.0306|Unknown|1515|2661|3645|4418|2590|2918|920|2326|1570|2496|2965|2874|1835|2825|4034|3828|2848|2921
234|0|153.0551|Unknown|1103|1721|1646|2982|801|1829|630|1132|1239|1340|1821|1732|1168|1360|2392|1709|2166|2002
235|0|153.0668|Unknown|886|1695|2159|3256|1114|2054|719|1157|1237|1549|1818|1922|1491|1415|2486|2451|1955|1736
236|0|154.0123|Unknown|5179|5890|16563|12210|5718|4728|2525|3198|3821|6506|10708|6516|3071|4449|6428|10124|4243|4188
237|0|154.062|Histidine|44103|70265|237638|135819|94927|84209|24731|37595|28842|60723|89439|99306|52167|84776|150918|199424|84326|63971
238|0|154.0862|Unknown|3204|2927|9166|6514|3961|3439|2715|4475|2007|3591|5159|5375|2451|3912|6272|7878|3518|2461
239|0|154.0958|Unknown|1881|1012|2152|2575|1417|1272|1782|3449|1379|1939|2600|2949|1210|1626|3022|2247|899|963
240|0|154.9474|Unknown|12321|13110|54143|31449|28932|22283|9212|5691|10734|16398|35781|21954|20934|10375|29179|57336|25314|21104
241|0|154.9713|Unknown|1352|953|1873|1476|1399|1306|997|1538|1186|438|1486|1602|1092|603|1787|2240|1064|1994
242|0|155.01|Orotic acid|2087|1397|2625|1133|1747|2061|1235|1630|1308|985|1964|2720|5118|583|1618|1927|9604|10026
243|0|155.0654|Unknown|4039|4339|18897|10909|7811|7537|1650|3970|2823|5249|4987|7451|4886|6278|10224|14136|6356|7956
244|0|155.9473|Unknown|4205|3689|5212|4586|3377|2077|2578|1180|4392|3986|4288|4240|2023|759|3513|6667|2521|3681
245|0|156.012|Unknown|2702|2159|2023|1462|1128|837|2038|826|3359|1903|1988|1868|1104|950|990|1446|1773|1960
246|0|156.029|Unknown|2268|2368|2796|1620|1007|1267|2083|675|3202|1486|2571|2244|837|1303|1860|2645|840|1176
247|0|156.0672|Unknown|2304|2686|3969|2901|2552|3993|2604|1545|3259|2664|3033|5305|1694|2125|2018|2677|2880|2539
248|0|156.0779|Unknown|5155|6530|12928|8114|7971|5639|2953|2859|4215|6577|5816|5746|2170|7445|9071|17735|5071|4604
249|0|156.9258|Unknown|2282|2358|4894|3745|3244|2234|4131|1303|1765|3251|3608|2294|2036|1210|3558|3419|3458|2711
250|0|156.9432|Unknown|33364|36387|173329|98442|96478|66215|20711|12521|30894|49231|131417|59106|59619|27550|86555|177378|78456|66329
251|0|156.9783|Unknown|2245|1865|3892|2753|3242|1860|3410|1044|1356|1895|3529|2013|2091|1407|3005|4112|2245|1909
252|0|156.9908|Unknown|20164|28597|39683|22740|45624|25475|9038|10942|11580|17550|22708|48115|13254|18350|40120|56285|44007|28834
253|0|157.0156|Unknown|1505|2324|2789|2500|2884|1726|2560|1279|1404|1363|2158|2355|1556|1533|2285|2644|2684|2309
254|0|157.0256|Unknown|1058|1035|1477|1383|1657|682|1763|555|648|752|840|912|1877|968|1004|1205|2484|2448
255|0|157.0506|Unknown|1569|1650|5180|3133|2667|2380|1591|538|1186|1937|3058|3298|2216|2831|3696|6867|4829|4492
256|0|157.0621|Unknown|2785|4587|15991|10053|5129|9195|3423|2347|3514|8259|12876|10333|3534|11786|24444|41156|9491|7954
257|0|157.0865|Unknown|1376|1105|3740|2961|2391|3439|1508|1542|1015|1684|2880|2267|760|1676|4116|6136|2425|1574
258|0|157.1234|Unknown|6367|6272|16158|13041|8732|6642|5090|10157|7484|13362|12689|15845|5202|8217|9386|14341|9624|8112
259|0|157.9428|Unknown|5852|4114|20412|8800|11972|7175|2696|2792|5261|4468|12601|6691|6513|2746|8728|16840|9014|6329
260|0|157.9609|Unknown|2402|1819|3548|2070|2125|2380|1260|1740|1958|930|2637|1295|1130|875|1576|2682|1534|1420
261|0|157.9944|Unknown|1677|1751|1767|1486|3149|2772|866|1734|1837|844|1623|3117|566|1221|2364|2963|2426|1333
262|0|158.0625|Indole-acetaldehyde|1564|1934|3193|1974|1413|2603|1679|1678|1866|1528|2769|2165|453|1824|3287|4549|2285|1759
263|0|158.9265|Pyrophosphate - H2O|3051|3336|4355|2010|2789|3628|1852|2159|2850|2134|3258|2295|2929|3773|3227|6748|4168|2360
264|0|158.9393|Unknown|8922|11075|59063|30200|29544|23670|7845|4674|10195|14755|36053|18932|21734|7914|26999|62293|25255|18849
265|0|158.9565|Unknown|1798|3573|11386|5761|6502|5158|2097|2381|3357|4155|7804|4158|5062|2802|5072|13438|5232|4327
266|0|158.975|Unknown|3386|3272|14046|7471|4548|4517|1606|2651|3099|4600|9229|5410|2545|3119|4986|10200|6463|5516
267|0|158.9885|Unknown|2154|3422|5239|2796|3559|3306|1287|2296|2313|2487|4621|5310|1829|2919|4611|6856|4686|5111
268|0|159.0298|Unknown|1002|2115|1029|849|1350|960|459|1142|1980|1348|964|1097|567|1819|2166|1953|1678|1781
269|0|159.0663|Unknown|1018|1843|2597|2426|2073|1349|816|1466|1728|1263|1653|764|1097|915|2354|3732|1989|1661
270|0|159.0773|Unknown|998|2351|2514|3715|2295|2603|1023|1537|1537|1415|1337|1554|918|932|1266|1874|2038|650
271|0|159.9388|Unknown|592|4897|7063|5202|2658|4640|784|317|2834|2789|4633|4140|2702|1453|4273|5704|3693|3847
272|0|159.9582|Unknown|502|3718|4011|2512|1357|2519|483|1|1319|2087|913|2166|1413|850|2010|2158|2320|2998
273|0|159.9762|Unknown|319|4095|3974|2800|1234|2518|752|159|1125|2396|1713|2422|1623|1227|2382|1747|2849|3034
274|0|160.0269|Unknown|2345|5803|5920|3526|2884|3896|2680|1849|3135|3879|3248|5130|4068|2497|5147|5666|4576|4356
275|0|160.0403|Unknown|2221|5256|16351|11264|3750|5548|2512|2964|3187|4985|7744|7264|3122|2724|7589|9262|4898|5576
276|0|160.0617|Aminoadipic acid / Dipicolinic acid|10577|15483|46289|29077|15796|15622|9902|13223|13673|17633|23540|37273|15006|95239|168904|253048|25716|24114
277|0|160.0861|Unknown|2236|3130|2917|2714|1303|1933|1606|1651|2270|1868|1141|2480|1819|3994|7371|8968|1697|2399
278|0|160.9344|Unknown|5109|9026|24930|13941|16298|10506|7229|3046|6699|10041|20671|7185|8612|4601|13775|24629|11271|9074
279|0|160.9439|Unknown|3262|7175|14098|9701|9366|8641|6651|2617|6222|7751|12753|5060|5315|3877|9456|14587|8492|6724
280|0|160.9599|Unknown|1865|5137|6111|4675|3822|3848|6085|3078|4946|5793|6115|2514|2208|2191|4608|4552|3670|3407
281|0|160.969|Unknown|819|4327|2498|2906|2863|2549|5079|2150|3724|4745|3717|1326|1023|1808|2786|2101|2113|1971
282|0|160.9913|Unknown|4160|7334|4448|3945|9503|3070|5607|2383|5355|5701|5551|2519|1985|2746|4414|3570|4089|3224
283|0|161.0105|Unknown|13317|21140|13326|9992|32001|30492|11743|6004|12037|14656|20134|23950|8915|10309|23483|33386|29190|26102
284|0|161.0354|Unknown|842|3927|1782|1767|2636|2785|4079|930|3208|4197|2939|2218|1253|1960|2377|3043|2134|2465
285|0|161.0456|Unknown|8766|13455|11995|9160|16082|8582|7215|3373|6381|13198|13725|10728|5304|6877|12523|17533|9691|8464
286|0|161.0647|Unknown|1186|3314|4386|4133|3682|3021|3891|2213|3351|4728|4478|4764|1777|8086|14752|20538|3824|3448
287|0|161.0799|Unknown|1081|2568|2199|2073|2732|1744|3415|1399|2266|3444|2543|2259|771|2452|3265|4254|2625|1906
288|0|161.9345|Unknown|1379|1387|2683|2373|1448|778|338|1112|869|1104|2623|2425|1322|1233|3541|3857|2442|1257
289|0|162.0122|Unknown|4983|5501|3434|2625|6340|4324|2647|1832|2447|3559|5234|5302|1997|3270|5395|6740|7067|3529
290|0|162.0214|Unknown|3586|3570|2974|2116|3114|1816|1918|1866|1498|2726|3563|2891|1367|2059|3988|4335|4432|2183
291|0|162.056|Unknown|3699|3711|9499|6872|2313|5116|3787|6885|2536|5296|3495|14226|2345|3205|3075|3634|5372|2955
292|0|162.0656|Unknown|2458|1913|4091|3119|1377|1709|1589|2493|1452|3342|1753|5484|1215|2909|4527|3945|3171|1516
293|0|162.9323|Unknown|3007|968|2295|2998|2940|2644|1298|3525|6850|3021|3427|4828|1755|2242|1762|2597|2295|3128
294|0|162.9423|Unknown|8632|7168|27412|19828|13084|12789|4740|6042|12730|9978|18822|14845|11023|5040|15297|24119|14160|13477
295|0|162.9687|Unknown|3473|1217|1995|2784|2693|2481|1533|3476|6336|2537|3237|4144|2080|1835|1800|1444|1894|2526
296|0|162.9846|Unknown|3865|2369|3485|3304|5197|2983|1960|3188|6829|2763|4181|4447|1701|1918|2044|3761|2414|2615
297|0|163.0085|Unknown|4412|3689|3087|3823|8059|6004|2531|4418|6418|4264|4649|5844|2525|2901|4752|6605|5349|5647
298|0|163.0209|Unknown|6695|7202|63598|40066|38563|20514|3326|3549|8453|11487|44175|18492|20206|6120|30267|69835|27863|18768
299|0|163.0375|Unknown|3443|2819|9801|5581|6686|4389|2593|3481|4950|3573|7530|4947|3175|3603|6293|10929|4894|4178
300|0|163.0457|Unknown|2912|2084|4540|2899|2996|2257|2399|3310|4386|2634|3960|3516|2433|2952|3411|5799|2485|2479
301|0|163.0613|Unknown|2344|1308|3450|2384|1668|2019|2321|3350|29977|1738|2281|3480|2030|2415|1702|1947|1534|2208
302|0|164.0224|Unknown|1286|1355|6070|3086|3345|2750|1443|786|530|1978|3983|1757|2089|781|3168|5978|2372|2822
303|0|164.0372|Unknown|1941|2228|2520|1692|2623|1942|1929|1887|1148|2554|2657|1941|1662|1732|2797|2864|1973|2239
304|0|164.0717|Phenylalanine|59190|68829|134465|84562|94560|70252|32756|36158|42422|62860|76258|96662|33101|101324|168305|243414|61928|55800
305|0|164.0963|Unknown|3159|3233|4279|3447|3707|3186|2140|1763|2403|2832|3444|3592|1789|3649|6827|8195|2293|2373
306|0|164.9578|Unknown|1759|2373|6587|3627|2439|3301|2350|1140|2336|1736|5106|4280|1954|725|3048|7802|2990|2759
307|0|165.0195|Unknown|2615|2552|5862|3603|3659|5550|2936|1783|2828|4613|5864|5471|1915|1965|4554|7015|4328|3025
308|0|165.0405|Unknown|2644|3712|2369|1544|2084|4744|3120|2147|2600|2669|3392|4624|2670|2743|3939|6176|3867|3844
309|0|165.0554|Unknown|3966|3535|5667|4415|3026|4647|3855|3824|3859|5007|4680|5663|2921|2680|2780|6453|4405|4473
310|0|165.0753|Unknown|10084|7534|18912|13869|12371|10803|6359|7132|9080|9648|11648|16358|5029|13567|19582|26975|9265|7603
311|0|165.9792|Unknown|2380|152|887|1665|398|1265|761|10|1801|2266|1743|2100|407|507|14|2333|123|242
312|0|166.0506|Unknown|2478|2552|2156|2256|1835|2215|1753|796|2336|3424|1948|2912|958|1062|2480|3222|1546|1318
313|0|166.077|Unknown|1953|1823|2843|1876|1617|1334|2072|593|1853|1739|1617|2462|1263|1393|1830|3433|1809|1005
314|0|166.9559|Unknown|738|1059|2035|1941|870|923|2193|494|2302|1|2378|970|1119|1212|1477|2566|2081|1152
315|0|166.9758|Phosphoenol pyruvate|816|1064|1596|1134|986|816|1836|816|2244|251|1918|1160|1112|1326|1888|3049|2199|1201
316|0|166.9962|Unknown|1124|1782|2329|1836|1768|824|2319|1528|2162|1328|2827|1181|1493|2147|1971|2214|2555|1289
317|0|167.044|Unknown|4316|3784|14651|10329|3934|5395|3333|2301|3778|6259|9875|4753|3111|7018|10844|16664|6952|5760
318|0|167.0706|Unknown|2455|2577|2433|2617|1363|1982|1685|1953|2092|3257|2892|1796|2187|2293|1910|2711|2978|2092
319|0|167.9052|Unknown|3075|1923|483|925|1946|2019|633|2325|317|1|418|278|537|1586|382|1460|1235|1647
320|0|167.9759|Unknown|6548|4574|12870|7377|9367|6931|4650|5490|4321|6343|12474|5735|2696|4705|6665|12814|6724|5457
321|0|168.0277|Unknown|28447|36289|107174|79526|44317|39743|17938|19654|34693|54018|82734|37803|28015|42181|64606|104673|44264|45477
322|0|168.0525|Unknown|3267|3507|5146|4823|3161|4641|3105|2487|1967|2954|4206|2644|1927|2867|4031|5181|2280|3026
323|0|168.0663|Unknown|3637|3256|4954|4480|2635|4459|3029|2291|1587|2336|3744|3892|1582|1672|2940|2313|1376|2202
324|0|168.9724|Unknown|15809|13965|58499|27483|43704|21883|13062|10251|13660|19983|53173|19229|8922|10111|21599|53423|22432|18431
325|0|168.9885|Unknown|6637|6857|14599|8762|9910|7104|4405|4038|4263|6929|9626|8582|4349|3018|5998|11084|5626|4536
326|0|168.9981|Dihydroxyacetone phosphate / Glyceraldehyde 3-phosphate|5711|5691|8736|7126|5619|5722|4172|5212|3804|5106|4739|9000|3531|2325|4561|6260|3783|3114
327|0|169.0103|Unknown|3907|4373|4097|3319|2865|4230|2944|3060|2670|3445|2586|4146|2600|1896|3426|3357|1825|2202
328|0|169.0316|Unknown|5372|4878|7849|6447|4218|4524|3196|3462|3968|5059|6031|4083|4344|4744|5706|7520|4733|3583
329|0|169.0494|Unknown|2615|2892|2677|2382|1884|2923|2917|2124|2154|2669|1918|1611|2777|1759|2512|3613|1766|1431
330|0|169.0659|Unknown|2123|3056|4822|3801|1752|2086|2840|1767|2155|2883|1071|3000|2419|1563|2420|3148|1710|1247
331|0|169.0866|Unknown|1649|2470|2528|1647|1619|1934|2741|1480|1836|2912|1642|1873|2593|1170|2083|2612|1550|1676
332|0|169.9721|Unknown|2682|912|3910|2559|1788|3943|2021|1282|1228|1089|5026|2215|1549|1570|2260|3426|1958|2667
333|0|169.9861|Unknown|6081|3392|14350|11369|4365|4810|2493|2870|1673|4379|7969|6335|2344|4553|8101|10670|4061|4986
334|0|170.0109|Unknown|3548|1641|4107|4304|1777|5247|2533|2240|799|2373|4940|2709|3116|4041|3274|7099|3488|3630
335|0|170.0324|Unknown|2913|613|2217|2850|839|2676|1607|1305|238|1741|3850|2021|1931|1082|1179|2838|1675|3066
336|0|170.0443|Tetrahydrodipicolinic acid|3346|1793|4693|3859|2256|3612|2222|2134|765|2791|6209|5503|2317|3107|2723|5849|3325|4085
337|0|170.9694|Unknown|541|650|3174|2986|2505|1076|1932|1420|1124|1243|4044|944|1869|2567|1435|2213|1014|1840
338|0|171.007|Glycerol-3-Phosphate|1053|3769|4123|4506|3319|2179|3382|2867|2563|2709|5221|2745|3179|4246|2442|2862|2242|2190
339|0|171.0302|Unknown|797|2115|2067|2809|2104|1417|3683|2141|2240|2442|3339|1544|2453|4204|1489|1406|473|1662
340|0|171.0467|Unknown|854|1750|1811|2606|1138|1376|3364|2040|1903|2797|3130|2308|2537|4424|1199|1665|133|1990
341|0|171.0664|Unknown|3547|4860|4294|4365|4950|5033|5095|4341|3894|4893|5453|7830|5118|6492|5474|6655|4545|6190
342|0|171.0765|Unknown|3591|4176|8501|5872|5511|4809|5501|4607|3573|5450|6389|7415|5994|7187|5855|7682|4926|7173
343|0|171.1024|Unknown|4247|4873|8877|5915|5045|4207|6823|3669|4447|5752|6993|5480|4553|5685|5490|6162|3780|3816
344|0|171.1388|Unknown|7489|6265|23114|19152|8377|7893|7991|8001|7421|12074|13096|10354|6447|11001|13955|17935|9361|9697
345|0|171.9842|Unknown|1|1006|2556|1678|493|223|340|734|1700|1423|756|1193|501|1843|1863|1854|1212|1174
346|0|172.0403|Unknown|1125|1353|2606|2023|1326|1717|1161|811|2107|2768|873|1946|534|2794|1574|3238|3160|2013
347|0|172.0617|Unknown|1808|2419|8533|5938|1747|2677|1692|1942|2208|4486|2880|3055|2179|3795|4025|5644|3691|3173
348|0|172.0753|Unknown|1612|2322|5363|3798|1252|2498|2096|1077|2398|4045|3061|3160|1553|3262|3613|4664|2519|2192
349|0|172.0978|Unknown|1867|1835|3509|2085|1451|1869|1687|945|1497|2754|1842|2912|466|3141|2792|5006|2235|2502
350|0|172.1046|Unknown|1669|1772|2793|1988|586|1452|1323|898|1514|2708|1822|2269|659|2743|2268|3553|2114|2043
351|0|172.1427|Unknown|947|1832|4326|2949|997|1936|1710|1389|1307|3082|1387|3019|1916|2332|2401|3221|1844|2268
352|0|172.9579|Unknown|4507|7177|16947|10303|11047|8394|4107|4566|4369|6589|11416|6347|7995|6890|9961|16227|11086|8203
353|0|172.9911|Unknown|4275|4620|2998|1811|5926|2359|2333|2363|2508|1969|1643|1123|1641|2394|1766|2856|2787|2050
354|0|173.0095|Aconitate|7397|7891|9164|5140|12952|3658|4949|5157|4075|4382|5684|12873|2427|2182|1927|3244|4510|4135
355|0|173.0454|Shiikimiate|907|1275|1287|885|2400|787|882|1478|1074|712|2436|1557|712|1036|1312|2076|1280|1399
356|0|173.0711|Unknown|1366|1713|8393|6548|2367|2942|2130|2503|3002|2588|3062|4395|1682|2427|4763|8135|2716|1839
357|0|173.0822|Unknown|1796|3018|7256|5419|3355|3607|1426|2112|2069|2383|3046|3940|1530|2545|11654|17852|2614|2357
358|0|173.0939|Unknown|5520|6457|20982|13865|8822|10324|5220|7240|6558|8663|9127|18448|8049|11458|19422|24153|11670|8590
359|0|173.1042|Arginine|116593|146403|371701|226689|205366|136212|48847|57885|71997|125748|159603|162648|53267|206682|334871|504915|85774|67759
360|0|173.1294|Unknown|4179|4955|11937|7959|6776|5281|1938|2231|2783|4627|5928|4868|2461|6883|11901|18876|2766|2506
361|0|173.1407|Unknown|849|1194|2246|1737|1294|1039|677|754|851|940|1323|813|866|1393|2350|3643|564|649
362|0|173.9579|Unknown|307|489|2173|1007|1186|650|364|1229|831|601|1283|1120|1011|648|1207|1470|1001|1576
363|0|174.041|Unknown|430|371|1711|1356|625|1504|806|967|1461|1217|672|1490|2227|831|1262|1241|1364|126
364|0|174.0561|Unknown|1174|795|3383|1676|2041|3177|1583|1807|2148|2019|2010|3000|2340|2044|1025|1498|2411|1111
365|0|174.0773|Unknown|2580|4041|12368|7688|4017|18508|7640|8110|7211|6719|8392|26676|5144|3257|4322|5391|10485|8324
366|0|174.0874|Unknown|2746|3269|12760|8395|4197|8517|3786|5725|5443|6085|8241|13342|5135|5271|9005|12405|10327|10244
367|0|174.1078|Unknown|8949|12693|30329|18218|16667|10992|4153|4672|6486|9552|12045|13177|4206|16441|27660|39910|6724|7026
368|0|174.9538|Unknown|25788|33054|197156|109208|95403|71606|15874|8186|24016|44827|133102|59957|69307|21122|96913|193362|88142|61070
369|0|174.979|Unknown|2090|2729|7717|4575|3623|2948|3499|2750|1933|2181|6318|3428|4860|1753|4038|7773|4181|3933
370|0|174.9907|Unknown|2206|2255|2925|2055|1908|1746|3209|2612|1465|1166|2753|2075|3290|1634|1436|2689|2128|2618
371|0|175.0068|Unknown|1592|2196|2358|1382|1284|1003|3211|2758|1479|998|1938|1889|2607|1102|1384|2062|1594|2070
372|0|175.0245|Unknown|1706|2490|1974|1265|1020|1542|2972|2312|1430|1267|1780|2362|2556|1298|1699|2196|2262|2053
373|0|175.0364|Unknown|1564|1632|2513|1378|1013|1327|2606|2028|1200|1451|2050|1880|3471|1301|1252|1493|4471|3992
374|0|175.0612|Unknown|11441|15846|78861|47076|25170|23951|9508|13228|12705|24368|39967|51262|23489|35891|57297|86639|86679|66632
375|0|175.0705|Unknown|4401|7077|26588|16666|10365|10514|5425|6235|5527|9605|14182|20513|10451|13705|21297|32871|27826|21702
376|0|175.0868|Unknown|1538|2113|4839|3355|1824|3036|3017|2196|1836|2291|3397|4758|3459|3011|3713|5664|4899|4192
377|0|175.0972|Unknown|1239|1491|2171|1955|987|1226|2094|1337|1272|1224|2212|2498|2109|1664|2084|2888|2124|2030
378|0|175.1098|Unknown|1222|3032|4000|2279|2047|2042|2134|1882|1332|1539|2177|2596|1616|1641|3107|5705|2179|2004
379|0|175.9534|Unknown|3949|4342|21912|11965|9201|7520|3538|1212|2838|5564|14375|6748|7911|3856|10111|23232|9623|6183
380|0|176.0116|Unknown|1194|1033|3362|2193|1971|1451|3640|1520|1312|2388|2640|2535|1129|2237|2458|3613|2793|1247
381|0|176.0406|Unknown|8573|7082|43388|25897|11817|12627|7237|6324|8763|14039|15853|12204|4413|4817|3882|8061|7653|5461
382|0|176.0547|Unknown|2930|3144|10640|6668|4189|3333|4245|2504|2804|4914|4671|5243|2355|2880|3341|4338|4653|2949
383|0|176.0647|Unknown|2831|2583|9414|6104|2667|3544|4006|1743|2768|4539|4922|7848|2980|4433|4960|7487|8741|7561
384|0|176.9045|Unknown|3278|3009|4100|2455|3873|1885|1425|3397|2151|1670|3261|2603|1605|1421|1397|1943|1893|2734
385|0|176.9298|Unknown|7871|7417|28399|15049|12937|10149|7149|8487|7997|10282|15667|11682|9571|7545|12449|20153|11293|10650
386|0|176.9495|Unknown|33284|39280|316371|173082|146543|97403|14377|9871|27256|62162|192215|77656|96300|28391|131221|319154|127656|90429
387|0|176.975|Unknown|2510|2877|11555|5860|6079|5433|2500|3295|3331|3611|8185|4052|5168|1902|5406|12819|5135|4827
388|0|176.9881|Unknown|4787|5224|6837|3861|7232|8130|4637|4092|4591|5301|8266|4954|4621|3381|4655|8714|7001|7810
389|0|177.0069|Unknown|1621|1695|2665|1228|2090|2823|2253|2733|2207|1585|2183|1560|1949|1259|1517|2780|1597|3149
390|0|177.0205|Unknown|2158|1472|3489|2430|2051|2146|1949|2090|1920|1329|2793|2194|1726|1819|1700|3645|2374|2261
391|0|177.0405|Gluconolactone|1745|2427|5148|2078|2252|3202|1998|2014|1811|1933|2770|2958|1827|1799|3097|3318|3065|1884
392|0|177.0553|Unknown|1465|1342|3760|1931|1435|1437|1427|2140|2486|983|1592|1555|1088|1427|1108|2118|1485|1087
393|0|177.0661|Unknown|1179|1135|2298|1753|926|1754|1550|1206|1671|1017|1812|1526|1257|1286|1332|1656|2193|1837
394|0|177.0923|Unknown|1903|779|1464|2002|1261|1434|1257|485|1485|970|1766|1708|1127|768|1384|1293|1089|823
395|0|177.9296|Unknown|1326|2146|2731|1966|1985|719|4703|2623|2800|2219|1745|1992|788|1172|942|2031|2558|1585
396|0|177.9493|Unknown|3735|6517|30276|17161|15402|11120|6889|3135|5234|7993|19973|8411|9368|4364|13308|31535|13654|11144
397|0|178.0601|Unknown|5831|8799|22400|17484|10488|5370|7540|6994|6648|8371|10646|8519|3273|10759|14802|24694|4407|6032
398|0|178.0701|Unknown|2351|4809|7713|5887|3641|3013|4803|4875|3262|3586|4166|3256|1842|4556|5230|9104|2331|2884
399|0|178.9254|Unknown|13339|11722|41857|25433|19056|18047|7884|6187|13459|15616|24637|16022|16112|10808|19050|35641|19976|18871
400|0|178.9454|Unknown|15100|17441|135005|71742|63507|41443|8459|4012|10001|22882|88941|31092|41778|11270|59838|146701|50907|36268
401|0|178.9606|Unknown|7650|8167|27535|13766|20320|9032|2525|1684|3054|4896|17449|7527|9527|2986|12058|30648|11737|8983
402|0|178.9792|Unknown|6083|5519|15500|9039|10335|5326|3601|2547|3670|7361|14041|5854|2521|2421|6944|11071|6659|6963
403|0|179.0031|Unknown|4215|4627|9220|5812|6481|3943|3367|1838|3117|3576|7484|3537|4973|2347|5690|9875|4301|3936
404|0|179.0153|Unknown|2752|2911|9023|6200|4240|3600|2055|1402|2288|2349|5175|3343|3950|2002|5133|9621|4490|3395
405|0|179.0348|Unknown|791|903|2214|1400|1840|1575|1100|1082|1052|1201|2108|1839|1545|1849|2281|2648|2230|1041
406|0|179.0561|Glucose|51691|42277|17546|13626|77372|11782|7127|6512|13342|13030|11608|11882|9603|10611|17527|22964|13909|9777
407|0|179.0741|Unknown|11411|11003|22830|14575|15759|10137|4363|3834|7583|8360|12180|9072|8480|5545|11748|22222|11035|7870
408|0|179.925|Unknown|1568|1730|4190|3642|2379|1878|1611|2782|3186|2579|3079|3032|1855|2370|1895|3627|2107|2406
409|0|179.9447|Unknown|2001|3184|14461|6535|6298|4049|1225|2982|2895|4261|9817|3474|3582|2527|5619|14383|4725|4788
410|0|180.0043|Unknown|783|1637|2252|1895|1346|1286|1748|1641|1984|2015|1904|1361|482|1388|1030|2361|1809|1458
411|0|180.0331|Unknown|1119|1292|1518|954|1278|1083|1512|1441|1377|1254|1528|1279|475|1666|2153|2189|1304|935
412|0|180.0666|Tyrosine|40962|51810|55472|40905|61710|55892|27618|32566|31290|31262|38033|65671|25197|106188|183332|258702|34392|30220
413|0|180.0926|Unknown|2237|2291|2274|1884|2297|2418|1776|2116|1694|1676|1940|2782|1548|4108|7139|9644|1644|1458
414|0|180.9221|Unknown|9812|10105|18954|11670|14146|11004|6359|5068|6109|8761|16849|10259|9055|5636|9622|16684|8883|9401
415|0|180.941|Unknown|9867|10279|72376|36421|42040|22321|5618|4031|6446|11706|48067|19225|23529|7749|31079|77946|28740|19508
416|0|180.9505|Unknown|5847|7017|26418|14299|17576|10618|4219|2604|3119|6412|20978|9542|9076|4213|12297|28346|11928|8638
417|0|180.9752|Unknown|7845|8853|23867|16282|15100|16316|7316|5064|8779|14546|29131|13106|5167|5959|11512|19785|18028|14293
418|0|180.9884|Unknown|5134|4624|8595|5107|5618|5220|3759|2848|3073|5054|9137|5342|2356|3143|3419|6111|5307|5004
419|0|181.0005|Unknown|3818|3870|4651|3033|3903|3364|4301|2233|1882|2668|3937|3244|2210|2649|2478|4512|3365|3576
420|0|181.0117|Unknown|5622|5616|18177|10512|8309|7259|5449|2891|4327|5047|11346|8031|6596|4923|8096|17692|8727|7390
421|0|181.0517|Unknown|2572|2468|3228|1900|2211|2316|2985|1835|2306|2975|3699|2613|1414|1991|1532|1549|2054|1928
422|0|181.0719|Unknown|10031|13201|37848|25074|18592|32418|8571|9781|324532|11353|14985|20383|12544|23560|38679|50872|19706|17250
423|0|181.0975|Unknown|1957|1915|1989|1415|1292|2665|2107|1895|12812|1752|1459|2034|1533|2056|1397|2103|1360|1421
424|0|181.1089|Unknown|1358|1348|845|454|689|1309|1649|1680|3376|1069|812|1505|1003|1366|736|545|898|710
425|0|181.9214|Unknown|1616|2298|2113|2022|1253|1776|1496|928|1125|1956|1456|1694|1919|1128|641|1809|1426|2594
426|0|181.9406|Unknown|2184|2268|6234|4611|4273|2564|1797|777|1422|2802|5771|3462|2654|1485|3730|8820|4105|3476
427|0|181.9763|Unknown|1886|2019|1651|1602|1146|1834|1384|1479|1297|2511|2601|1954|1137|922|1225|1366|2196|2195
428|0|182.0113|Unknown|2203|1492|2532|1873|1357|1542|1487|862|1239|1689|1938|1345|1065|1050|1422|1987|1390|2165
429|0|182.0438|Unknown|2330|1661|1782|1654|899|1693|1842|1259|1593|2247|1625|1850|1259|16223|26145|32399|1811|2181
430|0|182.0753|Unknown|2407|1477|3047|1867|2085|3670|1909|1486|22333|1299|1253|2876|1372|2611|2926|4620|1441|1864
431|0|182.9203|Unknown|3193|2443|2479|2306|2471|2338|4171|4202|1046|3122|3118|1806|4625|3150|2020|2765|1843|1705
432|0|182.9369|Unknown|5192|5203|16115|10862|9059|6574|6158|5258|2449|6178|12052|6339|9026|5408|8508|20143|6873|7044
433|0|182.9479|Unknown|6773|6019|19251|12556|12756|7206|6380|5398|4115|6379|13166|5896|11052|6068|9945|18994|8122|8518
434|0|182.9766|Unknown|4465|4034|4462|4144|4812|5132|6183|5724|2804|4422|4768|3896|5303|5121|4122|6779|4999|3664
435|0|182.9927|Unknown|3850|4529|2805|3052|4977|2771|5229|4743|2013|2839|3214|1967|5014|3886|2595|2930|1862|2049
436|0|183.0055|Unknown|4469|4291|7692|6241|5316|5230|5384|5185|3217|4131|9808|3817|4943|4690|5002|7013|4063|3806
437|0|183.0167|Unknown|3912|4111|8899|9789|3946|5665|5698|5585|3052|4034|7308|4718|6179|7390|10187|14986|5413|4733
438|0|183.0464|Unknown|2191|2026|861|1712|1107|1470|3832|3029|694|1579|2065|1427|3505|3924|2827|3772|1044|1105
439|0|183.0656|Unknown|2629|1977|2020|1619|1331|1819|4071|3140|1133|1515|1958|1639|2660|2667|2677|2316|1260|1050
440|0|183.0763|Unknown|1877|1635|1886|1557|1440|1472|3493|2664|4481|1205|1639|1972|2921|2940|2384|1916|1591|1235
441|0|183.1018|Unknown|2369|1895|1477|1303|1020|1416|3572|2428|817|1745|1845|1308|2431|2123|2340|1625|1373|1677
442|0|183.9366|Unknown|397|2949|2001|1590|1353|1004|1931|307|1558|1971|2258|1754|710|1428|971|2092|1194|1676
443|0|184.0021|Phospho-Serine|23049|28031|107664|69298|29603|21725|13596|17281|23416|43184|39587|44643|30438|46367|64615|85000|46523|35981
444|0|184.028|Unknown|1529|2057|4482|2854|1644|1167|1420|1651|2674|2524|2143|2415|2071|2386|2688|3365|2407|2080
445|0|184.0611|Unknown|1227|1676|1907|872|990|923|1154|1724|2479|1595|1734|1548|1011|943|1065|1619|1642|1175
446|0|184.8978|Unknown|169|1680|1697|1284|403|535|2090|257|1957|1050|1343|1140|1972|2749|1506|3051|2817|1076
447|0|184.9337|Unknown|1612|1724|1911|1763|1541|1405|3220|519|2541|1947|2850|1640|3143|5552|1456|2883|4511|1650
448|0|184.9456|Unknown|2491|2231|4264|3871|2928|2490|4180|1375|3871|2368|4758|3015|4484|5103|2342|5129|5786|3093
449|0|184.986|Phosphoglyceric acid|3140|2241|3354|2390|3357|2417|3335|1289|2832|2637|4149|3781|3708|5193|3012|5217|4820|2955
450|0|185.005|Unknown|3205|3499|6427|5694|3431|2688|3477|1761|3917|3536|4403|5263|4184|6492|5472|7346|6846|3347
451|0|185.0113|Unknown|3240|3587|4760|4023|3094|3133|3416|1676|3436|2795|3252|4852|4354|5724|5170|6132|5992|3286
452|0|185.0274|Unknown|2130|2031|1516|1364|1465|1402|2921|1267|2396|1103|1837|2508|2842|3888|1610|2301|3749|1963
453|0|185.0449|Unknown|2448|2336|1542|1767|1402|1456|2884|1455|2256|1538|2679|2383|2448|3454|1443|1424|3309|1797
454|0|185.0568|Unknown|2407|1903|3978|2581|2042|1649|3307|1450|2696|2297|2519|3592|2329|3768|3956|4135|3536|2232
455|0|185.0817|Unknown|2814|2960|2697|2747|2187|881|3601|1586|1866|1175|3213|2045|2173|2929|2899|3233|3145|2511
456|0|185.0928|Unknown|3068|2883|4552|3341|3219|1580|3435|1927|1957|1794|3929|3605|2418|2966|3448|3596|3183|2647
457|0|185.1182|Unknown|2239|3197|3266|1785|2071|2172|3272|1611|1866|2011|2546|2030|1757|2298|2298|2672|2485|2336
458|0|185.1545|Unknown|3116|2875|3802|3653|2795|3210|3873|2851|2380|3330|3654|3730|2152|2375|2714|3414|3808|3357
459|0|186.0002|Unknown|3237|2243|9399|6017|2633|3198|1927|3038|1431|2690|3338|4904|2342|3702|4645|7572|5560|3454
460|0|186.0165|Unknown|1452|1210|2925|1804|968|1722|1916|2679|1295|448|678|2686|1658|1730|1914|3830|3976|2485
461|0|186.1139|186.1139|4256|1650|1889|1078|5331|1654|5119|2280|2556|1262|1463|1777|1040|117|5190|6726|2910|1069
462|0|186.9519|Unknown|4717|2455|7271|5190|4692|4289|3671|1703|3272|2783|7729|6323|4402|2566|3976|8703|3714|1248
463|0|186.9765|Unknown|3899|1766|1423|2133|2127|1927|3832|2067|2453|1300|2309|4844|2673|1870|1280|1488|1318|139
464|0|187.0071|Unknown|3629|2899|1860|2093|2041|2098|4113|2617|3061|1575|2232|5323|3107|2045|1762|2596|1562|2178
465|0|187.0246|Unknown|27362|41974|54416|31660|47585|45658|22567|21888|27420|40156|57297|77673|20267|24891|43916|54555|42052|36648
466|0|187.0506|Unknown|4043|3265|4029|3544|3725|4212|4097|3445|3267|3108|3918|6996|3292|2829|3407|4909|3214|3499
467|0|187.0611|Unknown|4341|3204|4324|3906|3465|3529|3222|3183|2639|2950|4173|5407|3229|2795|3166|3990|2944|2905
468|0|187.0723|Unknown|3943|4172|5942|5517|3847|5386|4263|4067|3753|4503|4706|7538|4378|3366|6062|6252|4038|4180
469|0|187.0864|Unknown|6702|5327|16528|9860|9813|4101|3528|3612|5440|7033|11161|5497|3447|1949|2945|3706|2980|3628
470|0|187.0973|Unknown|5312|6796|14179|11238|7487|5551|4048|4293|4358|6059|7702|6935|3357|3694|15319|20538|4221|4924
471|0|187.1087|Unknown|11895|14573|33378|22734|14214|16422|9822|15282|12802|18315|16677|29121|11236|19412|23873|28342|17713|12766
472|0|187.1338|Unknown|2461|2892|5722|3495|2385|2923|2228|2909|2356|2793|2419|3624|2108|1986|3224|3618|1949|2696
473|0|188.0226|Unknown|2989|2822|8157|5589|4880|4939|2445|2249|2929|5848|7209|4986|2876|3758|4847|9302|5863|5115
474|0|188.0264|Unknown|3631|4105|8424|6623|5276|5853|2864|2688|3677|5825|7479|8431|2486|4680|5284|9657|6164|5359
475|0|188.0563|Unknown|22761|39609|84715|55182|49299|43225|26489|31683|40120|59606|85221|91623|19675|19302|32603|39452|30771|25050
476|0|188.0828|Unknown|2160|2368|3998|4137|3746|3084|2224|3131|2298|3381|4375|4322|1755|2010|2394|2236|2316|2042
477|0|188.0926|Unknown|4509|6016|16575|13260|8104|3135|2299|3677|3094|3870|6396|4941|4117|3023|4298|4933|8019|6548
478|0|188.1103|Unknown|1876|2099|6570|4722|3499|2875|1835|3718|1856|2681|2542|3398|2435|2080|2678|3670|3663|2400
479|0|188.986|Unknown|1231|1858|3006|1469|754|650|1629|934|2191|338|1335|1064|1273|1008|927|1534|191|636
480|0|189.0402|3-Dehydroquinic acid|1847|2010|3340|3445|1680|2529|3426|2659|4059|1142|2084|2765|1619|1685|2894|2941|1172|994
481|0|189.0597|Unknown|2639|4217|9506|5762|3850|3786|5392|4945|6701|4791|7837|9253|2827|3584|4040|4653|2969|3252
482|0|189.0756|Unknown|1724|2599|4192|3265|1635|2827|3301|2396|4364|1810|2976|2896|2064|2242|3459|3768|1292|2405
483|0|189.0957|Unknown|1706|1845|4551|3584|1743|1700|3543|2106|3922|1015|2393|2802|1843|2817|3242|2877|1959|2792
484|0|190.0182|Unknown|1699|2875|1879|1779|1231|1022|1187|713|1139|941|1764|1942|1899|2514|986|2629|1935|1815
485|0|190.0537|Unknown|4978|5551|24887|17103|5205|7466|3565|5966|5187|8592|10654|12732|4064|2819|2445|3418|4133|3997
486|0|190.9641|Unknown|1641|3734|665|565|3104|988|2440|1542|1550|394|1221|750|923|1600|1367|540|493|1147
487|0|190.9807|Unknown|1177|3796|1242|1728|3243|1344|3190|2040|1962|1293|1495|1709|1309|1357|1603|971|659|1894
488|0|191.0198|Citrate / Isocitrate|145305|209036|331738|174812|342803|194966|104937|126360|72457|114120|187836|630521|34199|34839|80706|124827|125843|94102
489|0|191.046|Unknown|6092|11940|11832|7473|14558|9546|7794|7086|5080|4907|9295|24323|3005|3165|4239|4770|6420|5620
490|0|191.0567|Unknown|2461|6544|5935|4204|5502|4656|5166|4373|3657|2482|5778|9202|2376|2619|3130|3474|4171|4179
491|0|191.0688|Ser Ser|1275|5363|3374|2413|3561|3946|5264|3318|3383|1575|4072|4500|1950|2485|3110|2167|3744|3327
492|0|191.0803|Unknown|1346|4841|1857|2265|3367|3499|4834|3470|2964|1135|3309|4473|1748|1987|2100|1357|3317|2452
493|0|191.1069|Unknown|1775|3850|1490|2304|2309|2798|4767|2694|2818|1786|3518|2344|2144|1668|2746|1790|2678|2391
494|0|191.984|Unknown|1698|2149|1091|1380|2130|398|670|679|1938|843|1206|1201|115|1173|969|1230|1461|1974
495|0|192.0233|Unknown|12468|17234|28783|18366|25263|13798|7508|8710|7905|9237|17440|47551|3998|4080|8110|10784|11666|8236
496|0|192.0314|Unknown|5382|7753|12452|7094|11126|6723|3801|3880|4603|4178|7750|20095|2019|2592|4454|5968|6441|5488
497|0|192.0498|Unknown|2080|2165|3230|2269|3183|1120|1671|735|2997|1561|2463|3477|979|1408|1388|1588|2391|2144
498|0|192.0697|Unknown|3434|4181|9841|5770|5931|4142|3617|2803|4440|3674|5879|8198|3169|4311|7933|8157|5606|5463
499|0|192.1147|Unknown|1665|1343|1463|1167|1707|942|2073|593|2629|845|1200|879|687|1447|939|1706|1822|1923
500|0|192.8786|Unknown|2034|1063|2222|1227|2163|500|445|1135|1|1463|727|1213|109|565|1963|1134|2393|398
501|0|192.9031|Unknown|1637|1035|4265|2947|3737|1254|990|1193|57|2941|1814|2610|343|1283|3806|2985|3641|1745
502|0|193.024|Unknown|3019|6227|7180|4494|7284|3759|2414|3097|2394|3829|3400|9958|2575|1146|3285|3113|4794|1444
503|0|193.0346|Pectin / Glucoronic acid|1736|3174|3163|2025|3425|2070|1259|1491|1296|2197|1937|3496|2065|1066|2388|2319|2963|1016
504|0|193.0524|Unknown|1802|2918|5485|2817|2922|1992|1379|1531|1704|2412|3067|3310|2232|1689|2550|2427|3593|2444
505|0|193.0642|Unknown|2130|2341|5228|2983|2337|2376|1666|1841|1607|2932|2798|2874|2423|2752|3134|4139|3171|1922
506|0|193.0769|Unknown|3534|6481|2888|1661|4689|5987|2757|3105|2927|9197|9115|4576|4567|3459|4211|6280|6149|3473
507|0|193.0858|Unknown|3598|5504|4509|3087|5019|4155|2536|2487|2312|6185|6435|6092|3482|3595|3525|4967|6766|4719
508|0|193.9894|Unknown|1299|791|1340|2082|2184|1572|82|270|1882|1148|1189|1465|1266|602|2468|986|1355|487
509|0|194.0334|Unknown|1968|2360|7228|6161|4246|3013|1386|1785|2724|2839|2765|3525|1813|3307|7477|5406|2464|2225
510|0|194.0447|Salycilurate|1571|2158|4242|3952|3151|3318|1205|1555|2768|2057|2014|2588|1579|1676|4525|3293|2298|1808
511|0|194.0629|Unknown|1443|2430|3217|2734|3485|2785|1459|1406|3640|2543|1620|2640|1678|1297|4084|2159|2979|1963
512|0|194.0807|Unknown|2008|2375|3110|2626|2872|2746|1592|1825|4145|2560|2336|2778|1885|1083|3702|3143|3193|1914
513|0|194.8991|Unknown|4092|1863|8993|4147|3980|2135|1953|3316|4021|2520|4009|4576|4702|2181|3371|7760|4935|5802
514|0|194.9279|Unknown|8797|6758|2075|2085|10766|2359|2075|3377|2955|1088|3170|2256|4586|1478|1638|4843|2633|4123
515|0|194.9367|Unknown|7809|6024|3620|3315|11889|2932|2446|3916|3823|1785|4045|3415|5548|2359|2868|6227|3792|4863
516|0|194.952|Unknown|6050|4061|5327|3581|6775|3629|2654|3870|3724|2682|4261|3763|4940|2665|3844|6120|4086|5675
517|0|194.9633|Unknown|4713|3044|1534|1753|4879|2524|1743|3336|2833|986|2610|1846|4127|1561|2067|3956|2501|3695
518|0|194.9891|Unknown|3718|1356|1640|2744|3974|2236|1287|2993|1992|805|3142|1727|3662|1226|1981|3546|2920|2964
519|0|195.0143|Unknown|3640|2087|424|1137|3699|1978|1183|2990|1447|352|1872|869|3507|841|1176|3311|1953|2055
520|0|195.0288|Unknown|3262|1896|1064|1203|3305|2352|1234|3038|1857|711|2466|1346|3744|919|1179|2874|1816|1894
521|0|195.0513|Gluconate|5301|8579|5052|3757|7276|5871|2881|5956|2605|4209|4971|9180|6704|4181|7928|8133|6911|4696
522|0|195.0643|Unknown|3825|3484|2718|2203|3979|3610|2187|4263|2599|2451|3879|3856|4568|3026|4309|4697|4303|3053
523|0|195.0864|Unknown|8729|7236|21246|14352|9430|6636|3947|5591|5822|5963|8803|7003|5041|8546|12521|21434|5321|4342
524|0|195.1005|Unknown|4137|3134|5045|4267|3838|2920|2404|3241|2996|2096|3134|2873|3424|3275|3698|7037|3699|2189
525|0|195.1388|Unknown|3143|3432|3129|2764|4043|3287|3417|2708|3626|2232|1909|3693|3513|3257|3471|3837|3513|2481
526|0|196.0002|Unknown|1252|1877|2244|2118|956|1163|266|1247|707|2178|1194|960|1|1650|643|2244|1792|2891
527|0|196.0375|Unknown|1909|2146|3000|2619|1676|1503|1126|1930|1694|3282|2260|2484|745|2725|1692|4048|2308|4151
528|0|196.0595|Unknown|1730|2584|3071|2332|2032|1463|1184|1744|1592|3441|2744|3297|2172|2690|2437|3659|3641|3345
529|0|196.0719|Unknown|1763|2713|3660|3918|1951|2702|1595|2024|1491|3809|2555|4745|2402|3481|3704|3549|5540|4394
530|0|196.0886|Unknown|2069|1978|2300|2421|2102|1728|754|1654|1151|2925|1663|2787|1587|2200|2223|2820|2855|2995
531|0|196.1052|Unknown|1400|1619|1071|1442|1522|1218|452|1283|964|2830|1188|2344|865|1702|1054|1343|1729|2087
532|0|196.8976|Unknown|3134|3063|5017|4596|3018|2023|2158|1726|2897|4353|4549|2644|2499|4353|2896|3264|4051|3215
533|0|196.9054|Unknown|2920|3004|3798|3852|2506|2587|1968|2274|2989|4243|3930|1858|2043|3475|2659|2578|3330|2975
534|0|196.9222|Unknown|5803|5263|6438|5552|7133|3443|3829|2648|4168|6852|7721|3273|4202|5007|3695|4890|6308|4292
535|0|196.9356|Unknown|9970|11338|26257|17858|15677|11286|7195|5360|9947|11120|20105|10720|12063|8315|14679|25127|12132|14291
536|0|196.9476|Unknown|5541|6055|15274|10148|8398|6894|4232|3793|6750|7791|13675|8337|6127|6001|10301|12154|10142|9637
537|0|196.9766|Unknown|6602|6788|10441|7638|8799|6773|3785|3143|5361|6831|9758|5523|5088|4788|6664|9017|8046|6991
538|0|196.9941|Unknown|4166|4372|10698|7664|7298|5784|3434|3584|5668|6306|9385|5580|4532|3995|6936|10037|6634|5932
539|0|197.0173|Unknown|1737|1588|2086|1798|1691|1654|1144|1694|2137|2251|3017|1204|1392|1910|1757|2316|1856|1632
540|0|197.0273|Unknown|1880|1437|1720|1749|1159|1691|1096|1338|1872|1984|1994|1124|1245|1834|1320|4052|1579|1811
541|0|197.0472|Unknown|1611|1648|2206|1513|1920|2145|801|1389|1996|1977|2502|1702|1244|1642|1460|1933|1495|2100
542|0|197.9354|Unknown|1769|2271|3466|2810|2122|1572|282|2062|1767|2146|2712|1043|2937|2735|1752|3031|2027|2153
543|0|197.978|Unknown|1248|1790|1603|1342|1742|1586|718|2499|1181|1283|2344|1557|1812|2265|1184|2222|846|1680
544|0|198.0176|Phospho-Homoserine|845|700|2416|1710|1642|1525|649|3535|994|739|2077|994|1506|24057|29870|39177|1323|1612
545|0|198.0535|Unknown|1459|2176|2472|3021|1624|2724|1585|4177|2109|1636|2331|1777|1282|3541|2483|2947|1540|1340
546|0|198.0748|Unknown|4947|5209|5025|4051|6604|5405|3442|6309|4405|3597|5018|8130|2675|5000|7306|10012|4425|4959
547|0|198.8978|Unknown|1539|622|1479|1425|2651|2817|2634|4590|2883|1931|2214|1763|1583|1178|1749|2755|1743|966
548|0|198.9172|Unknown|5523|4118|8629|8355|7895|6729|4725|6621|6101|6123|10317|4772|5696|3791|5156|9846|5051|3809
549|0|198.9313|Unknown|20476|20363|67327|46405|38127|31183|14330|13704|22916|29475|50361|26041|29812|17705|35359|69057|36015|30421
550|0|198.9753|Unknown|3061|2107|4430|4333|5619|5117|5446|5414|4610|4684|6940|3665|3062|2942|4395|6702|4097|4473
551|0|198.99|Unknown|9065|9790|28057|21256|17956|13669|9961|6690|9483|10288|23506|11228|13320|8382|15909|27044|13709|10761
552|0|199.0066|Unknown|4046|3956|9290|7257|6705|6626|5085|5551|4600|5025|8913|5650|5897|4101|6503|9701|6880|4010
553|0|199.0186|Unknown|2527|1304|3563|3407|2994|3484|3797|4497|2954|2447|3998|2816|3304|3605|5678|7169|3535|1820
554|0|199.0424|Unknown|2299|1658|2480|2274|2658|2864|3234|4161|3788|2374|2827|2466|2537|2069|3611|4564|2935|1642
555|0|199.0596|Unknown|2563|1124|1771|1900|2686|2592|3366|3708|2848|2439|2694|2152|2166|2259|2841|3757|2406|858
556|0|199.0736|Unknown|2508|1624|3187|2344|2508|2144|3545|3845|3095|2240|2303|2537|2090|2213|2696|4228|2614|1256
557|0|199.0974|Unknown|2650|2582|4399|2172|3308|3347|3103|2975|2637|2528|4098|3080|2036|2914|2670|4459|3652|1884
558|0|199.1337|Unknown|1567|1186|2108|2196|2554|2436|2313|1497|1546|2413|2342|1325|2034|2124|2939|2943|1571|825
559|0|199.1705|Unknown|12920|12179|37712|32703|17307|18410|12139|12111|16944|21679|21262|18902|13089|15076|18440|35006|20382|18837
560|0|199.931|Unknown|2362|3016|7497|4668|4082|2695|4441|1376|3498|3910|6154|3370|4276|2332|4691|6910|4299|3400
561|0|199.9909|Unknown|1780|1995|4018|3152|1480|2234|2295|1456|2430|2031|4259|2197|2515|1439|2279|3592|2917|2054
562|0|200.0154|Unknown|1609|1817|1060|1480|850|1619|1744|1441|1336|1268|1631|1120|1405|2031|3040|4286|1221|1539
563|0|200.0419|Unknown|3643|4015|2496|2767|3743|4135|5106|3251|3336|4050|3062|6565|3842|2694|4610|6850|5575|4645
564|0|200.0542|Unknown|13839|18225|26583|19326|18969|22486|13244|15015|16102|22273|24590|35583|16027|20766|32454|44858|24094|22894
565|0|200.0928|Unknown|1347|1546|1847|1118|736|1559|1576|1680|901|1332|2139|1898|918|688|1822|1668|2238|1383
566|0|200.1296|Unknown|4072|1006|989|739|5943|1903|1848|1721|696|775|664|854|890|265|5325|6437|409|1063
567|0|200.174|Unknown|2674|2604|6877|5349|2993|3707|2569|2780|2516|3389|5586|3736|2424|3834|3094|4823|3335|3910
568|0|200.8932|Unknown|2852|1190|1588|1730|1121|1960|858|3464|2148|535|2179|2207|1371|1280|1402|3335|1880|1407
569|0|200.9273|Unknown|15521|14620|52725|32660|27144|25787|10471|8720|18304|22963|39544|20797|20593|13848|27714|51732|27274|22020
570|0|200.9438|Unknown|14809|9566|13232|8107|16348|8064|4861|5610|7185|6179|12421|6857|5424|3764|7184|12306|7353|8173
571|0|200.9683|Unknown|2694|2394|1477|1468|1867|1870|2175|3822|2796|1353|2642|2273|1020|1337|1968|2279|1724|2215
572|0|200.9866|Unknown|4172|3111|5470|4031|5130|3032|2879|4201|3282|3200|4272|2880|1893|2416|3935|6439|2898|2573
573|0|200.9964|Unknown|2585|2038|3003|2387|2178|1666|1959|3493|2557|1993|2448|1820|1278|1386|1960|3243|2123|1944
574|0|201.005|Unknown|2497|1775|2830|1625|1879|1408|2154|3143|2147|1650|2313|1865|1012|1653|1754|3166|2129|1986
575|0|201.0258|Unknown|21320|31536|7206|3492|35442|33041|14536|8952|11871|10002|8276|20881|16419|15666|16553|22257|23220|20802
576|0|201.0549|Unknown|2426|3326|2330|2042|2970|2833|2969|3097|1734|2495|3018|3497|1916|2163|3221|4604|3080|3035
577|0|201.0761|Unknown|1984|2118|3366|2310|1725|980|1689|1703|1307|1591|2108|1836|876|1149|2076|3102|1797|1605
578|0|201.0879|Unknown|1620|2226|3233|2639|1538|1500|1493|1759|1158|1889|1875|2300|1483|1152|1956|2853|1704|1806
579|0|201.1126|Unknown|4019|4869|10161|6729|5066|4638|3227|2691|5197|4709|7598|3788|2403|3949|7472|10918|4233|4143
580|0|201.1243|Unknown|4367|5032|18315|14400|4993|5916|3849|6272|5823|7565|7610|10917|2233|4109|4823|6660|4449|3769
581|0|201.9268|Unknown|3427|3160|5701|4063|3907|3533|1728|1982|3667|3842|3653|3398|2710|1826|3386|4828|2337|1971
582|0|202.015|Unknown|1920|1830|2156|990|2001|1747|1374|1808|1643|1520|1565|2475|1270|1181|2391|3379|1413|1050
583|0|202.0271|Unknown|4728|7544|1482|998|6303|7821|2844|2650|3079|2871|2272|4777|4500|2915|4358|4475|4761|4740
584|0|202.049|Unknown|3075|3987|3284|2557|4761|3040|1933|3942|3448|3805|4122|4556|2795|4595|6638|8814|2065|2009
585|0|202.072|Unknown|1526|2077|3103|2585|2294|2362|4414|7581|3816|5441|6145|14679|2954|1955|2720|3047|4408|2853
586|0|202.0821|Unknown|1665|2758|3784|2352|2954|2947|3137|5778|3145|4155|3434|9130|2103|2241|4419|3816|2698|2548
587|0|202.1194|Unknown|3349|4270|8917|4614|2713|5862|2879|4810|3565|4099|4032|7188|5965|4566|6708|8458|4266|5050
588|0|202.9235|Unknown|6994|6994|22309|14057|12452|8518|5209|3148|6429|9425|15925|8919|7891|5694|11997|19098|11098|10218
589|0|202.9332|Unknown|5134|4676|12363|8585|7739|5841|3148|1984|4565|5330|9679|5055|4831|3411|7427|11697|6811|6672
590|0|202.9397|Unknown|4455|3237|8334|5628|6464|4236|2426|1720|3071|4231|6982|3390|3385|2412|5092|8570|4689|5262
591|0|202.9849|Unknown|2772|2071|3817|3927|2384|1607|832|1244|2150|3036|2310|1033|564|655|1029|2201|2061|2029
592|0|203.0011|Unknown|7239|5444|4267|3709|9336|2995|1871|1635|3808|3082|4710|2491|1708|2283|2631|3957|3853|3673
593|0|203.0232|Unknown|4051|5491|2517|1539|7095|6937|3334|1657|2325|2444|2359|3255|2711|3297|4329|6919|4972|4541
594|0|203.0499|Unknown|978|1063|13815|9414|2168|951|969|2606|2459|1993|1889|6473|869|1704|2579|4103|2446|1757
595|0|203.0576|Unknown|2062|2201|8454|6034|4019|1516|657|1610|3164|2791|3703|4656|1668|2382|3529|4674|1852|2477
596|0|203.0692|Unknown|3386|3378|10141|5836|5115|4811|1983|2940|3379|4613|5525|6574|2498|5004|6451|9724|3806|4557
597|0|203.0826|Tryptophan|63140|73615|137862|89648|97818|49028|35874|39925|50210|64824|79358|80461|25723|106644|155680|218962|41619|36795
598|0|203.101|Unknown|8319|10458|16849|11573|13691|8879|5314|7262|7847|10131|11980|11686|4552|15107|23442|28985|6929|5768
599|0|203.1095|Unknown|3440|3674|6914|5021|4869|3970|1967|3365|3031|4131|4612|5449|2333|5356|7397|10147|2944|2421
600|0|203.1216|Unknown|949|1030|1928|1670|1632|1461|881|1683|1175|1379|1451|2329|1225|1405|2382|3007|1207|946
601|0|204.0029|Unknown|2373|742|2842|1074|2510|1660|741|690|285|1907|1876|1098|1402|1076|1305|2467|1111|1605
602|0|204.0858|Unknown|9656|11478|17918|13384|13134|9393|6797|7444|7116|9407|10496|9331|5067|14238|22242|28188|5575|4751
603|0|204.1241|Unknown|849|3920|18659|13911|2095|2737|2047|1293|1250|1778|2112|1505|1701|1491|1820|3865|1725|1226
604|0|204.9307|Unknown|8244|7797|22926|15939|15932|10144|4968|3736|7444|12877|18316|10966|13170|7585|13719|32644|17022|12048
605|0|204.9808|Unknown|2094|873|7775|2119|1771|2092|2765|1819|2550|4704|3936|4220|2805|2530|1237|4079|3340|2642
606|0|204.996|Unknown|1866|1363|5703|1075|1793|1847|2299|2391|2767|3638|1981|3157|2446|2105|1085|3195|2864|2559
607|0|205.0187|Unknown|4059|4247|11572|3506|5181|4989|4181|4092|9690|7725|7153|10533|3682|3800|5513|8479|6107|5084
608|0|205.0357|Homocitric acid|248429|472370|752931|409028|420210|418510|199511|257691|281787|412795|536927|932260|173869|278389|526999|772438|452395|338661
609|0|205.0632|Unknown|10250|17257|29648|15270|16551|17367|8675|11093|11402|16638|21811|40267|7844|11278|21236|30328|17458|13532
610|0|205.0756|Unknown|3288|4281|10146|4136|4867|4878|3262|3672|4296|5560|5803|11162|3446|4139|5571|8469|5924|4092
611|0|205.0829|Unknown|2982|3477|9305|5134|4116|6570|3929|4806|4733|5716|5829|11163|4606|5817|7502|11081|6894|5019
612|0|205.0984|Unknown|2635|2584|6543|3261|2920|3627|2783|2990|3508|4678|4262|7760|2957|3293|4283|6790|3860|3179
613|0|205.1213|Unknown|1931|1751|4293|1974|2051|1831|1963|2095|2519|3477|2474|4137|2399|2190|2269|3495|2577|1766
614|0|205.16|Unknown|38061|32785|120725|85461|50742|49478|27597|28941|38659|71935|74442|51970|28008|39542|50960|79684|58769|51437
615|0|205.1873|Unknown|2147|1268|5296|3062|2027|2382|1977|2065|2299|3380|2819|2418|1903|2417|1873|3299|2754|2622
616|0|206.039|Unknown|18528|37856|61599|32560|36376|31364|18017|20800|21824|35189|42626|78374|14193|22948|44213|63775|37782|27604
617|0|206.0488|Unknown|7650|15780|22648|14469|13564|12069|7005|8112|10038|11269|16361|28241|7112|10617|15791|24828|15402|10536
618|0|206.0663|Unknown|1964|2347|4359|2306|3148|1848|1974|1882|2880|2804|2679|3933|2118|3166|3388|3812|2593|2115
619|0|206.1634|Unknown|5967|5959|18593|14876|8948|8849|3961|5513|7991|10222|12221|8337|3855|7147|8340|16168|9524|7070
620|0|206.9295|Unknown|4204|1008|3567|818|2908|1430|1489|1127|976|2040|1405|909|1585|3342|1489|2601|1423|694
621|0|206.9448|Unknown|4908|2266|4905|2464|4478|2313|1754|1254|1321|2089|3406|1851|2177|3265|2258|4074|2047|1637
622|0|206.9669|Unknown|3788|1673|3850|1179|2387|1462|1692|1257|1177|2047|2099|1561|1355|2834|2325|2257|1542|1178
623|0|207.0123|Unknown|8029|2838|6333|3094|8091|11148|2093|3146|9494|2344|3355|3189|4092|8485|29879|56456|9107|8203
624|0|207.0298|Unknown|3936|1953|3926|1070|3043|2775|1899|2014|2295|1658|2444|3065|2861|3907|6103|9266|2979|2218
625|0|207.0399|Unknown|7826|9146|14769|7869|11122|7591|6367|6724|5966|7064|13508|17948|4579|8792|11187|19463|9352|6561
626|0|207.0474|Unknown|7342|6992|9483|3776|8377|5235|4050|4259|3104|4342|7948|9273|3074|5362|5894|8671|6558|4493
627|0|207.0669|Unknown|3320|2752|4487|2125|3259|2374|2277|1959|2261|1842|2773|2728|2097|3361|2444|3749|2164|1450
628|0|207.0798|Unknown|3632|3364|7823|3756|4314|4970|2577|3142|3372|3387|4781|4809|2397|2926|2390|3502|3245|2240
629|0|207.0858|Unknown|3064|3259|5036|2513|3239|2450|2185|2380|2430|2829|3448|4529|2001|3139|1947|3040|2185|1606
630|0|207.1033|Unknown|2775|1887|3703|1010|2771|1918|2050|2148|1947|2255|2149|3065|1705|3703|2066|3323|2563|1771
631|0|207.1392|Unknown|2092|2006|4218|1936|2063|2335|3398|1679|1843|1588|2843|3136|2055|3171|1843|3367|2009|1637
632|0|207.9219|Unknown|1271|721|2595|1927|2676|961|2319|1905|943|1480|2755|2995|1340|1782|1019|2320|892|1571
633|0|208.0153|Unknown|2465|912|3155|1479|1331|1632|2604|1123|2031|1465|1573|2316|1589|2027|4254|6964|1566|1784
634|0|208.0279|Unknown|2006|1590|3338|1909|1650|1382|2786|1206|1512|1477|1478|3001|2294|2203|2923|3355|2045|1769
635|0|208.0433|Unknown|2017|1973|3366|2146|1940|1923|3050|1523|1897|1966|2744|3433|2410|1604|1935|3098|1347|1889
636|0|208.0613|Unknown|1664|1822|2583|2001|1985|1484|2720|1771|1823|1866|1970|2907|2194|1622|1213|2402|1617|1368
637|0|208.0815|Unknown|1517|2094|2768|1816|1824|1651|2726|1725|2292|1700|1348|1909|1743|1287|1363|1713|1133|1673
638|0|208.0983|Unknown|1598|1888|2546|1399|1605|1875|2532|1834|2157|1371|1188|1944|1877|1699|2069|1715|1756|1939
639|0|208.1385|Unknown|1200|1108|1607|702|1079|1458|2008|1405|1613|799|789|1292|1635|1260|1081|1223|830|2218
640|0|208.9922|Unknown|344|1895|1016|1280|1327|1232|1513|1|2398|2359|1704|1083|2083|1524|1451|1691|1305|2235
641|0|209.0087|Unknown|837|2026|1919|2034|1032|1939|1235|1|2963|2738|1963|1455|2533|1730|2843|4266|2164|2791
642|0|209.0324|Unknown|1178|2631|2742|3447|1150|1797|1602|504|3511|3031|3011|1878|2557|2947|2973|3571|2284|2569
643|0|209.0456|Unknown|917|3015|3126|2986|1438|1572|1975|637|4001|4159|2799|2213|2585|2482|2830|3508|2785|2546
644|0|209.0639|Unknown|870|2368|1869|2217|1600|1836|1803|656|5564|3069|2063|1275|2835|1906|2668|2345|2679|2948
645|0|209.0946|Unknown|1273|2495|4077|3663|2724|2430|3101|1753|3433|4431|2341|2440|2972|2621|3162|3577|3321|3748
646|0|209.1181|Unknown|1582|1525|1736|2216|1896|6000|3112|1460|2555|3039|2081|1254|2627|2187|10658|5175|2522|3302
647|0|209.1546|Unknown|1784|3205|3149|3094|2904|2292|3753|4048|3115|4242|2730|2746|3678|2207|3948|3194|3082|4109
648|0|209.9422|Unknown|166|1|699|2009|577|618|845|229|631|1|1240|1|1346|1|787|1|308|922
649|0|210.0021|Unknown|214|1294|2746|2602|2817|1787|1800|1223|875|1378|2263|2226|3640|2672|2146|1785|2455|1482
650|0|210.0164|Unknown|755|1825|6885|5868|3784|2837|2341|1188|2139|3500|6988|3379|4946|4312|3393|4407|2910|2687
651|0|210.0251|Unknown|527|2445|3207|3574|3644|3117|2354|1258|1778|2279|4531|3152|4596|4578|2461|2971|2709|2821
652|0|210.0378|Unknown|1369|2354|3718|4075|3763|2762|2593|1905|2425|4411|5376|4437|4012|4449|2943|3293|3164|2937
653|0|210.0762|Unknown|1412|1281|1498|2587|3281|1863|1887|523|1734|1465|2458|3035|2963|2893|1763|1826|2040|1722
654|0|210.088|Unknown|1917|1566|2417|3237|3434|2197|2186|1565|1780|2075|2883|5075|3415|3822|2838|2972|2960|1875
655|0|210.1129|Unknown|1001|1123|1255|2063|3027|1610|1740|898|1124|1620|1560|2218|2215|2978|2294|1059|2199|1737
656|0|210.1487|Unknown|1041|1025|517|1425|2422|759|1145|491|624|1283|607|1451|1730|2372|1618|768|1625|1230
657|0|210.9888|Unknown|3430|2226|1794|2526|5200|3107|3542|5004|777|2713|3726|2730|856|1860|2202|2320|2146|4253
658|0|211.0016|Unknown|3185|2212|3979|3657|4726|3787|4014|6440|1706|3736|4031|4095|1554|2845|3746|4805|2875|4062
659|0|211.0285|Unknown|2412|1475|710|1919|3877|2502|3661|5784|982|3046|2167|2317|1184|2597|1915|2686|2352|3574
660|0|211.04|Unknown|2918|1729|991|2002|3080|2844|3828|5977|1324|3133|2122|2602|1115|2725|2425|3110|2419|3338
661|0|211.0603|211.0603|5473|3148|8798|6652|4899|3879|5364|7596|3340|6580|5501|6136|3759|5745|6180|8010|4665|4322
662|0|211.0829|Unknown|3787|2123|4083|3150|4300|3875|4521|6827|3234|4056|3175|5095|3816|5011|3945|5487|3538|4551
663|0|211.097|Unknown|4236|3598|3776|3792|4383|3910|4481|6084|3145|4812|3734|4258|2798|3973|3619|4392|3128|3917
664|0|211.1081|Unknown|3879|2936|2818|3239|3558|3100|4358|5641|2789|3925|3052|4032|3444|4138|3570|3989|3321|3731
665|0|211.134|Unknown|3859|2526|2081|2655|3982|3541|3798|4878|3112|3514|3233|4091|2265|3516|3266|3016|2670|3554
666|0|211.1698|Unknown|2533|1132|983|1752|2323|2077|2705|3272|2027|3261|1707|1970|1708|1944|1826|2006|1499|2084
667|0|211.974|Unknown|694|1009|2025|1747|775|2115|1404|545|513|52|2087|2198|1058|1616|1110|90|863|2196
668|0|212.0331|Unknown|1761|1201|2434|1425|1839|2885|2413|2757|2282|1145|2113|2962|2067|2757|1733|1601|1283|3578
669|0|212.0548|Unknown|2795|2770|3948|2071|4168|3069|3630|3097|3587|3271|3564|2755|2105|2971|2182|2277|1330|3932
670|0|212.0742|Unknown|1831|2145|2207|1231|2819|3307|2451|2856|4021|1759|2558|2430|2111|3198|2323|2096|1182|3114
671|0|212.0906|Unknown|7666|8705|10225|8227|12266|6548|6747|7336|8415|7023|8793|11280|4959|8392|11834|15505|6268|7317
672|0|212.1388|Unknown|1517|1793|2183|1380|1793|2637|1901|1425|3275|1345|2593|2491|2182|2978|1178|742|1092|1980
673|0|212.1658|Unknown|3024|937|1618|850|3643|2120|1888|2207|3255|1277|1627|4447|1888|2629|3503|3097|955|1925
674|0|212.9031|Unknown|3031|2980|3605|1785|3975|756|1291|600|3522|483|1614|1664|495|2451|2540|1554|2727|3133
675|0|212.9093|Unknown|3370|3066|7809|3986|4740|1356|1970|1194|4653|1017|2760|2479|932|3084|4044|3573|3905|3799
676|0|212.9202|Unknown|3148|2764|2911|1983|3950|521|1878|779|3798|439|1357|1029|310|2364|2673|1489|2803|2880
677|0|212.9456|Unknown|4194|3663|947|1136|5468|249|2706|1056|4006|492|699|545|478|1923|2182|984|2030|2386
678|0|212.9918|Unknown|3291|2851|904|1100|3266|603|4148|1149|4083|527|78|876|1000|1401|2531|1066|1990|2655
679|0|213.0145|213.0145|3742|3238|1613|1634|4045|2931|4471|1636|4779|1149|1179|2113|1420|2300|4944|3360|3035|3463
680|0|213.0491|Unknown|3165|3181|2719|1988|4129|1950|3352|1890|3773|1022|1|1501|2088|2816|5001|3179|2481|3628
681|0|213.0609|Unknown|3199|2898|1690|2432|4106|2390|3089|1730|3626|986|1|1418|1774|1955|3756|2785|1521|3295
682|0|213.0859|Unknown|6199|6679|8263|6417|9444|6902|6596|5778|6939|6384|6136|9025|3799|6798|9071|9153|5640|6124
683|0|213.113|Unknown|3072|3002|1864|2869|4182|2520|2513|2935|3144|1568|1269|1851|1637|2793|3706|3791|2451|3363
684|0|213.1247|Unknown|4036|4051|11317|7436|4994|4948|3827|6403|4460|4030|5010|8917|3148|4050|5652|7756|4492|5418
685|0|213.1496|Unknown|3394|3750|3353|3391|4451|3327|3267|3319|2604|1601|2998|2389|1628|2845|3721|4105|2687|3681
686|0|213.1861|Unknown|5214|4067|7844|6470|7054|7020|5082|4578|4577|3685|4540|3623|3451|3746|7559|9693|2864|4414
687|0|214.0209|Unknown|2845|2257|1935|2271|4539|3184|3222|2197|2890|3033|870|3389|1730|2713|2319|3023|2204|1463
688|0|214.033|Unknown|2726|2605|4370|3824|4049|3517|3608|2723|2072|3361|1569|4751|2180|3079|4020|3642|2635|1449
689|0|214.0487|Unknown|14388|18339|52823|36999|22483|50489|28640|40335|18440|28614|28179|75363|23125|28808|42584|42789|32063|24511
690|0|214.0767|Unknown|2554|1973|2533|2385|2178|4014|3889|2424|1579|2471|1208|4615|1520|2571|2893|2326|2526|1636
691|0|214.0881|Unknown|2211|1676|1772|1826|2303|2954|3631|1632|1370|1997|1124|3082|956|2194|1864|1937|2130|1192
692|0|214.1451|Unknown|11401|1911|3268|2845|15259|4311|6496|5069|2657|2340|1472|9671|853|3191|11862|18815|2938|1194
693|0|214.191|Unknown|1935|1426|1676|1668|890|2439|3674|2219|2210|1186|1207|2462|982|2077|2203|2094|1695|1098
694|0|214.8921|Unknown|2234|3666|4001|2687|2569|3098|4885|2349|3033|1725|1379|3144|2140|3338|2305|2539|1672|1918
695|0|214.9052|Unknown|3799|5528|18538|10519|5462|5756|6904|4619|4890|3956|7334|8029|5816|5965|8092|12994|6503|6119
696|0|214.9129|Unknown|3410|4585|12161|6271|3897|5189|5945|3771|4550|3226|6123|5787|4615|5507|4669|7796|5341|5043
697|0|214.9336|Unknown|5447|7404|12518|7225|9045|8144|8231|3900|7441|6183|8877|7420|7660|5157|7032|13828|6087|7348
698|0|214.9449|Unknown|3679|5095|6907|4550|5574|6123|6237|3142|5275|3354|4881|4347|4315|3697|2639|7723|4309|3854
699|0|215.0049|Unknown|17588|19614|61782|39275|39854|31281|15230|10551|19608|26193|46253|26275|30673|17905|38062|78292|31165|26714
700|0|215.0325|Unknown|48655|62169|10618|6612|84556|15042|9355|6541|10644|6682|8639|11233|8681|8323|13267|16790|10478|7904
701|0|215.0506|Unknown|8236|10858|6374|4984|14577|7423|5197|4578|4282|3562|4212|7689|3793|4899|4698|7710|4014|4514
702|0|215.0646|Unknown|3600|4624|6850|3241|5292|4465|4420|3680|3300|2055|2558|5284|2596|4310|4249|5666|2885|2611
703|0|215.0806|Unknown|2202|3056|3498|2955|3334|3480|3682|3507|2890|1641|1755|2984|2301|3575|3031|4424|1564|1382
704|0|215.0928|Unknown|4773|5614|10499|8059|4746|5755|4331|4241|4020|5076|4343|5135|3333|4774|7281|11458|2929|2547
705|0|215.1021|Unknown|2869|4222|6419|4288|3557|4988|3829|4164|3212|3666|2849|4732|3626|5939|5715|8610|3766|2367
706|0|215.129|Unknown|2114|3260|4751|3687|4199|4148|3907|2972|2516|3144|2145|4213|2519|3425|5046|8656|2964|2048
707|0|215.1398|Unknown|2463|2984|9876|6017|2823|3933|3538|4360|3299|4125|3103|5979|2702|3412|2905|6391|3108|2546
708|0|215.165|Unknown|2273|2659|5220|4677|2019|3216|2624|2215|1998|2424|1472|3743|1552|2170|2892|2990|2972|1983
709|0|215.9341|Unknown|961|1005|3547|2518|1929|1107|1024|221|1466|1734|2583|2178|1346|1889|1483|2201|1056|1343
710|0|216.0058|Unknown|2052|3488|8710|5585|6077|4778|4507|2797|2676|4558|8002|5101|5201|3227|4477|7748|5251|3909
711|0|216.0154|Unknown|1612|2888|3485|3089|3095|2637|4087|2477|1724|2390|3627|3704|3565|2482|2979|4513|3282|2692
712|0|216.0281|Unknown|6318|11024|13807|9859|11134|10330|9441|13418|6545|8976|8943|23624|13578|17436|18639|23069|16356|12410
713|0|216.0325|Unknown|6220|11086|8792|6468|10578|9066|8041|10967|4971|7006|7167|13473|10355|12098|14877|16010|10629|8178
714|0|216.0984|Unknown|2362|2144|3806|2809|2772|2076|3599|2909|1362|3113|2414|4168|1805|2755|2481|1871|2667|799
715|0|216.1357|Unknown|2936|2300|4323|4736|2440|3834|3011|4198|2157|2217|3219|4593|3745|3454|3712|4089|3396|2300
716|0|216.9018|Unknown|8499|6281|15442|8769|9268|3221|3035|1985|3818|5183|8014|6730|5599|4961|7588|11090|5098|4867
717|0|216.9096|Unknown|22677|21391|15061|8219|37476|6610|3777|3200|5268|6589|10216|5895|5602|4936|7264|10101|6452|5330
718|0|216.9186|Unknown|24045|22430|14382|8286|34893|5964|4160|3451|5536|7723|10950|7276|5225|4586|6057|10095|6725|6125
719|0|216.9272|Unknown|18716|17597|17826|12072|25673|9252|7197|3456|7102|13806|17276|9059|6832|6277|8564|14360|9521|9047
720|0|216.9418|Unknown|19675|18282|48298|33574|31009|25208|10478|6575|15488|23134|38904|20852|25694|14997|26684|50229|26877|23708
721|0|216.9788|Unknown|91766|88113|161953|105265|152921|36894|24432|23224|42353|66989|102154|63068|33200|33859|61589|101814|67693|56824
722|0|217.0015|Unknown|75056|89983|186555|122265|128164|115999|53683|31382|60775|79905|142604|90571|96260|55390|111224|195462|117054|107914
723|0|217.0297|Unknown|15751|25795|9610|6543|32112|7035|4366|2719|6058|5248|8099|7412|5520|5086|9284|11818|6802|8332
724|0|217.0482|Unknown|3289|5069|3003|1678|5424|3253|1246|1200|13768|1545|2489|3035|1291|1688|2596|2913|2333|2043
725|0|217.0695|Unknown|1242|1281|1952|922|1565|1115|562|537|1510|1059|1316|1376|998|1127|1413|1929|1596|983
726|0|217.0863|Unknown|2064|2220|6315|4347|2477|4349|1170|1753|2398|3932|3634|4179|1484|2345|3200|5310|3487|3252
727|0|217.1196|Unknown|4361|5881|17960|12368|7021|9026|5730|10621|6069|9499|10545|22849|8494|11054|12886|16706|8120|7070
728|0|217.9296|Unknown|1959|1879|2630|2444|2495|1407|1254|694|1388|1047|2834|1225|1308|486|1370|2114|1751|1308
729|0|217.9412|Unknown|1944|1714|5245|4509|3846|3539|1232|1325|2257|2649|3897|2921|2651|1591|2777|4399|3111|3662
730|0|217.9807|Unknown|8149|10057|15013|8387|13558|3189|3057|3030|4199|4627|8380|5707|3316|3000|5537|9005|6917|4445
731|0|218.0019|Unknown|8905|7814|26037|16007|14185|10690|5822|4629|7334|10096|15959|9972|9325|7766|14383|22045|12679|12491
732|0|218.0224|Unknown|4240|3811|6416|4397|4901|4308|3303|4768|3342|3867|3300|5766|3132|5981|9960|13418|4470|4404
733|0|218.0315|Unknown|3250|4737|4400|3229|4292|2563|2026|3050|2296|2222|2672|3943|2242|3462|4825|6584|3137|3671
734|0|218.0813|Unknown|1918|1077|2383|1606|1680|2125|1509|1903|1484|1218|1893|2082|632|1506|1598|2249|1295|1727
735|0|218.1033|218.1033|2996|4595|15251|9167|3136|6559|1806|3213|3857|4348|5033|5434|1716|5950|9264|9126|2944|3513
736|0|218.121|Unknown|1567|1679|3596|3180|1504|2380|979|2004|1628|1352|2385|3105|1079|2420|3041|2825|1945|1235
737|0|218.906|Unknown|4805|4722|9158|5373|7378|2235|1898|3134|1936|2999|4646|3538|3314|2244|3976|4775|3617|2857
738|0|218.9227|Unknown|8858|11682|16378|9162|16466|6827|4257|4374|4864|10854|13918|6545|7068|4976|7156|11251|6873|6462
739|0|218.9376|Unknown|37715|39123|112956|84526|77576|60288|24016|13643|38618|48167|90418|48552|59918|29632|65604|128767|68543|56541
740|0|218.9774|Unknown|4729|5505|11647|7098|6999|2935|2190|2992|2775|4399|5584|4726|3257|3020|5449|6146|5287|3249
741|0|218.9966|Unknown|50520|53019|160073|107945|99293|76467|34028|22212|50281|70493|118892|70920|69530|47977|94796|175317|90822|71058
742|0|219.0249|Unknown|2778|3739|6480|4933|4748|3626|2161|2478|2743|3985|5901|3832|3441|2853|4854|8782|4008|3463
743|0|219.0457|Unknown|605|1424|1240|1181|1530|1761|555|1147|4303|1200|1681|780|1247|1478|1438|2436|1212|1010
744|0|219.0625|Unknown|1006|1443|2554|1467|1920|1882|806|1827|1607|1523|1840|2162|788|1740|2304|2526|1353|1455
745|0|219.0778|Unknown|1217|2020|3039|1779|2430|1854|914|1819|2099|2619|1776|2944|559|2536|1667|1625|1273|1196
746|0|219.0988|Unknown|2322|4530|5719|4310|3749|5725|2924|4417|3887|4581|3539|10595|6281|13500|13959|15121|7048|6736
747|0|219.1755|Unknown|1098|854|4582|2977|1194|1312|1041|453|1989|2603|2675|2230|933|1331|1624|2530|2042|1614
748|0|219.9372|Unknown|3591|4545|9558|8091|8433|5688|3628|972|4519|6647|10877|5007|6511|3407|7465|13077|6486|5765
749|0|219.9972|Unknown|7476|5982|21673|13792|12251|10791|7404|3567|6864|6810|13276|9923|9617|6572|10786|22065|11410|11566
750|0|220.0475|Unknown|1032|1417|1818|1287|1292|1514|1566|1124|1692|1124|1023|2018|1095|1886|3103|1488|1791|1742
751|0|220.1468|Unknown|1776|1879|4296|4299|2845|2896|2249|3058|2173|3557|3791|2383|1558|2508|2609|2265|3735|3285
752|0|220.9051|Unknown|3669|3652|16676|10128|5051|5355|3621|2453|4261|5774|10695|6327|6809|4741|7392|11717|7538|5251
753|0|220.9141|Unknown|3912|4405|14348|8260|6179|5681|3914|3209|5215|5477|10076|5454|6727|4644|7236|11780|7323|5622
754|0|220.9336|Unknown|27047|25991|93685|58606|54090|44818|16980|10127|27853|34094|73039|41223|42271|24199|49134|94811|50206|46824
755|0|220.9627|Unknown|2286|2431|4003|3123|3329|2751|2523|2163|2825|2380|4660|2721|2942|1877|2863|4251|3092|2974
756|0|220.9927|Unknown|14548|12731|41326|27536|24709|21445|8696|6102|13880|17954|29375|16013|19644|12009|24787|40067|21446|21587
757|0|221.0116|Unknown|11819|12285|11118|8334|17947|6093|4650|3539|6330|6095|9696|5827|5280|5243|8182|10781|7038|7028
758|0|221.0216|Unknown|4574|4703|4478|4020|6384|2725|2372|2338|3254|2647|4310|2873|2720|2388|3644|5001|3599|2772
759|0|221.0465|Unknown|1960|2043|2175|1729|2027|1333|1579|1920|2058|1865|2241|1534|1469|1614|2500|2659|2012|1595
760|0|221.0604|Unknown|7004|7152|28222|18013|13678|7907|6848|8430|8652|13559|16252|18454|5315|13321|23746|27547|8378|8636
761|0|221.0819|Unknown|3394|5088|4670|3503|4800|3959|1963|2423|3040|4695|4451|3120|2173|2716|5004|4066|3134|3044
762|0|221.0922|Unknown|2939|3360|6252|4748|3902|3517|2270|3826|3364|3736|3548|5102|2771|3465|5568|5160|2762|2699
763|0|221.1187|Unknown|2064|2313|3184|2564|2089|2870|1772|2901|2558|3583|3618|2796|2401|2637|2357|3170|3520|3430
764|0|221.1547|Unknown|7513|5361|18130|14327|8717|7720|4050|6393|7261|13521|11581|8107|6505|6146|6456|8099|10507|8974
765|0|221.9332|Unknown|3237|3224|8115|6274|5668|5064|2226|1975|3051|4578|8312|4249|4520|3743|5586|9870|5702|3691
766|0|221.9932|Unknown|2576|1790|4590|3554|3068|1995|1590|2033|2034|2298|4204|2695|3449|3413|2071|4952|2639|3357
767|0|222.0441|Unknown|2618|3897|8263|6093|4790|4885|2770|3853|2591|2744|4305|6982|7922|5974|6840|6915|8883|6360
768|0|222.0624|Unknown|2104|1995|4805|2591|1812|2287|1416|2665|2038|1955|2481|3207|2645|4060|3270|4367|2675|2241
769|0|222.0754|Unknown|1212|2150|2550|1672|1661|1355|1161|2536|1719|1677|2124|1943|1596|2864|1841|2836|1870|1310
770|0|222.1581|Unknown|1884|1355|3609|3043|1429|1265|1282|2546|1509|2787|2242|1741|1820|2128|1089|1045|1690|1711
771|0|222.9099|Unknown|2475|2831|4932|3610|3103|2295|2410|1220|2877|3000|4343|3724|2762|2263|3309|5050|2672|3015
772|0|222.9293|Unknown|7766|8079|21847|13502|15168|11282|7992|3147|7770|9225|19777|10340|10133|6912|12170|23921|15192|12819
773|0|222.9631|Unknown|2320|2406|4215|2453|3342|2713|3815|1181|2963|2120|4428|1694|1335|3209|2459|3739|2302|3275
774|0|222.9922|Unknown|2877|2596|2991|2009|4317|4091|3690|1152|2864|2923|3058|1863|2019|2860|3606|4497|3096|2869
775|0|223.0075|Unknown|3573|2256|2774|2052|4456|2154|3187|1397|2289|1980|2808|1521|1862|2311|2769|2719|1826|1853
776|0|223.0258|Unknown|2807|3224|4606|3341|4790|4143|3355|2084|9630|3843|4445|4118|2565|3285|3371|5479|4630|3803
777|0|223.0613|Unknown|1488|3228|2733|1744|1689|1359|2501|1382|2995|2351|2474|1989|1189|2191|2084|2562|1825|1720
778|0|223.0723|Unknown|1077|1557|2794|2234|1207|3058|2566|1893|1773|1819|1740|1864|1449|1808|1932|1533|1122|1957
779|0|223.0982|Unknown|814|779|1582|1602|788|1488|2252|1643|1835|1544|2129|806|754|1662|1869|1992|991|1319
780|0|223.1341|Unknown|2007|1645|5978|3153|2681|3776|3584|1685|1947|4084|4868|3278|2169|2314|3183|4177|4807|3333
781|0|223.9289|Unknown|906|921|2464|2315|2193|1632|2359|1557|2436|2165|2435|1953|1575|829|1379|2861|1973|1753
782|0|223.9947|Unknown|966|1582|1765|1525|1455|1432|2055|1642|1777|1174|1778|1906|1645|1308|1590|1900|1295|1523
783|0|224.9249|Unknown|5062|7187|12369|9465|8440|8727|4145|9179|7438|7153|11086|7915|6429|5126|7225|12849|6971|9126
784|0|224.9357|Unknown|3870|5631|8535|7681|7699|6281|2834|7206|5997|5146|9519|5786|5327|3380|5763|8697|5430|5230
785|0|224.9913|Unknown|1904|3433|1846|1600|2961|2872|1435|5169|3099|1852|1835|2167|1718|2082|1371|2025|762|1803
786|0|225.007|Unknown|2750|2705|3111|2857|2731|2638|1214|4820|2953|2648|2094|2481|2561|2388|1963|3648|2080|2674
787|0|225.0241|Unknown|1942|2141|2077|1792|2006|2130|1200|4086|3275|1877|1703|2102|1632|1711|1539|2108|1246|1603
788|0|225.0404|Chorismic acid|1616|2408|1337|1305|1817|2172|1126|3795|2478|1727|1646|1834|1713|1229|1443|1930|1974|1456
789|0|225.0719|Unknown|3115|2911|4300|3242|3606|4389|1560|3153|3898|3235|4376|2958|2019|2685|4229|9688|2651|1993
790|0|225.0991|225.0991|1793|2136|2620|1799|1728|2761|1626|2708|2061|1623|2474|3556|2320|2390|2598|3324|1982|2907
791|0|225.1123|Unknown|1898|1508|1723|1497|1798|2365|1190|2247|2059|1476|1876|1814|1634|1938|1989|2501|1919|2168
792|0|225.15|Unknown|1585|528|1269|1327|1931|1288|1303|1715|1608|1052|2037|2315|1207|1464|1924|2628|1857|1239
793|0|225.1599|Unknown|1666|743|2115|1652|1882|1719|1469|1552|2056|1267|2308|1794|1233|1183|1865|2959|1512|1611
794|0|225.1859|Unknown|1711|1138|7703|4528|1451|1552|1240|1444|2626|2838|2512|1812|1281|1389|1537|3134|1345|2323
795|0|225.9247|Unknown|2239|1227|1694|1548|2466|2056|1250|182|1862|2702|2370|1649|1680|932|946|1879|2136|1160
796|0|225.9472|Unknown|2886|1552|1414|971|3031|1901|921|123|1843|2219|1371|1432|1896|1030|1030|1041|2231|1083
797|0|225.9904|Unknown|3528|2403|8651|4182|2551|2572|1514|953|2566|5212|3737|2803|1945|2516|2740|4663|3785|3042
798|0|226.0118|Glutamate phosphate|3859|2688|3917|2293|2289|2508|2169|2667|2296|3856|3163|3021|1931|1931|1578|2188|2551|1728
799|0|226.0573|Unknown|4171|3040|1735|577|3937|1573|1734|1594|1852|2766|1034|2014|1601|1744|1358|2870|2228|1418
800|0|226.0718|Unknown|3056|2665|1990|716|3174|1999|1513|1600|1809|2932|1410|1615|1198|1577|2234|2202|1887|1516
801|0|226.1814|Unknown|4102|2082|2403|2634|3613|1312|2346|7100|1554|4030|2484|8244|2118|2123|3346|5502|2470|1968
802|0|226.9226|Unknown|1003|1377|1326|1696|1847|2409|664|173|1251|1877|3289|1124|2377|3170|976|1501|2148|2154
803|0|226.9427|Unknown|1921|2985|3901|2960|5639|3441|1528|408|1712|2918|5964|2522|3432|4069|3516|4931|4212|4101
804|0|227.004|Unknown|762|1717|2579|2890|1914|2562|894|1876|1006|1535|3410|1884|1965|3520|1221|2039|2685|3033
805|0|227.0173|Unknown|1778|4260|6779|4880|4050|4670|3135|4142|5123|6094|8936|5593|3217|3569|3430|4137|4019|4043
806|0|227.0546|Unknown|6389|8465|2364|2730|8737|4269|794|2414|2203|3191|4276|2567|2914|5356|3959|4130|3349|3986
807|0|227.0648|Unknown|5813|7771|12240|8593|8136|12688|3024|4764|6096|8022|9238|7948|6143|12739|19346|20859|10745|9875
808|0|227.0933|Unknown|2329|3783|3931|3157|3929|3673|798|2534|3291|4376|4314|2230|2102|3040|3108|3182|3062|2410
809|0|227.1011|Unknown|10745|15408|13811|8630|15640|7751|2141|5064|9251|10376|14189|5268|3842|3397|5513|6732|5198|6068
810|0|227.1291|Unknown|1488|2921|3376|3460|2531|3208|993|2464|2440|2194|4159|2452|1861|2399|2190|2281|3236|2609
811|0|227.1401|Unknown|4687|7176|29895|20516|8249|8489|5005|11822|8792|14218|14247|17863|6725|8865|12081|10853|9374|7636
812|0|227.1656|Unknown|2476|2655|3457|2777|2720|3369|1535|2637|2613|1827|3116|2007|1846|2569|2709|4035|2811|2098
813|0|227.2017|Unknown|356799|45185|201966|140065|656153|774772|254807|44208|59818|85153|95950|67575|41823|58337|730732|782531|88054|73194
814|0|227.2306|Unknown|11502|2099|6395|4990|22565|28769|7985|3041|3060|3137|4147|2667|2051|2850|25603|27339|3399|3090
815|0|227.2429|Unknown|2386|967|1449|1369|4921|6458|1867|1801|1597|921|1453|866|1074|1294|5469|5470|1293|1338
816|0|227.2685|Unknown|1143|876|1028|764|2543|3739|1032|1484|1218|638|901|517|806|885|3193|3164|925|890
817|0|227.9431|Unknown|317|2662|1874|1981|1787|832|1363|327|871|1745|1532|1388|1656|944|873|1285|577|1237
818|0|228.0365|Unknown|4331|4565|5488|3669|5937|5349|1831|2277|3748|3335|3387|3233|4555|6630|6111|8821|6834|6550
819|0|228.0483|Unknown|3501|4196|9307|6904|6629|6086|2339|2173|4629|4616|7648|5571|3674|6288|7162|10570|8703|6595
820|0|228.0646|Unknown|5028|6620|9227|5540|6780|6839|2655|6492|4072|4497|4752|10994|4676|10135|13139|13355|7012|5308
821|0|228.103|Unknown|1694|2666|3728|3701|2765|2856|1630|2775|2052|1735|2778|2796|2004|1600|2271|3111|2657|1771
822|0|228.1439|Unknown|1256|1163|4648|1863|1455|1730|192|2450|1662|1272|1844|2172|467|406|1176|2020|1304|602
823|0|228.1607|Unknown|46526|2142|4239|2750|64687|9359|11432|12012|2120|1386|2761|18679|1070|2956|50481|72527|2636|2393
824|0|228.2051|Unknown|54979|7361|28987|22174|97046|121628|39276|7364|9758|12788|13461|13400|7263|9530|105078|120552|12317|11186
825|0|228.2342|Unknown|1845|534|1153|999|3021|4114|1363|1141|790|754|792|1732|595|777|3552|3473|718|602
826|0|228.92|Unknown|1994|1685|2959|1548|1644|469|785|2333|1981|593|2514|2382|1262|1628|212|573|1342|1479
827|0|228.9396|Unknown|4001|3723|9843|5536|6891|3050|3689|3679|5716|4174|7398|5424|4094|4125|4480|6728|4524|5203
828|0|228.9787|Unknown|6250|5924|11916|6956|10362|3087|2371|4165|4672|6211|8171|6509|2200|6936|6535|8731|3693|2447
829|0|228.9985|Unknown|3571|3944|4629|2234|5682|2529|1879|2870|2871|2482|3891|3702|1765|2784|3008|3781|2011|2541
830|0|229.0116|Ribose-5-Phosphate|2919|3571|8475|4841|5307|3055|2485|4269|3555|3979|5451|8250|2630|3274|3475|4168|2859|2650
831|0|229.0229|Unknown|2150|2220|5479|3658|2479|2208|1683|3701|2905|2019|3539|5353|2146|2935|2531|4398|2796|1907
832|0|229.0385|Unknown|2026|2472|4021|3811|3737|3004|1968|3465|2893|2305|3141|4867|3036|2581|3406|5000|3319|2274
833|0|229.0594|Unknown|3192|3869|6759|4584|5284|5381|3745|5211|3553|4904|5595|9120|4017|5166|6228|6530|4748|3154
834|0|229.0811|Unknown|1689|2691|6157|5215|3257|3037|2780|4709|3764|3914|5386|6575|2086|4081|5643|7943|4099|3436
835|0|229.1073|Unknown|1255|2031|3264|2706|2074|1260|1389|2992|2047|1919|2809|2865|1086|1204|1828|3070|1760|1582
836|0|229.1197|Unknown|493|1752|2405|2285|1324|1536|1357|2738|1788|1493|1617|2734|711|1111|1105|1482|1136|997
837|0|229.1448|Unknown|2075|1595|4387|3822|3239|1840|1968|3738|2454|3438|3027|3757|2044|1643|4742|5478|1703|2333
838|0|229.1633|Unknown|9004|1684|7016|5372|10175|2736|3406|5410|2946|3611|2509|7270|1456|2108|9743|12386|2059|2101
839|0|229.2081|Unknown|5475|556|3672|2864|11179|12515|5013|2649|2158|1573|1428|3081|893|868|11437|11743|2743|1324
840|0|229.9237|Unknown|5353|8059|6672|5965|5904|4273|4798|4901|7083|5302|5433|5570|6004|6587|6310|5804|6558|4215
841|0|230.0095|Unknown|1716|5791|2951|3599|3197|1965|1891|2655|2622|2683|2965|2461|2964|4380|3357|4124|2889|2170
842|0|230.0465|Unknown|1979|5416|1872|2981|3045|1873|1247|2321|2258|3527|2775|2149|2677|3810|3574|2604|2655|1854
843|0|230.0645|Unknown|1928|5101|2637|2315|2977|1708|1969|2844|1473|2111|1890|2678|2936|4211|3550|2963|2278|2007
844|0|230.115|Unknown|2489|4777|5822|5663|3521|3994|2603|4317|2747|3442|3215|7560|4274|5460|4641|4343|3752|3261
845|0|230.1259|Unknown|2709|4790|7683|6693|3750|4440|2875|4583|3042|4186|3624|6867|5069|5867|6048|7562|5799|4386
846|0|230.9876|Unknown|2631|2641|8278|4562|6705|3801|2015|2525|2590|4047|4886|4076|2312|2457|4173|5934|4875|4158
847|0|230.9943|Unknown|7452|8264|11035|6973|13853|7287|2777|2754|3999|6538|6019|4867|3280|4433|6089|7310|6977|5367
848|0|231.0394|Unknown|1296|889|1921|1533|1391|2054|1460|1543|817|2453|1605|1889|1394|1462|2563|2024|1494|1026
849|0|231.0662|Unknown|1905|2028|4277|3432|1978|2154|1850|1412|1104|3218|2353|2085|980|2905|3207|4349|2325|1011
850|0|231.0867|Unknown|1450|1793|2705|1636|1963|2149|1431|1425|1095|3208|1691|1472|1373|1645|1845|2537|2132|1641
851|0|231.0988|Unknown|2055|2458|5429|3058|1919|3553|2570|4727|1912|3733|2294|6183|3298|4226|4634|5581|5058|4053
852|0|231.1353|Unknown|4697|5603|20828|15980|6807|7776|6932|11866|7539|11374|8013|23704|6811|12683|13689|17465|9791|6822
853|0|231.1757|Unknown|2134|2076|2443|3061|2058|2029|1232|1728|2641|3646|3105|2116|1174|1744|1298|2475|2813|2323
854|0|232.0615|Unknown|1651|2575|2295|1493|1435|1002|2161|1501|1659|2613|2976|2165|1499|3106|1073|1711|1393|1581
855|0|232.0831|Unknown|2402|3308|2146|1336|2019|1623|2181|3284|2288|2513|2337|2489|1587|3157|1443|3414|1742|2601
856|0|232.0985|Unknown|2531|3279|6018|3157|2745|2940|3250|3381|2675|4304|3117|5970|2934|3672|3626|3689|3939|3412
857|0|232.1311|Unknown|2186|4286|5757|3985|2771|3518|3578|4106|4095|3644|3697|6451|3695|4636|5292|5062|4637|2788
858|0|232.8842|Unknown|15711|11407|4781|2750|21888|1553|5481|1888|1881|2006|2840|3070|2260|2929|1487|4203|3242|2573
859|0|232.8918|Unknown|13550|9977|6390|3958|16956|1975|6289|2686|2346|2901|3497|3463|2700|3601|2685|5943|5271|3253
860|0|232.9027|Unknown|8372|6556|4802|3118|9085|1866|6985|2629|2860|3063|2715|3243|3638|3490|2670|5458|5971|3179
861|0|232.9127|Unknown|5239|3581|5027|3403|4927|2473|7366|2530|2996|2437|3075|2681|4180|4012|2040|5881|6607|3185
862|0|232.9249|Unknown|8448|6368|16064|9750|11442|9294|10574|3934|7231|6773|12166|7898|10955|8515|8079|18491|15114|8832
863|0|232.9421|Unknown|4141|2561|2967|2380|4155|3300|7042|2042|2956|1915|3363|1993|4134|3815|2485|5576|6619|2876
864|0|232.9745|Unknown|4434|2507|1776|2100|2883|1932|6706|1284|2073|1428|1196|533|2903|2697|1274|3031|4488|1939
865|0|232.9908|Unknown|3819|1774|1011|1001|2055|1751|6241|1514|1652|1005|1081|614|2449|2577|1059|2629|4835|1694
866|0|233.0091|Unknown|3226|1670|1098|770|1978|1676|6305|2014|1486|1087|1293|819|2824|2367|1028|2719|4596|1690
867|0|233.0273|Unknown|3815|2744|1590|845|3287|1926|5889|1713|2282|1195|2147|1834|2775|2443|1162|2560|4936|1751
868|0|233.0456|Unknown|3269|1760|1230|820|2179|1475|5690|1749|1642|1897|2028|940|2614|2814|1315|3172|4650|1210
869|0|233.0652|Unknown|3066|1613|2058|1351|2463|2241|5458|2430|1938|2188|3111|2945|2884|3129|2400|4216|5228|2238
870|0|233.0791|Unknown|4940|3658|7029|4425|4637|5485|7968|5555|4308|4754|5081|8647|4382|5915|6858|8016|7894|5170
871|0|233.1019|Unknown|2755|1850|3414|3471|2177|2302|5041|2400|2219|1791|3130|1346|3001|2776|3329|4062|5058|2605
872|0|233.1179|Unknown|2559|1805|1699|1592|1791|1630|4906|1865|2264|2081|1753|1996|2480|2624|2523|4294|4996|3155
873|0|233.1546|Unknown|7452|7445|13628|9126|8176|11803|9399|5950|5596|10625|11537|8017|5896|8615|9174|12464|11092|8936
874|0|233.1905|Unknown|1840|2049|2875|2330|2700|2448|3492|1708|1972|2346|2315|2233|2236|2491|3134|3159|3879|2500
875|0|233.9245|Unknown|518|1549|3807|1230|2443|2971|2173|1146|3185|1712|3281|2107|2006|909|2959|2706|1557|1901
876|0|234.1584|Unknown|2651|1895|1776|2116|1764|2081|1377|1997|2003|3139|1636|1495|1559|983|1078|2705|1473|1563
877|0|234.8808|Unknown|4337|3872|4649|1173|4316|1768|2987|2677|1866|3090|1537|1871|2467|2619|1387|1821|2927|4245
878|0|234.8959|Unknown|6323|6176|7846|3990|6610|3473|4075|3785|3663|5307|5958|4244|4100|3959|2725|4601|4529|5724
879|0|234.9209|Unknown|16846|18174|53900|36130|30481|27399|14431|9289|19309|27672|40056|22413|30205|18128|28725|57968|31233|29047
880|0|234.9504|Unknown|2806|2684|4554|1852|2317|2598|3569|2561|2800|4271|2451|2200|3367|3016|1937|3520|3609|4333
881|0|234.9733|Unknown|2912|2431|2699|808|1967|1486|3092|2138|2221|3448|1143|1820|2201|2499|1183|1829|2498|3318
882|0|234.9807|Unknown|2543|2462|3000|1176|2073|1499|3276|2153|2123|3273|1444|2083|2136|2582|1284|1649|2569|3151
883|0|235.0255|Unknown|1888|1951|1831|637|1160|1294|2264|1908|1540|2488|1023|1279|1692|1960|957|1503|2020|2542
884|0|235.0762|Unknown|4535|5190|12174|8624|5131|7533|6275|6185|4628|7057|6795|10120|5474|5019|8416|9768|8252|8062
885|0|235.0844|Unknown|3652|4073|8408|5258|3669|4587|3842|4047|3342|4890|4348|6358|3626|4317|5979|7607|5159|4782
886|0|235.0963|Unknown|2311|2501|3900|2405|1940|2575|2853|2171|2429|3226|1911|3191|2797|2310|3073|3608|2207|2920
887|0|235.1073|Unknown|2052|2490|4520|2669|1753|1845|3131|3066|2037|3050|2687|3740|1924|2098|2295|2031|1818|2696
888|0|235.134|Unknown|2069|1609|3123|2009|1958|2960|2407|2626|2286|2649|2913|2224|1582|2489|2291|2468|2095|2760
889|0|235.9204|Unknown|4173|4180|7268|5186|6184|5723|4334|2173|4555|3924|6692|4114|5149|2163|3770|8401|5028|4553
890|0|236.0189|Unknown|4640|3754|3194|2548|4502|2625|3378|1857|3013|1950|2490|3062|2654|1826|2387|2812|2243|1650
891|0|236.0363|Unknown|3624|2961|2751|2788|2752|2705|3539|1937|2784|2086|2715|2536|2352|1844|1735|1846|1335|2219
892|0|236.0561|Unknown|3604|3717|4049|2139|2577|3483|3236|2182|2667|3127|3062|2665|2922|2227|2021|2644|2089|2660
893|0|236.0641|Unknown|3764|3964|4810|3309|3117|3937|3587|2821|3275|2459|4165|3290|3025|3015|2921|4741|2881|2967
894|0|236.0785|Unknown|2669|2506|2582|1923|1660|2423|2922|1807|2882|1843|2233|2308|2184|1923|2182|2266|1252|2229
895|0|236.0902|Unknown|2211|2346|2549|2173|1319|2123|2491|1270|2381|1215|2064|1751|1760|1321|2036|2383|567|1788
896|0|236.1056|Unknown|4933|4580|9082|7258|5465|6631|4484|4514|5187|6254|5313|6695|4245|4759|5384|6323|5899|7931
897|0|236.1391|Unknown|1757|1125|904|1054|1012|1422|2059|1488|2033|700|920|1177|1820|1038|1361|687|755|1995
898|0|236.8782|Unknown|1907|1980|6800|3272|2404|1799|2758|2783|1200|2547|3546|2352|2333|2697|2925|1995|2513|2534
899|0|236.8873|Unknown|1849|2179|4532|2573|2709|1583|2512|2671|1212|2361|2652|1683|2568|2404|2593|2113|2725|2578
900|0|236.9164|Unknown|12486|16860|39356|24061|25783|18567|9270|6362|12165|16465|28761|19067|18793|10576|22921|40618|21106|17147
901|0|236.9456|Unknown|1616|2652|2289|1674|3262|2377|2553|2380|1154|1819|2820|1967|2187|1666|2095|2961|2495|2882
902|0|236.9924|Unknown|3498|3492|1606|1383|3281|4483|2975|2547|1647|2678|2650|2655|3383|2309|3292|2907|3205|3428
903|0|237.0282|237.0282|9178|12415|24459|17256|14672|7739|8314|10257|10282|19088|21567|19645|8869|13364|19557|23739|13277|9456
904|0|237.0604|Unknown|998|1966|2446|1256|1935|1356|1023|1698|1230|2469|1585|1937|2080|1313|1967|1428|1675|1746
905|0|237.0752|Unknown|2267|2321|6450|3666|3475|2930|1448|2694|2540|2740|3251|2352|1999|3495|3978|6285|2238|3093
906|0|237.091|Unknown|2443|2014|3859|2144|3036|2434|3122|2377|1843|2408|2459|2646|3880|2998|2784|4161|1307|1885
907|0|237.113|Unknown|2275|2280|2820|1776|2523|2979|1562|2734|2144|2342|2361|3732|2143|2361|3555|3573|3073|2522
908|0|237.1496|Unknown|1886|3192|2239|1946|1600|2799|1101|2202|2443|2127|2912|3555|2243|1478|3061|3994|3192|3053
909|0|237.9159|Unknown|3064|2640|5680|3550|5227|6157|2795|2770|4759|3127|5044|2702|2937|2033|3224|6006|2869|4597
910|0|238.0008|Unknown|10949|11849|13409|9424|16846|7418|6170|8448|8351|8350|10180|9755|3832|4930|9357|11762|6559|7470
911|0|238.0154|Unknown|6156|7606|18809|14206|8648|8409|6420|9009|8853|8595|13936|12212|5860|6596|9398|14722|8366|9122
912|0|238.031|Unknown|3357|5070|8669|6080|4942|6158|4280|5107|5701|4652|7864|7171|3786|4538|5162|8480|4311|4753
913|0|238.0707|Unknown|1319|2240|1767|1691|2803|3109|2157|3750|3623|1607|1638|1953|1554|2356|1883|2145|1817|1962
914|0|238.0789|Unknown|1244|2125|2189|2085|2536|3364|1713|3768|3553|2098|2114|1636|1640|2071|1833|2777|1642|1709
915|0|238.0939|Unknown|1234|1327|1539|1153|1531|2578|1699|2988|3028|1212|1117|661|1182|1621|947|1593|657|1376
916|0|238.1072|Unknown|1426|1641|1192|1717|1350|2203|1925|2782|2977|1482|1100|838|1383|1725|1244|1268|672|1136
917|0|238.8801|Unknown|5193|3719|2350|749|5507|1346|1333|1010|2453|1032|1240|1293|886|1541|1954|1805|1780|1860
918|0|238.8923|PPPi - H2O|10812|12368|8051|4137|16264|7536|3365|2619|5568|4780|6399|9944|3662|8204|13148|20868|8261|8359
919|0|238.903|Unknown|8392|8160|12506|6683|11647|6831|4267|2483|4937|5953|10697|7154|4358|5437|8783|13032|6108|8697
920|0|238.9109|Unknown|13445|12825|21563|15119|21035|12222|7494|3472|8459|10927|17694|8923|9832|8411|14434|22076|10879|11807
921|0|238.9223|Unknown|7955|9097|16525|13205|12278|11210|5550|3789|8408|8479|13076|9074|8739|6670|10986|19123|10121|10347
922|0|238.9706|Unknown|2958|2638|1651|1302|2224|1891|1691|1227|2122|1910|2041|2044|2152|1536|1759|2483|2094|2749
923|0|238.9891|Unknown|3133|3666|2103|2056|4060|4101|2699|1676|2296|2495|2917|2487|2289|2061|2292|3008|3632|3904
924|0|239.0011|Unknown|2704|3008|2313|2208|3784|2530|1285|1744|1944|1919|2395|2417|1561|1810|1610|2427|2150|2450
925|0|239.0228|Unknown|7948|7691|5707|4533|13046|2726|2554|1878|4031|3277|4808|3616|2041|2905|4284|4183|2603|3450
926|0|239.0767|Unknown|4228|3714|2043|2115|6317|1758|527|2375|1798|1438|1421|2020|788|1700|2190|2867|1326|1582
927|0|239.0922|Unknown|1745|2101|2105|1937|2645|1339|630|1497|1389|2179|1739|1421|1204|1347|1942|2360|1030|1322
928|0|239.1288|Unknown|2160|3123|3037|2251|3106|2931|1649|2212|1874|2258|3872|2312|2131|1835|2243|3194|2813|2300
929|0|239.2019|Unknown|1171|1162|7812|5261|1722|1187|773|1167|911|1515|1354|411|922|924|1474|2287|1040|702
930|0|239.9114|Unknown|916|2620|2039|3288|2965|2290|2032|1037|1819|2583|2096|1430|3270|2503|2017|2348|2559|2634
931|0|239.922|Unknown|836|2084|1828|3136|1983|1913|2120|978|1639|2182|1623|1433|3170|2308|1781|2870|2244|2405
932|0|239.9955|Unknown|864|2431|2224|2708|2041|1685|2002|1640|1763|1675|1184|2044|2402|2448|1164|2157|2541|2231
933|0|240.0125|Unknown|3290|5446|17466|13122|5942|6407|8367|6558|6607|8942|13476|10493|6334|7601|11376|15713|9454|8652
934|0|240.9081|Unknown|13697|16092|34396|26333|27512|19947|8220|3271|12602|15101|29810|14992|18555|10600|21661|38515|20739|17378
935|0|240.9192|Unknown|22242|23247|56795|38454|36514|33139|14822|7644|22552|26751|49602|26331|32728|19252|31249|65660|33408|30047
936|0|240.97|Unknown|915|1918|1899|1100|816|1467|1437|921|1332|883|1692|1385|861|1361|1093|1651|1110|1156
937|0|240.9788|Unknown|1351|1892|3925|2529|1549|1424|1940|1307|1690|1556|1598|1755|2014|1799|2182|3153|2022|1661
938|0|241.0018|Unknown|1558|2358|2564|1647|1832|1655|1017|1364|1142|2592|2555|1558|1313|1957|1257|1978|1496|1622
939|0|241.0177|Unknown|4353|4292|6043|4003|6918|2680|1601|2126|3082|3184|3894|3255|1620|3197|3874|3030|3040|2435
940|0|241.0385|Unknown|4592|4184|8080|6161|5037|3150|2080|4503|4946|4260|4435|4787|2413|7125|7473|10959|2466|2348
941|0|241.0509|Unknown|2370|2221|3094|2813|2559|1278|1189|2109|2816|1558|2616|3022|1536|2841|3362|4373|2098|2596
942|0|241.072|Unknown|1395|861|2171|2190|1154|1835|581|1199|1322|1158|1558|1489|1045|1656|4968|4681|1927|1050
943|0|241.0933|Unknown|828|1293|3037|2245|838|2239|973|2028|1733|1297|1272|2425|2027|2700|3781|3387|1759|1859
944|0|241.1076|Unknown|666|714|2222|2573|976|1512|1055|1217|953|1972|1300|1782|1358|1892|3164|4192|1355|1183
945|0|241.1179|Unknown|799|1123|2841|2527|1226|1771|819|1130|1015|1580|743|1420|807|1255|4604|3851|947|1230
946|0|241.1442|Unknown|790|1530|2606|2695|1422|2347|1268|1574|1529|2295|1954|1284|948|1297|2327|2905|2165|1117
947|0|241.1809|Unknown|1906|1747|2111|1508|3795|4315|2056|1560|1472|1336|1144|1149|1215|1331|4702|5331|979|1479
948|0|241.2174|Unknown|15586|10830|85053|61954|20656|17391|10778|15907|14698|21828|27159|18511|12329|12264|41931|53017|24578|18257
949|0|241.9079|Unknown|2766|3873|5006|3209|4471|4205|1359|858|2389|3125|4498|3628|2601|2231|3562|5102|3143|2581
950|0|241.9185|Unknown|2372|3911|6375|3993|4128|4631|2106|1102|2839|3395|5834|4867|3305|3840|3676|6214|4128|3740
951|0|241.9639|Unknown|1225|1253|4008|3007|1126|2255|1134|1061|1133|2256|1959|3272|1944|2420|1941|2540|2184|1773
952|0|242.01|Unknown|994|1227|2542|1396|927|1573|938|1683|886|1564|2025|2001|1880|1815|1409|1827|1401|1585
953|0|242.0429|Unknown|2543|2594|4474|4017|3052|2262|1822|2319|2363|4052|4081|3803|1659|2554|3333|5540|2477|2897
954|0|242.0503|Unknown|2557|2511|3221|2978|2523|2077|1356|1683|1393|2489|2321|2600|1363|2953|2668|5222|2471|2284
955|0|242.0658|Unknown|1640|2626|2864|2147|2077|3329|1785|2285|2143|2438|2510|3309|2202|2822|4241|4945|2568|1904
956|0|242.0802|Cytidine|6198|8849|27819|15212|7353|40576|17202|27700|7573|10397|11965|39101|10205|17148|20587|28214|11476|8299
957|0|242.1123|Unknown|1138|1821|4519|2408|1382|3603|2039|2384|780|2051|2821|3075|1778|2359|2747|3365|1954|2215
958|0|242.151|Unknown|2874|2916|6459|4884|2850|4177|4114|5354|2820|4266|4571|6892|4915|4168|5741|6439|4777|4570
959|0|242.176|Unknown|55888|9820|22328|16331|86320|25585|23558|59725|10588|22197|12017|99397|5599|23958|78142|104114|14185|12735
960|0|242.2063|Unknown|2460|885|1282|932|3008|1439|1596|3699|631|1415|986|3669|735|1379|2681|3741|886|848
961|0|242.2209|Unknown|3292|2401|12681|10042|4635|3532|2196|4348|1896|4904|5575|3235|2336|3136|7867|9581|4041|3092
962|0|242.9038|Unknown|11995|13924|31695|22370|28658|18844|6882|6507|9317|13479|28503|16026|18554|10286|20736|32438|20058|15353
963|0|242.9154|Unknown|22076|23008|54641|38988|45944|33960|16311|11452|24580|30860|53959|28659|29410|19440|34081|63818|36831|32755
964|0|242.9328|Unknown|6110|7201|18790|12190|14861|9778|4692|4937|7874|8045|18288|8233|8542|6186|10357|20688|11330|10057
965|0|242.9667|Unknown|875|1612|1331|2167|2119|1494|1543|3255|2050|1310|3142|1369|1743|1569|1202|2187|1557|1830
966|0|242.9913|Unknown|2883|2563|8621|5494|5016|2228|2322|5679|3947|5336|6329|5813|2817|3509|3919|5120|4301|2732
967|0|243.0141|Unknown|13024|10696|5678|4601|20682|4438|2952|4347|6466|4151|5971|4497|2780|4285|4529|7811|4305|4044
968|0|243.0404|Unknown|4739|6453|14742|11765|7527|6876|3847|7336|6595|6922|10282|9193|6625|12952|16212|21696|8399|7688
969|0|243.0475|Unknown|4004|5249|10596|8618|5475|4951|2581|6016|4165|5139|7569|6262|4299|8960|9228|13510|5538|5559
970|0|243.0621|Unknown|5839|9275|22464|15837|10775|13296|6791|12127|6881|9722|12156|19378|9645|15861|22227|25841|12050|10143
971|0|243.0749|Unknown|7055|10502|13289|9787|12633|8008|3614|6906|5730|7988|7971|8758|5035|6571|8269|9161|6089|5141
972|0|243.0953|Unknown|1693|2612|4752|2858|3525|3012|1966|3781|2543|3075|3803|3424|2103|3327|3759|3291|1551|1577
973|0|243.1236|Unknown|1220|921|2355|2382|2061|1656|973|2087|1593|3058|3610|1220|1456|1517|2434|3411|1724|1730
974|0|243.1598|Unknown|2070|2122|4489|2858|2590|2798|1666|3017|2342|2454|4413|2409|1842|3213|5144|5082|3284|2425
975|0|243.1789|Unknown|8610|2105|7569|5296|12740|4182|4493|10986|3222|3963|3595|14354|1890|5306|14500|15691|2665|2890
976|0|243.1953|Unknown|3244|1500|5098|5341|5512|4936|2451|4010|2427|2044|2652|4196|1416|2336|7137|9258|2148|2290
977|0|243.9036|Unknown|2302|2239|5289|2864|3385|3165|1611|667|1939|3127|3899|3105|2828|2509|3212|4558|2039|3065
978|0|243.9146|Unknown|3725|3727|5702|4823|4744|4536|2806|742|3157|4573|6543|3985|3540|3514|3750|7273|3577|4491
979|0|243.9331|Unknown|1310|1256|2019|1974|1859|1778|1546|361|1165|2739|2234|1689|1655|1552|1290|2647|1119|1667
980|0|244.0151|Unknown|5658|4864|3344|2447|5615|4747|2853|1730|3374|6030|2832|2814|4164|3340|3412|6729|3866|4193
981|0|244.0222|Unknown|5111|6212|7132|4054|5288|3484|2516|2402|3304|6260|3925|5639|4292|4175|5844|7709|5064|4250
982|0|244.0358|Unknown|2262|2292|3093|1984|1805|1465|1725|696|1538|2541|1412|2315|1766|3103|2736|3731|1786|1336
983|0|244.066|Unknown|1550|1755|3411|2850|1138|1730|1365|2068|1161|1895|2054|2877|1743|1839|3393|3605|2359|1325
984|0|244.0802|Unknown|1506|2033|2136|1911|1941|1410|1007|1421|1524|2152|1537|2380|880|1009|1904|1882|1420|747
985|0|244.1304|Unknown|8269|8592|19453|12156|7564|13137|8262|12403|7328|10791|9800|20896|5404|7137|9129|9356|6691|6237
986|0|244.1554|Unknown|3474|1451|2333|1612|3790|2604|1909|2279|1400|1574|1667|2941|1467|1316|5260|4998|1641|1170
987|0|244.1668|Unknown|5370|4062|8470|7440|4990|6327|3682|6114|3529|4616|4457|10940|5088|6772|6945|9409|8043|5212
988|0|244.9113|Unknown|6216|7178|16394|13596|10991|12258|5763|4821|6159|8162|15036|9187|11196|4751|9371|20353|10190|9590
989|0|244.9305|Unknown|5966|5988|19880|13834|12019|11670|5444|3653|6084|7084|13722|9203|10133|4667|10222|21612|11578|10342
990|0|244.9644|Unknown|917|1864|1566|986|1823|2201|2073|2539|1945|1565|1515|1577|2117|1205|963|2094|1073|1545
991|0|244.9863|Unknown|1099|2340|3167|1925|2608|2383|2213|2561|2632|2348|3115|2597|2293|1379|1830|3126|1846|2079
992|0|245.0129|Unknown|1472|3074|1873|772|1746|1530|2165|2472|2237|1702|1853|1574|2422|2008|2003|3401|1162|2314
993|0|245.03|Unknown|951|2230|3816|2063|1850|2831|2249|2835|14863|2389|1812|1984|2268|2119|1795|2741|1286|2315
994|0|245.0763|Unknown|2271|3666|6944|4732|2669|3128|3334|4772|3184|4036|3284|5690|3711|3175|5768|8472|2806|4188
995|0|245.1021|Unknown|1577|2484|4298|2015|1814|2032|2368|2796|2326|3075|2890|2759|2414|1768|2710|3554|1753|2697
996|0|245.1144|Unknown|4092|5563|10508|6464|6547|9347|6133|11459|4979|8231|7004|19701|6323|8640|10473|12485|7091|6641
997|0|245.1321|Unknown|1039|1815|3969|3125|1872|4021|2959|4228|3012|3053|3065|6123|2943|2406|3657|3650|2350|2644
998|0|245.9186|Unknown|7852|5949|9824|9606|8728|8571|9136|6713|7037|9146|9075|10267|7023|6400|5948|10463|8673|8326
999|0|245.9286|Unknown|4101|2970|5202|4453|4381|4548|5075|3038|3616|4679|4377|5392|3652|3328|2635|5540|4882|3761
1000|0|245.9839|Unknown|1794|1511|3398|2090|1528|2170|2330|1329|1683|1864|1310|3000|1331|1530|1962|1933|1612|2506
1001|0|246.0056|Unknown|4107|4301|8843|5773|6608|3481|3331|1746|2837|5950|4939|3889|1993|2967|3770|5949|2911|3510
1002|0|246.0172|Pyridoxal phosphate|4849|5134|6942|4460|5620|4747|4256|3863|4073|5716|4350|6284|3903|5662|6219|6533|5228|5155
1003|0|246.0295|Unknown|2261|2471|2404|2123|2584|2704|2328|1973|2812|2691|1748|2868|2230|2834|2408|3243|2581|2246
1004|0|246.0748|Unknown|4742|5404|4747|4326|6705|5173|3519|3137|4415|5393|5714|6979|2740|5829|9405|10223|4808|3960
1005|0|246.1099|Unknown|2812|2610|3430|3228|1795|4684|2685|4539|1933|3351|2468|6572|2835|4691|5972|4614|2825|2863
1006|0|246.1456|Unknown|2829|3546|6425|4928|3311|5495|3106|4525|3355|4305|3896|8752|5533|5935|5826|7693|4632|5332
1007|0|246.9196|Unknown|4425|3948|6079|5906|4696|4861|4213|1437|3746|4128|5017|3725|4963|2946|5307|6784|3404|5353
1008|0|246.9495|Unknown|2143|2018|1827|1905|2370|1726|3094|898|2331|2078|2429|1521|2786|1063|2658|2119|1047|3674
1009|0|246.9894|Unknown|2757|2594|1631|1613|2615|1695|3286|78|2825|2539|1225|1759|1678|1261|2161|2153|1129|3497
1010|0|247.0604|Unknown|6947|7185|1640|2065|8713|1950|3861|988|2954|1989|1876|2805|2545|2297|3445|2465|2023|3669
1011|0|247.0762|Unknown|3226|2912|2570|2478|3292|1861|3655|2158|2741|2396|2131|3917|1721|2325|4110|4291|1314|3766
1012|0|247.0938|Unknown|7388|8200|11641|8632|7779|8565|8849|7408|8397|8691|8276|13697|6677|9841|13261|15799|7121|11710
1013|0|247.1112|Unknown|2956|2459|5556|3892|3040|2595|4169|2706|3828|3522|3615|4646|2313|2981|3787|4065|1550|4453
1014|0|247.1703|Unknown|12519|10438|17782|14295|15733|13743|9977|8641|12092|17976|19283|13973|10685|10059|12483|17951|16269|14524
1015|0|248.0006|Unknown|2667|1777|1910|3089|2794|1020|2350|1359|2906|2910|2868|1009|1448|813|2531|1293|1164|1956
1016|0|248.0206|Unknown|2409|1401|965|1492|2323|817|1821|1063|1332|1563|1975|691|1592|771|1425|1317|835|1743
1017|0|248.0408|Unknown|2359|1151|1468|1427|2327|821|2611|1200|738|1731|1578|947|1492|648|1593|1496|1288|1371
1018|0|248.0581|Unknown|2685|1957|1529|1687|2377|1371|2986|1250|640|1841|1660|1182|2299|916|2323|1943|1541|1480
1019|0|248.0796|Unknown|4414|1646|1829|2234|3704|9278|2539|1393|2157|2434|2252|1661|2440|2983|14745|14137|2172|2949
1020|0|248.0959|Unknown|2363|2703|2905|1701|2197|3095|2172|1930|1903|2373|2530|2302|2575|2201|5343|4530|1495|2789
1021|0|248.1738|Unknown|2473|3127|3793|3386|2538|2654|2627|2946|2417|3425|3637|2402|2862|1627|3579|2483|2737|3683
1022|0|248.5817|Unknown|1090|912|1036|17|879|2571|46|156|559|1009|872|567|79|20|4437|5150|883|84
1023|0|248.9349|Unknown|1864|2214|2983|3229|3076|2908|1977|583|1594|2107|2608|1363|2258|1486|1813|3660|2466|2993
1024|0|248.9445|Unknown|2005|2314|2667|2711|3615|2552|2174|674|1713|1983|2300|968|1965|1796|1969|3225|2202|2647
1025|0|249.0052|Unknown|6534|8360|5187|4638|9505|4997|4362|1892|4209|4431|5171|3807|3849|3939|5227|7642|4640|4753
1026|0|249.0343|Unknown|1300|3863|1901|1613|2307|2589|2325|1534|1584|1699|1732|1387|1265|1159|2039|1974|2001|2075
1027|0|249.0552|249.0552|2680|6566|9811|6492|3992|7230|5527|4109|3093|4119|4029|10102|7182|4327|7593|9218|11352|11384
1028|0|249.0668|Unknown|1567|4673|5630|4506|2669|3485|2933|1722|1957|3281|2788|3717|2845|2321|3154|3603|4905|4854
1029|0|249.0901|Unknown|1445|3727|3157|2434|2480|2437|2235|1479|1967|2120|2758|2900|1910|1957|3188|2641|2131|1960
1030|0|249.112|Unknown|791|2941|1710|2364|1820|1497|1627|1006|1322|1425|1873|1821|1312|1520|2174|1946|1268|1503
1031|0|249.1503|Unknown|1778|4959|2733|2883|2509|1990|2504|2178|2332|2581|3375|2837|1998|1771|3095|3727|2884|2462
1032|0|249.1861|Unknown|906|3269|2049|2400|2533|1573|3927|2052|1618|1615|1543|1264|1234|1712|1591|2078|1755|1624
1033|0|249.9956|Unknown|551|2594|792|767|1038|1335|2006|2169|1089|1338|1704|1745|812|2146|936|1598|1526|1057
1034|0|250.0051|Unknown|1464|3018|822|384|1753|1884|2518|2358|925|1386|1701|1599|1288|2376|1431|3264|2490|1472
1035|0|250.0316|Unknown|4470|5974|7184|6269|5614|5610|4151|3719|4632|4404|8041|4940|2307|5105|4859|7972|6331|3915
1036|0|250.0532|Unknown|2316|3464|3998|3715|1877|2783|3492|3221|2014|2089|3021|3373|1778|3457|3013|5440|2934|2224
1037|0|250.0718|Unknown|2137|3311|3770|4060|2012|2665|3061|2520|1415|2181|2575|2780|1617|3086|2510|3031|3047|1575
1038|0|250.0921|Unknown|874|2121|1954|2047|1377|2095|2746|1735|1000|1541|2220|1853|1106|2114|1427|1408|2189|1074
1039|0|250.1447|Unknown|2178|2469|4843|4357|2697|2702|3254|1431|2677|2827|2652|2204|2174|2457|2946|3949|2861|3484
1040|0|251.0047|Unknown|1206|1700|2110|2147|2295|1817|2408|2874|947|1115|1749|1700|793|2073|2006|2219|1701|2478
1041|0|251.0326|Unknown|2612|5064|3522|3436|5715|2868|3305|4448|1824|2844|2987|3505|1506|2815|2693|3380|2684|2213
1042|0|251.0481|Unknown|2485|4794|11460|7972|5031|5019|4722|6856|3673|5385|5685|9261|3662|5019|6114|8146|5111|4625
1043|0|251.0776|251.0776|1106|2729|3169|2588|1714|2920|2437|4155|2052|1348|2220|2220|1331|2237|2465|2480|2627|2316
1044|0|251.1135|Unknown|3035|3977|5504|4246|3408|7580|4149|6383|4204|2918|2945|6304|4535|3346|5026|4849|6241|4295
1045|0|251.128|Unknown|2413|2962|4059|2800|3188|4145|2539|4829|2792|2492|2575|3203|2635|2476|2884|2769|4543|3506
1046|0|251.1649|Unknown|346|1749|1626|2351|2043|1953|1917|3096|1093|1872|1030|1194|1002|1195|1301|1925|2549|2161
1047|0|251.2005|Unknown|747|1028|2034|2217|1043|1582|1731|2704|1038|1516|1661|1022|762|1019|1189|1173|1748|1193
1048|0|251.9646|Unknown|2483|2644|1678|1517|2726|608|2066|1303|1373|756|1973|1068|1391|1748|1914|1560|1645|1238
1049|0|251.99|Unknown|6563|6019|7145|5996|7407|3111|3758|3422|3733|4938|5386|5289|2770|4668|5820|5997|3902|3186
1050|0|252.0017|Unknown|4559|4030|5037|4064|4883|2413|3310|3472|2637|3371|4325|4111|2230|3462|3436|4159|2810|2284
1051|0|252.0494|Unknown|2999|2690|5884|5480|3878|2717|4006|3494|2887|4276|4291|5518|2194|5037|5227|5780|3436|3016
1052|0|252.088|Unknown|1740|2076|1660|2051|2086|1659|2780|2557|1503|2222|2601|2665|1767|3524|2174|1890|2129|1061
1053|0|252.1682|Unknown|1480|1632|860|854|1250|898|2666|2472|736|1905|1827|1684|1281|2996|1526|995|2756|595
1054|0|252.8862|Unknown|1870|1933|2082|1196|2588|938|2141|1590|1459|1976|1482|2283|537|850|1114|1474|3374|436
1055|0|252.9674|Unknown|967|1113|953|1361|2584|1182|2869|1481|2095|685|1522|1607|1342|1349|1577|1561|2747|772
1056|0|253.0178|Unknown|594|1085|1341|1250|2087|1190|3011|1656|1519|559|1331|2008|1251|1286|1758|1859|2437|985
1057|0|253.0437|Unknown|2738|4110|16140|11194|3751|4867|7055|5063|4419|7484|8096|9485|5607|7784|8086|11347|6176|4580
1058|0|253.0722|Unknown|1060|1666|1571|1559|1775|1833|3008|1491|1605|1568|2397|2097|1735|1885|1700|2708|2985|1809
1059|0|253.0927|Unknown|1950|2708|5132|4002|3012|3608|3259|1617|2274|2366|3031|2742|2657|2804|1942|2772|4002|3356
1060|0|253.1078|Unknown|1467|1883|2491|1485|1746|2253|2505|986|1758|1961|2101|2188|1502|1841|2271|2974|2157|2210
1061|0|253.1307|Unknown|2158|1989|4482|3301|2115|3785|4459|3317|2691|2447|2768|6692|4238|5216|4992|7206|5174|3941
1062|0|253.1438|Unknown|2932|2068|3607|2932|2501|2305|3038|1732|2758|2246|2700|3566|2493|2941|3256|4964|2938|2791
1063|0|253.217|Unknown|21158|19965|230986|168971|29203|20835|14451|51621|29961|63092|63693|60394|18779|25319|38511|51948|35958|33177
1064|0|253.2474|Unknown|1356|1169|7089|5049|1287|1171|1581|1801|1874|2289|2586|2173|1100|1094|1536|2141|1557|1578
1065|0|253.9752|Unknown|9785|9503|11901|7238|13417|3143|4291|5814|4262|5084|6041|10979|3712|7010|8653|10696|7578|4207
1066|0|253.9866|Unknown|5890|6507|11980|7350|8299|3468|4176|5288|3906|5644|7412|9693|4275|5709|6928|8445|6562|4168
1067|0|254.0209|Unknown|597|284|1304|825|1963|1207|1855|499|780|802|1380|961|1243|1759|1140|985|1332|812
1068|0|254.0439|Unknown|1239|982|2805|1622|2894|2357|2718|577|1309|1907|2179|1918|1795|2800|2962|2792|2106|1611
1069|0|254.0668|Unknown|497|737|1538|1122|2505|1432|2382|907|1207|1636|1420|1408|1675|2226|1356|1976|1586|500
1070|0|254.0785|Unknown|1319|1526|3451|2831|3616|2161|3238|1772|1524|2388|2202|3170|2314|3535|3306|4600|3390|1394
1071|0|254.2205|Unknown|4662|3612|40422|30647|6768|4483|4435|8039|6387|11848|11278|11110|5079|7752|6791|10659|6298|7296
1072|0|254.854|Unknown|3364|4680|707|490|6491|1651|3995|1453|1038|621|688|398|628|925|656|955|1291|1560
1073|0|254.8651|Unknown|7942|5731|1654|911|8274|2220|4914|1514|1742|1671|1644|1221|1135|988|1258|1999|1273|1980
1074|0|254.8815|Unknown|4534|4673|4266|3146|5279|2708|5250|2466|2523|4042|4583|2491|2463|1127|1897|2888|2475|3680
1075|0|254.9069|Unknown|5292|6100|14235|10252|7932|9068|7941|4024|7914|7754|10149|7198|6499|5624|8905|12479|9484|9166
1076|0|254.9491|Unknown|2336|3391|1381|1719|3407|3340|4819|2006|2878|2075|1296|1393|1616|929|1509|1800|2901|2148
1077|0|254.9658|Unknown|4812|5144|3642|3469|6441|5191|6734|3226|3866|3526|3556|3895|2324|2125|2266|2896|3648|3883
1078|0|254.9783|Unknown|73282|48815|61323|37405|114861|26732|34429|31814|26562|28430|48245|52071|10972|7752|9965|15439|15592|15662
1079|0|255.0125|Unknown|1881|2380|652|1238|3333|2394|4309|2140|2582|1770|1369|1681|933|641|597|1130|1121|1395
1080|0|255.0519|Unknown|1492|2010|2251|1899|1057|2722|3929|2541|1742|2112|1413|2059|1054|1292|1859|2344|1220|2044
1081|0|255.0886|Unknown|938|1665|1603|1820|983|3565|3038|1832|1257|1029|928|1329|748|1109|3218|4082|1391|1598
1082|0|255.1078|Unknown|10651|14581|13670|10973|11900|12416|6442|8124|7367|9405|10264|12367|7143|14180|16527|28185|8632|9525
1083|0|255.1216|Unknown|3587|4328|3644|3066|4153|4451|3121|2662|2671|3514|3880|3236|2749|4412|5414|7766|3789|3212
1084|0|255.1975|Unknown|1862|2884|9351|8667|4091|3422|2578|3187|3474|8239|7344|4865|2780|1875|3581|7033|5759|4566
1085|0|255.2332|Unknown|797281|477963|4883882|3632762|1119762|789541|386658|1160826|1181120|2662670|2705913|1628060|651007|1133554|1403217|3166580|2146457|1880344
1086|0|255.2639|Unknown|26067|14375|251125|173065|39047|27275|11651|41111|42031|113586|129679|63014|20435|37713|52420|141438|83797|73781
1087|0|255.2776|Unknown|4933|2635|64207|43168|7899|5248|2298|8491|8758|26383|32236|13305|3912|6782|10980|33825|17332|15393
1088|0|255.3038|Unknown|2496|1205|38801|25035|4187|2796|937|4873|4741|15810|19611|6878|1741|3808|6245|18651|9497|9030
1089|0|255.3144|Unknown|789|438|13010|7679|862|655|437|1646|1362|5124|6350|2163|430|958|1470|5971|2834|2760
1090|0|255.3283|Unknown|1152|496|22095|13402|1709|1340|351|1994|2251|8295|10671|3589|698|1251|2946|9471|4478|4601
1091|0|255.3432|Unknown|351|120|5252|3935|331|268|93|564|691|2338|2921|801|108|331|826|2485|912|875
1092|0|255.9068|Unknown|805|425|2161|754|1439|1185|683|412|1337|1147|2045|592|482|715|1156|1556|1077|598
1093|0|255.9857|Unknown|6049|6994|17508|10306|10157|4396|5310|6461|3916|8575|9867|12766|4062|4318|6851|10578|6592|5532
1094|0|256.0925|Unknown|844|847|2410|1470|863|1662|889|542|1337|1166|1488|1980|1323|2069|2644|2281|1528|1405
1095|0|256.111|Unknown|1085|1366|1397|1105|1156|1111|982|480|385|1074|1983|1157|537|1770|2440|2116|633|30
1096|0|256.1557|Unknown|1898|0|1|229|2859|339|876|1196|309|531|1|2719|157|117|2591|4534|466|233
1097|0|256.1919|Unknown|7092|336|2529|2108|7326|2039|863|1712|621|1150|1319|2991|580|939|8245|11110|742|746
1098|0|256.2362|Unknown|140261|84939|814551|623329|208475|139476|70433|206432|204502|474669|488254|274289|111446|199185|252191|536685|350151|328072
1099|0|256.2663|Unknown|4291|2673|26478|20912|6354|4225|2153|6225|6223|14891|16571|8473|3240|6121|7806|17617|11140|10135
1100|0|256.2803|Unknown|997|739|5762|4466|1306|914|447|1334|1262|2882|3499|1435|723|1191|1479|3532|2155|1805
1101|0|256.9026|PPPi|18050|17003|43355|29200|30563|23229|12818|10441|16438|17930|31388|21478|22442|13741|25428|45475|22016|22186
1102|0|256.9201|Unknown|5140|5383|9139|7931|8502|6461|4784|3553|4476|5520|9251|5900|5987|4863|6627|13373|7351|7526
1103|0|256.9597|Unknown|2221|1405|2585|1201|1842|2407|2176|1190|1493|1297|2425|1901|1362|860|925|2010|2490|1923
1104|0|256.9791|Unknown|5172|3808|3876|3075|5490|2252|2727|2350|1975|3516|2664|2913|1430|971|1591|2545|1759|2892
1105|0|256.9908|Unknown|2740|1724|3503|2452|2706|2205|1880|1116|1352|2079|1635|2563|889|1237|1084|2979|1496|1993
1106|0|257.0524|Unknown|6114|5374|15442|10655|8248|8562|5727|3641|6023|8504|12427|8373|7746|6363|9084|15667|9119|9120
1107|0|257.076|Unknown|2009|2033|6198|3619|2070|3900|2576|2499|1726|2241|3671|4403|2074|2945|4533|6105|3411|3161
1108|0|257.112|Unknown|3858|4161|5792|5543|3021|4234|3469|5685|3084|4461|4716|7585|2840|5365|5585|8418|3654|4447
1109|0|257.139|Unknown|2237|1895|3804|2860|1628|2110|1004|1382|741|1934|3030|2531|1369|2019|2012|1493|1615|2064
1110|0|257.1756|Unknown|2570|1261|3589|2479|1849|1987|987|998|1120|1776|1781|1482|1418|1385|3467|4244|1247|1542
1111|0|257.2119|Unknown|685|904|2407|3610|1072|1759|799|1042|830|1564|969|1050|1254|605|5754|3837|1079|1319
1112|0|257.2395|Unknown|13414|9405|87183|59998|20332|16112|7936|20568|19297|48314|48324|30997|12057|20780|27195|56181|34771|33102
1113|0|257.9021|Unknown|3306|2536|5396|3189|4985|3253|3335|1897|2664|3095|4235|3932|3103|2210|2684|6666|3680|3811
1114|0|257.9202|Unknown|1461|1282|2073|1325|1790|1548|2108|1014|1412|1246|1610|1590|1244|1243|1872|2507|1445|1726
1115|0|258.016|Unknown|1128|1579|3125|1994|1207|738|4153|1782|1494|2082|2377|3682|973|1206|2369|2708|2119|1887
1116|0|258.0384|Glucosamine-phosphate|1711|2915|4444|3522|2992|3395|3948|5216|2808|3359|3075|7234|2818|3703|4632|5754|4307|3852
1117|0|258.0516|Unknown|1759|2552|3556|3418|3349|2795|3643|2265|1972|2088|2928|4670|2484|2829|2512|4273|3247|2398
1118|0|258.0831|Unknown|1815|2035|2235|1226|2759|1660|3372|1136|1125|1216|2115|2058|642|1461|1733|2128|1580|1149
1119|0|258.1459|Unknown|3504|5156|10985|7888|5264|7103|6437|7491|5777|7559|6705|11356|2980|4361|6062|6291|3325|2622
1120|0|258.1717|Unknown|5378|1412|1958|1058|7082|1738|4632|2678|1691|1288|1743|4970|1269|1361|7319|9789|1153|864
1121|0|258.1818|Unknown|7393|7437|16458|10456|10529|9057|8847|10683|6664|12571|8564|17210|8311|9454|12713|14031|9018|6420
1122|0|258.2424|Unknown|1082|1525|7012|6176|1935|719|3527|954|2267|3816|4445|3235|1091|1736|3116|5823|2744|3278
1123|0|258.8983|Unknown|19465|16614|34442|23766|29011|17178|14068|6870|13453|15137|29940|16717|19385|12698|23051|36645|21548|17551
1124|0|258.9161|Unknown|7970|8109|17186|11593|13828|8735|7014|3206|6147|7809|13453|7885|9028|5974|9798|17154|9817|9099
1125|0|258.9526|Unknown|2150|2109|3399|2172|3215|2464|3148|1228|1667|2148|3593|2491|1296|1840|1756|2915|2405|2160
1126|0|258.9891|Unknown|4584|5537|6226|5579|5760|4524|4286|2344|3710|4613|6131|5990|4724|3988|4727|7606|5262|4658
1127|0|259.0227|D-Glucose 6-Phosphate|42764|65395|173881|115242|63211|51243|68791|98661|59827|90104|93851|193809|36842|42912|68138|94240|66437|55937
1128|0|259.0468|Unknown|14383|14802|32569|24051|21569|17004|14622|14358|16406|19717|24241|28470|17451|13537|22342|30692|18878|18274
1129|0|259.0911|Unknown|4040|5616|24318|18025|5437|7750|8639|15855|8574|12694|16995|26772|9386|16470|25128|29568|14390|13315
1130|0|259.13|Unknown|3850|4788|9957|6529|7151|6820|4421|7376|4710|5470|5147|12294|2843|4976|7660|9157|2906|3197
1131|0|259.1393|Unknown|3395|3744|8869|7230|5319|5732|4179|6709|3748|5677|4806|10446|3663|4672|7133|8621|5072|3551
1132|0|259.1875|Unknown|905|1273|4653|2086|2346|2515|1834|2615|980|1303|1266|3530|1730|1869|2229|2735|2682|1477
1133|0|259.898|Unknown|3041|1764|4375|3148|4299|2128|1629|1564|1911|3342|5739|2481|2748|2000|3333|6376|2338|3778
1134|0|259.9174|Unknown|1380|1862|3072|2161|2911|1498|1230|1237|1976|2325|2111|1059|1928|1746|1471|4334|1585|1859
1135|0|259.9831|Unknown|4357|2736|3966|1778|3991|1343|1541|1020|1897|2721|4265|2122|1689|1554|1690|2113|2485|1525
1136|0|260.0258|Unknown|4790|7170|14104|7925|5846|4473|5218|8732|5500|6714|7547|13281|3494|3832|6659|7153|6043|5392
1137|0|260.0491|Unknown|3343|2562|5730|3743|3149|3892|1748|2647|3012|2967|4736|3850|3494|2036|3834|5720|3639|3678
1138|0|260.0619|Unknown|2234|3124|2302|1695|2789|2867|1491|2065|2235|1883|2855|2932|2743|2134|3150|3212|2862|3344
1139|0|260.0924|Unknown|2283|3328|4878|4197|2451|3892|3178|3728|3784|4646|4897|7410|3127|4185|4259|6930|3939|3609
1140|0|260.1015|Unknown|1791|2316|3991|3087|1815|2538|2198|3387|2610|2916|3240|5935|2337|3453|3369|5102|3337|2937
1141|0|260.125|Unknown|2484|3505|5972|4324|2630|3084|2462|3646|2794|3382|2996|4402|2478|2794|3423|3276|1903|2118
1142|0|260.1357|Unknown|2817|2993|7602|4952|3003|3631|2615|3976|3946|4134|4787|7126|3044|4442|4467|4568|3323|3495
1143|0|260.8737|Unknown|10577|8346|2333|2570|10250|4268|3648|3047|4055|4802|4185|3854|3890|3167|4714|5322|3011|3204
1144|0|260.894|Unknown|8125|7626|15947|11859|12144|9224|6619|4327|7753|7146|13634|8417|8160|5860|8207|14540|8793|8783
1145|0|260.9136|Unknown|10361|8903|20378|15413|17017|13553|6676|4007|7985|9201|18285|9231|11673|7170|13005|22454|13182|10704
1146|0|260.949|Unknown|3267|2866|2039|1661|3188|2789|3008|2010|2460|2048|3286|1128|2455|1656|1906|2188|2083|1990
1147|0|260.9611|Unknown|3217|2695|2831|1641|3240|2966|3181|2084|2227|1691|2463|1637|2611|1952|2736|2511|2547|1963
1148|0|260.9844|Unknown|3893|4179|5280|4602|5310|4664|4639|2841|4444|3768|5232|2548|4413|3086|4515|5420|4385|3943
1149|0|261.0058|Unknown|3603|4225|2459|2626|5160|2284|2852|2501|2632|2028|3139|1710|2941|1648|2568|2912|2023|2706
1150|0|261.0266|Unknown|3477|3306|5948|4481|3441|3736|4216|3693|2916|4518|4142|4759|2214|2591|2592|3390|1811|2513
1151|0|261.0438|Unknown|10076|8425|17648|13160|11928|12135|8528|7655|9650|10322|15081|9843|9595|8043|12061|16893|10765|9840
1152|0|261.0725|Unknown|6771|6251|8105|6523|7965|6094|5460|5808|4301|4569|6699|8544|4409|4487|6146|7140|4140|3962
1153|0|261.092|Unknown|2001|2084|3924|3645|2116|2880|3055|3742|2295|2520|2580|3780|2141|2375|3044|3040|1769|2131
1154|0|261.1088|Unknown|1478|1904|2646|2203|1705|1924|3320|2307|1608|1276|1982|2944|2251|4131|4113|4768|1969|1811
1155|0|261.1341|Unknown|1908|4230|12891|7638|2804|2980|2057|3477|3414|5547|5336|6389|3391|4072|2724|3295|5652|4145
1156|0|261.148|Unknown|2190|2155|4725|3069|2523|2727|1684|1840|1775|3232|3370|2563|1986|2424|2505|2285|2799|2774
1157|0|261.9138|Unknown|1556|1802|2550|2503|3792|2489|1399|413|1659|2340|3045|2419|2963|1282|2726|3991|2148|3137
1158|0|262.0348|Unknown|1270|2899|3343|2520|2087|1477|1827|1794|1634|2056|2678|2261|1356|2135|2182|3020|1397|1563
1159|0|262.0482|Unknown|3652|5916|6745|4166|6958|3832|3092|4418|3189|4676|4811|6756|4004|6654|8691|10550|5668|3850
1160|0|262.0701|Unknown|4053|3892|4408|2134|4279|3778|2826|2524|1857|2949|2870|5013|2201|4084|6161|8476|3255|2505
1161|0|262.0914|Unknown|2203|1897|2747|2425|1918|2385|2163|1954|1220|2808|2092|2897|1803|2129|3452|3451|1905|1662
1162|0|262.8906|Unknown|3563|3312|7053|5519|4715|3579|2718|3009|2623|5103|6692|4506|3727|2968|3439|6934|4001|4647
1163|0|262.9096|Unknown|12901|12981|33898|21175|27368|17991|6528|3946|9567|14066|27836|16722|18690|7862|21240|39990|18589|15501
1164|0|262.92|Unknown|7877|7879|21342|12795|16283|11258|5041|3299|6602|8340|15328|9411|11045|5402|12901|23181|11339|10162
1165|0|262.9802|Unknown|1848|1958|2815|2130|1881|2208|1146|1333|2177|2060|1989|1347|2212|848|2019|1926|2251|2391
1166|0|263.0078|Unknown|3705|4049|1869|1244|5058|2611|1854|1544|2164|1741|1374|1491|1638|832|2159|2642|1577|2318
1167|0|263.0205|Unknown|60970|50488|16151|13132|90968|12860|7718|6409|14439|11618|13979|9455|6529|10287|20493|29739|11149|10745
1168|0|263.0521|Unknown|3965|3094|2009|1987|4760|2070|1803|1725|2138|2055|1614|2632|1845|1851|2854|4137|1456|2071
1169|0|263.0736|Unknown|2465|3643|4534|2905|3391|2679|2149|2913|4293|2992|2031|3109|1898|2178|2478|3461|2165|2638
1170|0|263.0973|Unknown|5358|10399|26247|18316|7001|10656|5654|8028|6622|9702|11749|12569|5939|9549|14199|17794|8876|8293
1171|0|263.1318|Unknown|2276|2650|3470|2643|1635|2111|1053|2131|1861|2464|2036|2382|1154|1137|2360|1901|1841|2486
1172|0|263.1651|Unknown|3219|3148|4132|2809|3943|4538|3968|3121|4676|3179|2903|3117|3234|2171|3523|3620|2292|3884
1173|0|263.4756|Unknown|1518|2615|6835|5335|3277|4720|1258|922|1923|2607|2206|2404|2484|1900|4403|7883|3707|4024
1174|0|263.9094|Unknown|1307|3079|4854|4160|4007|3050|1874|941|2766|1664|4683|3433|2643|1434|3312|6073|3609|2600
1175|0|263.9765|Unknown|1044|1520|3433|2627|1457|2108|1329|634|1225|1237|1426|1466|1801|929|1220|3132|1854|1734
1176|0|264.0227|Unknown|8314|6842|3258|2288|11005|3220|2942|1386|3382|2962|3341|2976|2283|2438|3967|5565|3144|2527
1177|0|264.0468|Unknown|1903|1919|1683|1178|1903|1640|2361|1336|2059|2017|1558|1725|1329|1431|2795|2518|1259|1637
1178|0|264.1002|Unknown|1098|2161|4464|2792|2883|2970|2778|2050|1641|1962|1977|2602|2087|2454|3864|4595|2093|1992
1179|0|264.9055|Unknown|21694|21354|59310|42217|47118|33197|12417|5822|17969|22575|50718|28460|30657|15604|32605|65552|37316|29454
1180|0|264.9155|Unknown|13743|13023|36578|25349|27187|21607|10416|5129|13648|14468|30197|18749|17290|10009|20189|36931|23387|19351
1181|0|264.9499|Bisphosphoglycerate|2266|2201|2432|1571|2417|2408|2721|1245|1915|1712|2792|2039|1140|1319|1572|2377|1704|1770
1182|0|264.9775|Unknown|2074|1874|2511|2307|1895|1818|2232|1226|1954|1632|1911|1856|751|1382|732|1510|1594|1653
1183|0|265.0364|Unknown|4389|4448|5187|4114|4986|4518|2223|1548|27145|2759|4118|2991|2162|4228|5438|7139|2505|3179
1184|0|265.0478|Unknown|9385|8355|5221|4075|10412|2654|1735|1253|9302|3541|4976|2480|1390|1990|2343|3588|1509|1989
1185|0|265.0629|Unknown|8139|8059|12685|8148|10254|3547|2278|1752|6331|7659|8598|3423|2751|1718|1176|2561|2321|2950
1186|0|265.0936|Unknown|946|1526|3192|2945|2031|2388|1053|1029|1880|1208|2326|2771|1821|2364|2684|2587|1041|1531
1187|0|265.1081|Unknown|2328|2530|11568|8279|2631|2349|2496|3209|8977|5692|3715|3221|1918|3091|4738|6534|2944|2811
1188|0|265.119|Unknown|2065|3603|9761|7631|3315|3401|2298|4186|4274|4481|3359|6141|1696|3772|6215|6088|2777|2678
1189|0|265.148|Unknown|112239|114486|149561|104274|121623|210979|54184|108852|86257|115332|114318|150942|81942|87670|439922|386182|162993|133278
1190|0|265.179|Unknown|5863|6387|9406|5959|6582|10091|3437|5077|5124|7805|6654|7875|4021|5101|18186|16383|8031|6499
1191|0|265.9052|Unknown|3674|3033|8530|6940|5439|5297|2129|1486|3632|4440|8162|4441|3801|2427|5199|10083|7205|4543
1192|0|266.0041|Unknown|12063|12510|27196|17022|18248|9581|5200|5674|11205|14531|16562|11173|9098|10835|17543|22688|12614|12779
1193|0|266.0382|Unknown|1319|1401|2514|1499|1746|1116|948|139|4001|1190|1024|1268|1108|1626|1660|2441|1487|1257
1194|0|266.0666|Unknown|1069|2017|2826|1835|1843|1597|1180|982|1921|2327|1322|1193|1178|1699|1680|2452|1315|956
1195|0|266.0886|Adenosine|632|1596|2616|1370|1008|1387|944|728|1315|1437|1117|1694|1432|1189|1352|1859|1353|1471
1196|0|266.1514|Unknown|13659|14644|19937|15239|16231|31175|7857|13339|12312|15298|13743|22435|13908|10791|57858|51815|22662|18395
1197|0|266.9037|Unknown|3021|4232|7669|4731|5356|4325|3349|1970|3091|3877|6306|3143|4661|2430|4386|9200|4540|4354
1198|0|266.912|Unknown|4244|4700|9696|5865|6106|6562|3770|2458|4181|4572|8675|4298|5265|3007|6222|9399|5137|5366
1199|0|267.0232|Unknown|2380|2657|9696|7034|2407|4367|3965|2237|3680|3672|3848|4157|2782|4840|7406|9506|3535|3439
1200|0|267.0599|Unknown|7617|8982|18110|12819|11427|6921|5643|4388|7352|13582|12065|7957|3690|3350|5589|5788|5131|4590
1201|0|267.074|Inosine|34040|38681|101532|71381|42491|105688|80360|90036|37933|49516|49709|149889|42487|66430|84011|114938|61656|48778
1202|0|267.0965|Unknown|5783|7759|12991|9650|6750|11146|10864|8952|6673|9040|8081|13925|6626|8240|8465|12237|7053|6057
1203|0|267.1048|Unknown|3615|5101|6174|5236|4180|6792|5544|5308|3664|5530|5123|8208|3435|4253|5650|6410|3472|3944
1204|0|267.1221|Unknown|1940|2756|4363|2408|1846|2751|3091|1835|2054|3103|4146|3545|2409|2041|3000|2455|2137|1964
1205|0|267.1457|Unknown|10357|10927|20194|13607|9487|18703|10066|12474|11485|11623|12031|23881|10784|15939|33889|32311|17793|13586
1206|0|267.1962|Unknown|1116|2063|2502|1893|1350|1646|1429|1636|1600|1799|2001|1524|1617|1933|1650|2094|948|1704
1207|0|267.2331|Unknown|2479|3099|20367|16110|2641|4070|2660|2378|3165|5317|4129|3426|2937|3537|3780|5613|3290|2551
1208|0|267.9628|Unknown|3244|4128|5630|3492|3029|1474|1913|1644|1623|2468|1642|4358|2191|2322|3974|3934|2519|1977
1209|0|268.0062|Unknown|3087|4154|7401|5108|3354|2833|2852|1441|2801|2945|6023|2700|2865|3065|3474|6771|3092|2664
1210|0|268.0219|Unknown|1739|2734|4187|3058|2255|1958|2164|1246|2059|2286|3371|2730|1900|2030|2630|4561|1771|1681
1211|0|268.0618|Unknown|2287|2535|3548|1809|1728|1676|1301|1471|1430|2048|2541|2182|737|969|1206|1698|513|948
1212|0|268.0772|Unknown|4892|7046|15652|8728|6733|13386|10096|10297|5351|6932|8291|18739|5803|8886|11930|15417|6309|7741
1213|0|268.1038|Unknown|3267|3261|4532|2841|3048|3161|2455|3774|2636|3240|3823|3868|2409|2936|5097|3734|1983|2209
1214|0|268.1494|Unknown|2558|2422|3349|1576|2443|3256|1434|3222|1991|2591|2444|3798|1718|2438|5775|6694|2117|2207
1215|0|268.9289|Unknown|15200|13426|47919|30893|33550|28696|9126|4704|12697|13845|41032|22183|16091|12760|27894|56999|30138|22532
1216|0|268.9605|Unknown|1381|1326|2680|1982|2655|2229|1724|2192|1488|1457|3025|2073|1099|1550|1814|2265|2581|1292
1217|0|268.9941|Unknown|47008|42065|67173|44812|72961|23046|20349|19083|37414|46008|54786|29418|14694|19503|22729|38180|25008|21376
1218|0|269.0144|Unknown|7402|7482|12636|8533|12518|4894|5043|4243|7719|8499|7977|6194|3376|5012|4831|7355|5503|4169
1219|0|269.0703|Unknown|5842|7858|13223|11739|7051|9668|8070|11273|5514|7443|8564|19038|19086|9204|13704|18580|23741|20291
1220|0|269.0875|Unknown|4451|7057|7164|6078|6749|5519|3514|5065|3809|4487|5235|7339|5533|4444|5777|7794|7157|6437
1221|0|269.1017|Unknown|1898|2832|2854|2783|3345|2373|1093|2187|1613|2492|2562|2412|1853|1997|2494|3154|2841|1907
1222|0|269.1217|Unknown|1393|1367|2051|1885|2125|2003|871|1692|1801|967|1704|1484|1218|1618|3606|5395|2658|1917
1223|0|269.1388|Unknown|1794|2698|3582|2617|3030|3306|1338|2323|1482|1931|2217|2432|1931|2416|8064|6804|2558|2834
1224|0|269.1755|Unknown|612|1540|1818|1394|1352|2667|728|1217|665|1603|1628|1313|1329|1259|1702|1871|378|1103
1225|0|269.1894|Unknown|1309|809|852|708|2825|3081|1101|1049|36|663|1117|900|818|878|2518|3103|418|843
1226|0|269.2122|Unknown|5816|8369|15439|10455|8356|8653|5010|5006|5961|9530|10897|6067|4697|6432|10662|15810|7697|8026
1227|0|269.2489|Unknown|27836|17965|136679|99734|37286|33580|9850|25917|29210|51570|51961|38595|18212|26765|63496|103298|56609|50508
1228|0|269.2803|Unknown|1165|1052|4129|2840|1323|1403|876|1166|1149|2155|1860|1433|794|1075|2256|3091|2072|2124
1229|0|269.9282|Unknown|1924|2065|4801|4095|5032|3986|1044|1208|922|2353|4491|1902|2264|1680|3068|5860|2562|3286
1230|0|269.9965|Unknown|7142|6104|8944|5493|8539|3113|3383|2260|5497|7150|8695|4110|2062|2696|4056|5844|3379|2924
1231|0|270.074|Unknown|1091|1768|1914|1514|772|2065|860|1667|982|1887|1074|1875|1857|2159|2269|1813|2394|2528
1232|0|270.1452|Unknown|2253|1968|4502|2728|1978|2233|2053|2642|2013|2131|2545|4351|1935|3517|3065|4189|2684|2138
1233|0|270.1561|Unknown|1706|1661|3262|2136|1629|1641|2133|2598|1448|2012|2999|3932|2127|2662|2898|3432|2467|2512
1234|0|270.1705|Unknown|3360|484|1389|787|3672|1325|1567|1775|588|699|746|2678|426|899|4248|4741|431|974
1235|0|270.2095|Unknown|2571|1899|2739|1733|3356|1717|2482|2401|723|2235|1082|3942|233|1179|4696|5368|322|947
1236|0|270.2522|Unknown|5487|3826|23169|17897|7429|5260|4603|5004|7938|9806|9853|8715|2735|5605|12030|16502|10524|8736
1237|0|270.8806|Unknown|1298|1253|5752|3290|1312|1241|2100|2122|2559|2176|2980|3845|1630|2689|3772|4565|2631|2099
1238|0|270.926|Unknown|1562|1814|3723|2726|2874|2755|1557|1220|2192|1746|3765|3789|1930|1902|2739|5722|3290|2057
1239|0|270.9921|Unknown|2828|2581|3481|2445|3290|2567|1851|1043|3056|2559|3333|3577|1830|2373|2400|3322|1981|1868
1240|0|271.0498|Unknown|847|719|1878|1003|934|1659|973|886|1133|1071|1076|3239|1333|1947|1730|2160|1085|172
1241|0|271.0661|Unknown|458|1361|2577|2270|1730|1720|777|1285|1688|1570|1250|2897|1050|2385|2270|3576|1915|630
1242|0|271.0814|Unknown|5564|8045|8527|7139|7375|7528|3635|5195|5620|6280|3501|10045|3737|12152|13677|17404|5254|3842
1243|0|271.1172|Unknown|973|1542|1464|1522|1668|2026|1233|1160|715|2921|2033|2590|1389|2036|3055|3554|1923|895
1244|0|271.1271|Unknown|872|1730|4585|3999|2008|2219|2418|3049|865|4064|2857|6419|1746|4594|6371|8785|2938|1839
1245|0|271.1545|Unknown|415|624|1958|1866|619|1532|1083|1258|357|1969|1629|2941|1486|1402|3857|3754|2196|838
1246|0|271.1915|Unknown|2025|1805|3522|2050|1549|1503|2436|1432|589|3408|2460|3361|1523|1502|5684|4569|1472|1035
1247|0|271.2281|Unknown|4157|4638|27828|21164|5032|7534|5003|8456|5214|14486|10028|11329|4975|10385|33619|30959|9738|7606
1248|0|271.2534|Unknown|827|883|3318|2725|877|1717|1125|1560|1029|1948|1563|2267|1300|1503|4069|4379|2330|2310
1249|0|272.0574|Unknown|1498|3746|2896|717|1710|1372|1456|1628|1702|2051|1948|2538|1569|2146|2305|1250|1472|1344
1250|0|272.0889|Unknown|8254|12145|23000|15967|11993|13908|10242|14054|7782|10583|12323|20078|12036|17981|21792|25904|12594|13911
1251|0|272.1233|Unknown|1908|4682|8113|6704|3345|5301|6430|6595|3886|6427|5814|8992|3805|6755|7258|9245|3980|4294
1252|0|272.1726|Unknown|2384|3717|7947|4581|3038|4509|5838|5684|3606|4692|5114|6751|3418|4750|4812|6180|3422|2826
1253|0|272.1866|Unknown|4180|2854|3072|2000|5749|3107|4694|3293|2036|2135|1902|4139|1700|3150|6990|6747|1538|1377
1254|0|272.2315|Unknown|1940|2433|5298|4347|1584|3098|3515|2240|1645|2957|2403|2814|1787|2899|7340|5602|1983|1324
1255|0|272.8762|Unknown|5600|2930|17843|10530|7479|7211|5632|4739|4077|7203|8020|7839|5815|7437|9170|13391|8470|6264
1256|0|272.8932|Unknown|3168|1492|5258|4151|3767|4278|3416|2620|1195|2912|2491|3448|2480|4397|3004|5457|3597|2488
1257|0|272.9189|Unknown|2151|1148|1242|1103|2529|3336|2824|1971|408|1229|1363|2029|1311|3111|1334|2153|1841|1465
1258|0|272.956|Unknown|2224|1470|1537|1185|2476|3251|2277|1985|575|1474|1359|1673|1295|3060|1248|2536|1826|1686
1259|0|273.0117|Unknown|3861|2703|2590|2345|3699|4128|3461|3115|1026|1935|2189|4681|1300|3163|1916|2730|1861|1442
1260|0|273.0701|Unknown|2950|3324|9591|7552|3828|4508|2841|4198|2609|5022|6177|6562|3515|7602|8049|12455|4455|3916
1261|0|273.0868|Unknown|4148|3760|6078|4381|4428|4500|3535|5975|2502|4196|3679|8887|3357|7612|7158|9649|4592|2669
1262|0|273.1206|Unknown|2119|3408|4156|2768|2685|4847|2262|2829|1640|2961|3735|3128|1808|3058|3835|4232|1690|1779
1263|0|273.1333|Unknown|1781|2506|3939|1827|2501|4962|1981|2424|1745|2754|3068|2903|1835|2797|3623|5679|1400|1509
1264|0|273.1567|Unknown|2378|3634|5518|2709|3038|4866|3350|3669|2103|3982|2815|6207|2634|3745|4320|5421|1842|2833
1265|0|273.1895|Unknown|6720|3766|72430|51720|6392|5219|2643|7715|5121|18836|15449|11275|2424|6383|8824|15422|7788|8188
1266|0|273.8766|Unknown|1711|1166|3179|1458|1362|1783|757|888|1444|1033|1384|2423|2115|835|1434|1622|1560|1249
1267|0|273.9779|Unknown|2614|2055|2165|1866|2440|1545|1449|2000|1262|1515|1534|1584|1411|1173|1386|1718|1337|1518
1268|0|274.0123|Unknown|4543|4099|3518|2955|3442|1997|2074|2213|1527|2710|2268|2763|1991|1543|1686|1885|2046|2021
1269|0|274.0258|Unknown|3044|2962|3788|4539|3237|1921|2652|2095|1348|2600|2540|3034|2162|2060|2079|1896|2684|1993
1270|0|274.061|Unknown|2999|3103|1354|1539|2625|2145|2400|2004|767|1631|1584|2510|2077|1356|2116|2038|1952|1238
1271|0|274.0716|Unknown|2887|2894|2551|2336|1969|1650|2571|1988|1114|1509|1538|2061|1782|2349|3013|2240|1642|1495
1272|0|274.1044|Unknown|2539|2931|4557|2600|2811|3356|3723|2927|1881|3257|3650|4474|2933|2807|3948|4795|2600|2212
1273|0|274.1414|Unknown|6194|6730|14028|9043|6103|10816|7285|10247|5213|8176|7219|14999|6755|5997|6002|8644|5732|5809
1274|0|274.1511|Unknown|4324|5525|10642|8895|4437|8060|5402|7647|3691|6411|5608|11716|5857|6621|7439|11549|6324|5117
1275|0|274.1927|Unknown|1548|1522|11599|11012|1504|1019|2115|1493|1817|3346|3656|2588|1019|2356|1630|2372|1438|1795
1276|0|274.8724|Unknown|3695|4620|11440|9197|3950|3283|3885|1949|3822|4143|6162|6035|4125|3595|5560|8443|5296|4782
1277|0|274.8968|Unknown|4359|6585|5072|4742|5922|2308|3576|1607|3894|4406|4962|3730|2566|2538|3118|5290|2661|3205
1278|0|274.9119|Unknown|2182|3460|3565|2983|2805|1971|2604|1533|2788|2378|4058|2920|1970|1682|2800|3663|2495|2544
1279|0|274.9728|Unknown|34764|19471|21041|15604|45235|11599|13311|10879|14413|15644|23568|23118|6114|5576|8045|11194|9733|7930
1280|0|274.9845|Unknown|508839|351027|408238|269861|778524|172272|209897|198135|166814|221384|313932|348401|74601|52028|73441|96029|115591|99236
1281|0|275.0174|Phosphogluconic acid|20070|17052|23130|15806|31475|12023|15576|18613|10802|16654|22606|37159|18090|8392|16082|21604|27088|20554
1282|0|275.0653|Unknown|2977|4805|17059|9483|4286|5208|7202|17012|4887|12572|7918|26529|10921|18786|21101|25115|12214|10246
1283|0|275.0863|Unknown|4489|4859|9092|5474|6173|5698|5188|6109|3597|6305|6410|9171|3777|5636|7175|10066|4749|4558
1284|0|275.0999|Unknown|3524|4191|5256|3717|3927|4169|2815|3251|2255|3802|4451|5323|2311|3395|6014|6875|2932|2803
1285|0|275.1249|Unknown|5215|6217|16109|12129|5774|8383|7035|9380|7615|11423|15115|16674|8144|1660|1369|2466|11105|7984
1286|0|275.1445|Unknown|1081|1936|4729|3637|2097|2600|1748|2798|2609|3620|4423|3808|2300|1210|1119|2379|2673|2369
1287|0|275.1652|Unknown|5722|4554|7470|7573|5951|8571|5976|4479|6545|8032|7995|7412|4995|6150|6754|8637|9065|6875
1288|0|275.1834|Unknown|1046|1045|3541|4017|1424|1955|1516|1364|1564|2403|2562|1196|1022|1004|1266|2781|2231|1478
1289|0|275.9569|Unknown|3901|4025|3721|2655|3473|1342|1868|2386|2074|3121|2950|2816|1732|1458|1843|2510|1372|2497
1290|0|275.9866|Unknown|60380|40774|47317|30238|88455|19535|25185|22362|19463|28743|36200|43031|8861|6257|8391|13625|12811|12681
1291|0|276.0225|Unknown|3744|3479|5718|4223|4147|3167|2983|2235|2941|3818|4004|3621|2314|1006|2699|3283|3323|2648
1292|0|276.0403|Unknown|3532|4172|2451|2184|3034|5001|3236|3479|3108|3274|2149|3285|3320|2705|2774|4761|3598|3402
1293|0|276.0686|Unknown|1948|1453|3676|2325|1119|2283|1625|2749|1576|1826|1094|3381|1554|2234|2502|4555|1581|1072
1294|0|276.1021|Unknown|2017|1790|3546|1902|2298|3408|2063|1844|1729|2015|1534|5147|1086|895|2177|2108|765|1582
1295|0|276.1214|Unknown|1760|1849|2737|2344|1299|3865|2617|2336|1792|1429|2071|5137|1408|2275|2701|2895|2191|2280
1296|0|276.168|Unknown|1685|1470|2838|1950|1940|2759|1281|2101|1572|2253|2393|1869|1604|1346|1631|1887|1899|1807
1297|0|276.8478|Unknown|12317|9769|3637|1812|13950|2088|1810|1869|1846|3032|3828|4764|2117|3416|3516|5533|1593|2240
1298|0|276.8677|Unknown|4394|4087|7540|3370|5434|1954|2272|1677|2188|2306|4829|3789|2459|2783|3116|5079|2903|2621
1299|0|276.8922|Unknown|7725|6978|10286|5339|8702|4555|3591|2554|5520|5703|8643|3421|4654|4093|5190|6550|4646|4912
1300|0|276.9078|Unknown|4954|5862|7843|5563|6298|5363|2172|2281|4213|4086|7358|5226|4920|4054|5689|7278|4336|4924
1301|0|276.9282|Unknown|3858|4453|2379|1542|4706|2414|1379|1500|2276|1275|3045|2179|2092|1917|1896|2591|1431|2416
1302|0|276.9678|Unknown|10979|9718|22379|15358|17947|15407|10351|8660|12032|11275|21221|13166|14096|8959|15028|22872|14122|12186
1303|0|276.9824|Unknown|23440|17554|21212|14698|33118|12104|11415|11055|10755|11585|18985|18891|6997|4838|8081|9991|7858|8516
1304|0|276.9993|Unknown|10812|7106|7668|6338|15344|7091|4513|4352|5463|3747|7020|6672|3299|3195|4049|6033|3742|3470
1305|0|277.0327|Unknown|21284|16186|5810|3327|33158|2171|1769|1786|3070|2417|3872|2864|2659|2326|4209|4596|1803|2662
1306|0|277.0635|Unknown|2364|2164|2896|1920|3028|1457|1285|2955|1680|1388|2224|4136|1490|2639|2980|4061|2141|2547
1307|0|277.0867|Unknown|1330|2142|3578|2275|2098|1657|905|1731|1989|1631|2423|2311|1377|1813|2237|2908|1431|1834
1308|0|277.1069|Unknown|2053|1870|1968|1692|1614|1720|826|1571|1376|907|2239|2015|890|1538|2142|1972|1473|1726
1309|0|277.1228|Unknown|2585|2166|5783|4564|2850|4040|2446|4710|3242|3308|3901|5285|1616|4798|4868|7269|3114|3421
1310|0|277.1463|Unknown|2595|3023|4721|3675|3450|4219|2404|2702|2501|2777|3590|3099|1594|2940|3408|3372|2836|3104
1311|0|277.1548|Unknown|3245|3992|7087|5546|3337|3812|1675|3463|3177|3510|4382|3851|2094|2793|3792|3714|3496|3736
1312|0|277.1814|Unknown|292992|322598|477268|341403|339495|458930|150394|225539|275316|383732|396438|333469|240525|239028|317790|449739|398351|353795
1313|0|277.213|Unknown|11067|11151|17594|11989|11435|16355|5273|8142|10017|13545|14225|11293|8817|8805|11615|16781|13191|12482
1314|0|277.2268|Unknown|2797|2809|3885|2734|2607|3414|1607|2410|2990|2839|3501|2488|1840|2547|2827|3800|2850|3199
1315|0|277.2546|Unknown|1883|1630|2071|1543|1604|1998|1131|1635|1999|1779|2107|1552|977|1069|1495|1983|1201|1931
1316|0|277.9678|Unknown|2307|1514|4802|4242|3794|2823|2578|2095|3756|2064|4726|3180|2656|2815|2666|5788|2345|3687
1317|0|277.9872|Unknown|2605|2245|2891|3756|4592|2290|2208|1923|2939|2556|3954|2690|1679|1863|1807|3186|1657|2435
1318|0|278.0046|Unknown|2319|2003|3139|2532|2731|1948|2030|1593|3165|1510|2539|1551|1338|1516|1784|2421|1612|2475
1319|0|278.0435|Unknown|2603|2777|1901|1840|3483|2910|1794|2698|2315|1466|1458|3468|1618|4579|4703|5368|2071|1852
1320|0|278.1147|Unknown|919|1763|2911|4460|1527|2229|1951|2206|2346|1628|2304|2887|1164|1143|1426|1966|1447|1976
1321|0|278.1241|Unknown|933|1504|2460|3171|1373|1671|1433|1750|1571|2323|1990|1911|1089|1652|1570|1703|1324|1876
1322|0|278.1847|Unknown|48183|58352|87307|66778|61854|89352|27015|42538|52583|69071|78678|59687|43376|44363|58097|83499|74854|65126
1323|0|278.2162|Unknown|1939|2190|2899|2955|2517|3404|1512|2058|2530|2591|2855|2021|1719|1826|2186|3077|2780|2205
1324|0|278.8454|Unknown|2351|1283|1205|1000|2614|371|1165|1381|1052|741|1247|1238|929|252|746|912|872|1033
1325|0|278.8688|Unknown|2441|1927|4671|3756|4666|2249|2220|3630|2201|2598|3263|3567|2635|1687|2683|4363|2806|2738
1326|0|278.885|Unknown|4949|5947|10118|7954|9951|7038|6198|6256|7375|7539|10271|8053|8160|3644|9056|10976|7540|8517
1327|0|278.9042|Unknown|3851|3676|6509|5419|7116|4999|5010|4050|4919|5341|6098|4654|4636|2312|4695|8927|5621|5386
1328|0|278.9158|Unknown|4608|3258|7298|6402|7362|6117|4460|4106|4777|5274|7946|5456|4700|3026|5025|8718|6203|5908
1329|0|278.9638|Unknown|5109|5091|11928|7531|7376|8110|4849|5459|6956|6196|10602|6787|7345|4542|7978|10507|7803|6934
1330|0|278.9834|Unknown|2803|2978|3437|3259|4788|3708|3055|3982|3197|2587|3735|3937|3753|2025|3215|5082|3861|3744
1331|0|279.0158|Unknown|11566|13249|7667|6592|14861|6488|4544|5326|5440|8772|11090|6297|5587|3843|3386|8393|8493|6448
1332|0|279.0367|Unknown|3696|4055|2562|2391|4866|3420|1958|3054|2104|2178|3479|2761|2376|2505|2954|4518|2527|2781
1333|0|279.0487|Unknown|1898|2034|1519|1596|2635|1852|1275|2650|2817|1903|2302|2250|1872|1698|2814|3772|1892|1847
1334|0|279.0975|Unknown|2038|2033|2829|2908|2108|2461|1838|3675|2989|2914|3246|5015|1809|1565|1746|2674|1261|1464
1335|0|279.1266|Unknown|1337|1937|2935|2263|1778|2373|1827|3055|2156|2255|2708|2405|1277|1553|3705|2938|1835|2071
1336|0|279.1638|Unknown|25022|38657|35544|23306|26136|24730|4665|9345|6906|21974|18703|8856|5935|5633|12613|22002|14916|11011
1337|0|279.1843|Unknown|8865|10402|15797|9791|11180|12116|5951|7735|6964|12495|11090|9498|6284|6229|7305|12345|10776|8956
1338|0|279.2331|279.2331|5951|5198|28410|19414|6894|8074|4445|6285|5507|7456|7971|7153|4955|4863|6928|16947|7230|7093
1339|0|279.8841|Unknown|1817|1366|1499|1407|1964|2034|1435|1542|1452|1598|2130|1277|1403|1483|1873|2947|2700|1181
1340|0|279.9643|Unknown|1610|1522|2108|2397|1618|1233|2066|1639|2122|1889|2029|1928|1925|1549|2249|2717|2235|2095
1341|0|279.9844|Unknown|2219|2534|3576|3135|2409|1714|2385|3142|2232|2097|3432|3260|2061|2335|3571|5393|4019|3374
1342|0|280.02|Unknown|3023|3212|3417|2963|2535|2406|1943|2758|2454|1826|3040|3294|2793|3427|5701|6582|3612|3450
1343|0|280.1036|Unknown|1491|3175|2009|2458|1102|1267|1200|1482|2097|1620|1962|2396|2180|1603|2134|1943|2445|1392
1344|0|280.1669|Unknown|5058|5948|5773|4680|4306|4419|1653|2057|2254|2638|3790|2010|1252|1327|3461|3737|2746|2147
1345|0|280.2366|Unknown|1201|2333|5097|5306|1543|1349|1581|800|2260|2077|966|975|1430|1371|2377|3714|2851|2291
1346|0|280.8808|Unknown|5375|4727|8138|6066|6499|5474|4914|2763|5421|5429|7975|5713|5989|3487|5306|9652|6675|5713
1347|0|280.8988|Unknown|5052|3831|8103|6249|5228|4882|4746|2147|4585|4181|7003|5032|3959|3423|4773|7424|6055|5386
1348|0|280.9123|Unknown|13177|11114|24785|17146|17317|15914|9905|5906|13375|15647|22914|12811|15734|9816|14566|28687|14758|16518
1349|0|280.9322|Unknown|3256|3170|5257|3728|4478|4733|3764|1703|4307|3626|6126|3695|3139|2535|3552|5365|4895|4171
1350|0|280.971|Unknown|3581|3574|7087|5049|4935|4089|2983|2469|4295|3449|5722|4841|4047|2988|3809|7217|5339|4342
1351|0|280.9844|Unknown|6461|7608|13873|9681|10839|5995|3426|4417|5726|5750|8087|8428|4274|7120|9161|13947|8586|7652
1352|0|281.0214|Unknown|6095|6205|3452|3279|7395|1851|2172|1940|2748|3027|2387|2835|1229|1889|2316|3287|2533|1839
1353|0|281.0346|Unknown|3679|3802|4555|3059|4983|1591|1825|2067|2114|2701|2467|2744|1338|1505|2589|1952|1813|1806
1354|0|281.0874|Unknown|1571|1480|2167|2329|2317|1877|1278|1057|1200|1328|1195|1908|1186|1835|1810|2210|1969|1820
1355|0|281.1196|Unknown|1737|1461|3252|2156|1699|2733|1735|2215|2179|2252|2470|2462|1675|2058|3671|5274|2163|1751
1356|0|281.1414|Unknown|1421|1696|3127|2488|1844|2049|1376|1254|1503|2915|1466|1815|1752|1564|4965|4260|2568|1922
1357|0|281.1594|Unknown|1420|2458|2169|1652|1938|1280|740|104|1389|1778|899|1078|781|732|2034|1906|1735|1207
1358|0|281.1756|Unknown|2306|1996|1971|2459|3068|2569|2220|597|2745|3117|1763|2925|1647|1369|2016|3508|2680|1968
1359|0|281.2487|Unknown|33797|25651|239580|186798|42183|31771|21121|54465|49171|93057|87840|68845|32606|75848|100649|172088|62894|52763
1360|0|281.2808|Unknown|1140|769|7004|5728|1383|1094|743|2097|1954|2988|2637|2359|1231|2568|3068|5043|2353|1672
1361|0|281.9119|Unknown|1781|1372|3399|2192|2559|2158|696|1037|1727|1832|2416|1137|2161|916|1936|2982|1946|2525
1362|0|281.9778|Unknown|9259|9885|20764|11696|11703|5454|3789|7128|6218|10572|8150|11497|10701|11258|14685|18646|12309|10055
1363|0|281.9991|Unknown|2188|2024|6882|4382|2749|1909|1592|2669|2711|3111|4011|3625|2893|3049|3778|6222|3689|3152
1364|0|282.0211|Unknown|1436|2231|6208|3701|2386|2080|1662|1623|1545|2798|3808|2494|2092|3535|4928|6491|2198|1800
1365|0|282.0582|Unknown|1648|1508|2941|1416|1463|1427|1428|1679|1495|1660|2690|2101|2535|912|2126|2587|1104|2027
1366|0|282.0848|Unknown|1245|1624|5178|4191|2252|2367|3290|2627|1471|2834|2678|4091|2812|2884|3786|4712|2595|1805
1367|0|282.0978|Unknown|1453|1745|2121|2102|1248|1483|1761|1656|1255|2286|2394|1770|2506|1443|2239|3008|2123|1385
1368|0|282.1204|Unknown|1352|1493|2638|1524|1325|2282|1990|1603|1448|1739|2266|3478|2534|1592|4007|2989|2245|1853
1369|0|282.1572|Unknown|2165|2307|4121|3377|2204|2829|2139|3174|2444|2138|2007|3926|4218|3491|3287|4821|4021|3245
1370|0|282.1709|Unknown|4121|1195|1869|1429|5652|1798|1703|2226|1189|971|714|2918|1958|1488|5281|7475|1409|1440
1371|0|282.2518|Unknown|6610|5385|45030|35518|8786|6579|4735|11781|10285|19819|18776|14425|5436|16226|20887|35435|11476|11613
1372|0|282.8768|Unknown|1087|767|1730|1201|2864|1838|962|1096|804|1547|2772|1480|1547|851|2491|2616|2111|1720
1373|0|282.8879|Unknown|1614|1270|2937|2392|2567|1840|1240|755|790|1904|2232|1406|2471|1099|1934|2751|1846|2858
1374|0|282.908|Unknown|5889|6078|14190|11724|12800|9292|5246|3737|6406|6799|14098|6012|12229|5963|8273|18678|9789|8432
1375|0|282.9284|Unknown|1876|995|2926|1906|3127|3132|2550|1257|1473|1822|4049|1226|3005|1539|1503|3527|1974|2362
1376|0|282.9544|Unknown|1935|1574|3173|1666|3232|1998|1355|1156|817|1738|4081|1384|1676|658|1473|2792|2270|1934
1377|0|282.9666|Unknown|3238|2097|3634|4593|3588|2326|1877|1311|1255|2126|4576|1386|2556|1711|2207|3703|3214|3619
1378|0|282.9817|Unknown|1685|2215|2562|1635|2521|572|1273|1043|413|1667|1643|1415|1435|1502|1757|2180|2313|1984
1379|0|282.9972|Unknown|451|607|4464|3262|1067|998|1214|1050|1104|1272|1839|812|1504|2128|3708|3255|1818|1389
1380|0|283.0271|Unknown|15435|8631|5700|5399|21455|2654|2320|1423|3760|3780|6783|2005|1463|2061|3114|4539|3288|3993
1381|0|283.119|Unknown|2021|1545|6058|3780|2734|1936|611|2977|369874|8663|4515|3650|2021|2656|5057|6363|6277|3952
1382|0|283.1371|Unknown|577|343|633|546|795|2094|50|241|68974|1367|800|378|505|385|3323|7088|1315|815
1383|0|283.1509|Unknown|1|388|264|86|1|322|387|1|11796|617|333|342|518|70|1762|2341|367|431
1384|0|283.1923|Unknown|516|994|4846|3373|1039|675|578|1032|1596|2971|3468|1668|1040|1037|1757|2647|1833|1577
1385|0|283.2023|Unknown|612|115|4167|4072|1395|155|280|1070|256|2094|2314|973|400|650|708|2879|1472|1200
1386|0|283.2641|Unknown|1030862|579050|6356189|4700271|1475700|1040144|386735|1257226|1638303|3179624|3038058|1802178|707268|1259363|1698628|3788319|2689084|2469788
1387|0|283.2959|Unknown|34542|16877|376018|258330|52816|35183|11269|43991|62729|144673|148788|68379|21732|42065|64588|178719|112698|100391
1388|0|283.3108|Unknown|6542|2845|107577|70729|10898|7024|1834|8859|13859|34647|38817|14619|4276|8724|13746|46388|26121|23097
1389|0|283.3389|Unknown|3525|1141|68010|44357|5594|3229|912|4959|7515|19994|21001|8203|1884|4715|6938|27529|15348|11925
1390|0|283.3513|Unknown|1095|1|23187|14851|1237|1343|166|1643|2195|6142|7859|2270|474|1113|1973|9840|4908|3443
1391|0|283.3643|Unknown|1716|459|37429|24750|2250|1594|369|2082|3271|10318|11343|3666|916|2117|2974|14689|7509|5789
1392|0|283.3806|Unknown|339|1|11601|7749|268|377|1|595|1034|2885|3350|1466|183|369|957|4349|2681|1953
1393|0|283.4012|Unknown|1|47|3821|2494|171|127|44|303|1012|787|874|460|160|352|9|2004|1037|569
1394|0|283.4138|Unknown|1|131|2704|1820|1|92|87|527|691|1080|1171|533|255|194|296|1123|1106|384
1395|0|283.4239|Unknown|97|204|2875|1548|469|1|17|668|806|1681|1388|430|1|541|781|1574|1075|1219
1396|0|283.4409|Unknown|43|85|3387|2048|370|503|99|738|1100|1831|1613|886|1|228|745|1899|1527|1202
1397|0|283.4822|Unknown|369|418|3517|2765|520|715|454|877|853|1839|1987|942|708|784|557|2706|1770|939
1398|0|283.5126|Unknown|535|79|3680|2234|968|630|425|1071|1075|1869|1317|966|590|624|794|1714|2135|906
1399|0|283.63|Unknown|766|478|2090|1835|831|427|124|593|627|814|1554|954|375|336|583|2098|1393|936
1400|0|283.9079|Unknown|833|772|146|1362|600|1947|391|1|858|584|902|551|1295|428|595|1772|1033|446
1401|0|283.9789|Unknown|1863|1769|4633|3363|2709|1689|1053|1236|1501|1887|2444|2009|2097|2723|3834|4245|2389|2187
1402|0|284.0289|Unknown|3054|2031|850|1034|4840|1371|972|266|842|856|2215|1248|814|1051|1447|1372|953|922
1403|0|284.1224|Unknown|960|1549|1746|1833|1126|1518|806|1060|58062|1915|1551|2198|864|2492|2396|2825|1241|716
1404|0|284.1612|Unknown|1722|1783|6222|3557|2253|3342|2350|4238|2090|2760|3304|4680|1665|2135|4151|3961|2070|2616
1405|0|284.2676|Unknown|204235|116868|1247099|946766|284458|201830|76166|246944|327982|614494|574057|328465|136278|247587|311546|750415|526529|465416
1406|0|284.2999|Unknown|5736|3306|44962|33561|8091|5958|2342|7765|10376|19988|20214|9686|3730|7051|9739|25316|15966|14965
1407|0|284.3136|Unknown|1067|793|8584|7082|1242|1084|759|1569|1944|4042|3821|1700|930|1169|1780|5064|3084|2856
1408|0|284.3423|Unknown|387|295|4826|4262|438|721|619|1024|1241|1853|2394|623|283|582|756|2738|1649|1343
1409|0|284.3683|Unknown|196|202|1916|1924|465|247|483|479|554|1050|1305|574|241|461|436|1294|992|661
1410|0|284.9032|Unknown|6524|6987|25849|13259|13766|10727|5476|2980|6704|6777|13924|10535|6882|6219|13873|24444|12992|12378
1411|0|285.05|Unknown|1291|1187|2459|1740|1190|1529|1082|1248|803|899|926|2305|966|1749|2838|3883|1541|1324
1412|0|285.0619|Unknown|2002|1482|2158|2148|1829|960|799|1228|983|1479|1386|1725|1011|722|1540|2272|1488|1387
1413|0|285.0857|Unknown|2967|3060|5034|3345|4261|3183|3186|2267|2005|5085|3122|3194|1401|4732|5909|7360|1969|1390
1414|0|285.0969|Unknown|1436|1776|3122|1672|2577|1900|1466|1253|1521|3289|1632|1525|1613|3056|3367|4117|1469|1198
1415|0|285.1065|Unknown|1548|1990|3990|3137|2363|2354|1621|1995|2419|2957|2650|2656|1273|2275|4093|5929|1904|1447
1416|0|285.1245|Unknown|973|922|2379|1829|733|2010|868|1545|10787|1149|1602|2142|831|1934|3513|3265|1722|950
1417|0|285.1687|Unknown|426|1743|2465|1970|675|1397|1491|882|469|1816|1028|1194|1023|1293|2407|2110|1213|883
1418|0|285.2066|Unknown|1744|1840|4181|3272|2240|1176|1487|1999|1931|2955|3998|1806|1446|2866|4052|5416|1019|833
1419|0|285.244|Unknown|1211|743|4547|2158|471|980|990|472|848|1703|1906|399|640|1965|5696|3315|1796|1119
1420|0|285.2707|Unknown|23703|13459|137468|97488|31561|22582|10325|29223|35807|66389|64279|40141|14815|28894|38544|80512|58068|52094
1421|0|285.9027|Unknown|156|805|2903|1614|1959|1477|746|621|1128|937|2026|2066|783|3650|1995|1674|1215|2790
1422|0|285.9995|Unknown|1197|1237|4011|1644|1969|2606|1081|563|1857|1683|2014|1619|1139|3486|2231|3016|1353|2271
1423|0|286.0333|Unknown|1244|1392|2878|1270|2037|1972|1437|795|1748|1385|2039|1616|973|3725|2179|2134|954|1335
1424|0|286.1025|Unknown|2592|3678|16049|13022|3502|7415|4197|6277|4080|8048|6947|9911|6510|18062|21752|28338|9475|7669
1425|0|286.1383|Unknown|1993|3928|9147|5701|4263|3050|1828|4220|4371|7972|7782|3398|3040|2111|2714|2407|2852|2091
1426|0|286.1883|Unknown|5612|5950|14721|10316|6138|7503|6477|8435|7009|8857|8234|13042|4729|7780|7689|9566|7461|4604
1427|0|286.2735|Unknown|2369|969|13462|8727|2735|2615|1353|2626|3891|6872|5224|3422|1303|3424|3604|7588|5834|3495
1428|0|286.9012|Unknown|4347|2089|6571|4571|4035|3872|2430|1918|3631|2949|5194|2796|3302|2161|3875|7771|4805|3587
1429|0|286.9079|Unknown|4336|2860|6714|4342|3604|3820|2630|1802|3547|3446|6076|2932|3731|1707|3965|6895|4142|3518
1430|0|287.0105|Unknown|3052|1964|4412|1987|2178|1739|1449|2353|2573|1115|3138|1935|1794|1052|2233|3088|4755|2192
1431|0|287.0302|Unknown|5372|4910|4438|3262|5015|1919|1297|2440|2678|2247|3200|2088|2411|848|1930|3133|3743|3184
1432|0|287.0521|Unknown|48212|64330|97009|66682|68170|52841|20601|36719|22797|33118|33417|73282|100286|42540|59771|71264|161392|139405
1433|0|287.0718|Unknown|10446|12166|20864|14458|12449|10534|5170|7761|6243|9179|9895|15133|20706|10828|14657|18367|31739|24851
1434|0|287.0862|Unknown|7343|9340|31720|25738|8510|9850|5695|10240|11723|18532|19225|16816|11834|17836|24151|35559|20365|17350
1435|0|287.0997|Unknown|3945|4241|12696|9133|4482|4230|3267|5510|5304|7202|7891|9132|4750|9816|12356|18075|7667|6338
1436|0|287.1088|Unknown|3683|4933|7758|5112|4315|3228|2530|4402|3877|4906|5871|5983|3312|6039|8672|10945|5743|4439
1437|0|287.1216|Unknown|5906|6566|17315|11610|5497|6426|4632|7246|7095|8732|10189|9682|4737|6987|8809|11218|9561|7886
1438|0|287.1465|Unknown|4486|4415|9460|5307|3987|4811|2921|4916|4454|4121|5499|6060|3599|3862|6009|7627|5200|2976
1439|0|287.1892|Unknown|2646|1964|3393|2523|1961|2405|2082|2775|2400|2670|2653|3055|1545|1468|3476|2688|2348|1474
1440|0|287.2225|Unknown|2697|2660|12141|8256|2579|2686|1720|3460|2724|5537|4134|3723|1480|1949|5503|6288|3746|2244
1441|0|287.9651|Unknown|3202|3022|2330|1744|3547|1758|1518|291|2444|2162|1416|668|1273|936|1410|2627|1625|1133
1442|0|287.9925|Unknown|2465|3290|8172|6334|4030|3638|1924|463|3350|5154|5992|2594|1938|2824|3554|6294|4247|3426
1443|0|288.056|Unknown|5608|7836|15168|10155|9230|6523|4489|4535|3561|5687|5077|10410|13905|7488|9474|12018|22463|18156
1444|0|288.0745|Succinyl-2-amino-6-ketopimelate|2490|4534|5491|5029|3313|3418|2499|2766|3146|3860|2984|5022|5197|4555|5225|7307|6441|4784
1445|0|288.0956|Unknown|1766|2469|7087|4415|1863|2935|2395|4546|3173|4747|3020|7349|3346|5353|5807|7732|3944|3095
1446|0|288.1215|Unknown|2378|3014|5792|4057|2986|3774|4499|5639|3502|3983|3053|8442|4844|3274|3849|3795|4522|4072
1447|0|288.1558|Unknown|4695|6246|11858|9255|5254|5901|5087|8571|5614|7664|6487|12974|4192|5493|5187|6406|3220|3391
1448|0|288.9103|Unknown|2508|1835|5946|3440|3861|2491|2418|1178|3789|3007|3945|3755|2105|2088|2783|4594|3996|3278
1449|0|288.9501|Unknown|2295|1969|3287|2050|2253|1256|1668|1236|3051|1825|3191|2254|1151|1832|1468|2371|2181|2677
1450|0|289.0001|Unknown|630914|506007|886686|601760|889698|292940|254016|229506|450626|582855|785910|390564|185444|238597|321346|490982|311590|279243
1451|0|289.0324|Sedoheptulose 7 - phosphate|25681|21005|42198|27129|36705|14186|12512|11453|20442|24492|35357|22137|8085|13586|17203|26624|14726|12486
1452|0|289.0436|Unknown|8451|6677|17686|11292|10324|5450|5424|6211|8122|8398|11425|11159|4640|9237|9907|14104|6973|5857
1453|0|289.0561|Unknown|5939|4609|11143|7540|6504|4140|4030|3676|5405|5248|6489|6760|5009|5355|6364|7681|7760|6461
1454|0|289.0716|Unknown|6224|6514|6482|4328|7934|4813|3655|3239|4529|4589|5781|6081|3459|4515|4396|5454|5249|4660
1455|0|289.1152|Unknown|2816|3077|6523|3392|2987|3825|2998|3310|3824|4025|5228|6455|3069|2769|4778|5347|5704|3880
1456|0|289.1467|Unknown|2796|1367|3179|2453|1872|1254|2257|1749|2778|1673|2814|3055|1335|1869|1939|2198|1659|2398
1457|0|289.1623|Unknown|2637|2361|5142|3239|3099|2039|1706|1807|2904|2218|2622|4098|1024|2313|1614|1321|2604|2132
1458|0|289.1819|Unknown|3586|1404|2927|2291|2238|2519|1790|1637|2648|2211|2180|2732|1101|2138|1798|2593|2004|2526
1459|0|290.0027|Unknown|80425|66002|103764|74590|109176|35801|33417|32336|57329|77659|101785|46206|24341|30614|41712|59168|34795|33997
1460|0|290.0345|Unknown|3470|3921|5001|3533|4765|2488|2377|2871|2232|3893|4705|2276|1468|2345|2769|2482|1912|2142
1461|0|290.0457|Unknown|1958|2127|2660|2236|2765|1396|1472|2339|958|1767|1830|1638|1121|2245|1907|1845|734|1089
1462|0|290.088|Unknown|2907|6460|3972|2719|3511|4006|2847|3004|2320|5023|4684|3612|2852|2973|3247|4225|3586|3125
1463|0|290.1145|Unknown|1128|1861|3497|2445|2195|1594|2164|2165|1168|1653|1780|3365|1236|1517|2036|1400|1458|952
1464|0|290.8552|Unknown|654|745|1245|1093|1659|737|679|1944|840|1035|1291|731|985|252|769|473|70|415
1465|0|290.8722|Unknown|1099|1139|2031|1780|2440|1185|1786|1801|1592|1731|2452|1139|1625|746|1386|1114|191|1283
1466|0|290.9697|Unknown|995|1495|2304|1784|2204|1963|2479|2145|1725|1827|2228|1322|1768|1335|1442|1604|1256|1102
1467|0|290.9998|Unknown|27997|23149|36364|25340|37066|12910|12672|12708|21149|26711|37358|17507|10750|10797|13996|19328|12629|11711
1468|0|291.0179|Unknown|8743|7388|11321|7569|9737|5269|5222|4189|7273|8511|9514|5313|4387|4037|5117|7379|4151|3488
1469|0|291.0487|Unknown|1935|2791|3113|2826|2278|2150|2589|2279|1739|1834|2615|2196|3180|1572|1939|3080|2162|1592
1470|0|291.0571|Unknown|2097|3026|4506|3420|3100|2834|2745|2370|2662|2545|3820|2282|2709|2150|1669|2847|2158|1737
1471|0|291.1052|Unknown|1640|2036|1827|1587|1891|2401|1812|2339|1945|1665|1732|1206|1956|1656|2904|3257|770|1126
1472|0|291.1212|Unknown|2331|2178|5329|2640|3191|3051|3218|3715|2566|2401|2242|3009|3619|2287|3381|4988|2197|2434
1473|0|291.1611|Unknown|3128|3642|4940|3495|4040|4484|2740|3983|3792|4987|4069|4297|3242|3056|3589|3395|4697|3670
1474|0|291.1996|Unknown|56854|66328|86743|62977|67974|66842|32083|70291|65479|100087|79243|91435|52325|54045|62354|72179|94648|80202
1475|0|291.2316|Unknown|2502|3101|3655|2941|2928|3031|1988|3074|2527|3646|3980|3394|3021|2368|3032|3575|3253|3465
1476|0|292.0048|Unknown|4148|6293|9221|6475|4992|5989|2226|2993|5239|6058|6460|5506|3827|3449|5892|7239|3840|4092
1477|0|292.1393|Unknown|780|2539|3321|2550|1270|2444|1344|1315|1160|2309|2426|2098|1572|679|1916|1976|877|1251
1478|0|292.1653|Unknown|2668|3252|5306|4754|2398|4866|2641|3701|2968|5341|5180|7193|2346|2879|3804|3747|1625|2736
1479|0|292.2025|Unknown|10085|13077|15630|12800|12041|12173|6903|12531|12267|17014|14912|14421|11732|10181|11158|12846|16019|14395
1480|0|292.822|Unknown|7952|6301|2328|1658|9998|649|2320|459|2073|1753|1455|2054|1243|1316|1723|1176|1014|1493
1481|0|292.9064|Unknown|3924|4289|2312|1833|3552|2347|4460|1457|2864|1805|3134|2623|2387|3231|1369|1680|2328|4416
1482|0|293.0136|Unknown|1756|1368|2857|2372|2231|1672|3568|1631|2094|1864|2382|2328|1956|2877|826|1963|2039|3347
1483|0|293.0371|Unknown|2249|2394|4194|3062|3372|2864|4022|2783|2028|2819|2775|3222|2080|3690|2514|2823|2060|3599
1484|0|293.0536|Unknown|9705|10422|5662|4921|14624|3065|5278|3629|4311|5076|5962|4790|2715|5884|6304|7238|3270|4109
1485|0|293.0695|Unknown|6719|7613|11599|8471|9730|5413|5089|4439|6369|5086|8361|5784|3858|8944|8763|12993|4602|5627
1486|0|293.1144|Unknown|2665|2978|3489|3159|2759|3980|3367|3341|3021|3088|3814|4428|2160|3135|3042|2915|1876|3309
1487|0|293.1505|Unknown|2976|2448|5825|4638|3240|3833|4481|4011|3843|4304|4793|5642|2522|3428|3568|3709|2863|3288
1488|0|293.1786|Unknown|58389|52486|86798|64147|66166|90880|39334|60505|47261|75552|73620|79008|45836|49239|141897|156994|75976|70636
1489|0|293.2101|Unknown|5096|5153|8178|6521|6133|7238|4775|5868|4666|8363|7400|6827|4421|4762|7414|9584|8380|7506
1490|0|294.002|Unknown|1336|800|1534|2271|1148|1380|1746|2034|591|1673|1194|2046|557|1754|1133|1520|1581|1697
1491|0|294.0701|Unknown|2010|865|3020|3905|1982|2756|2098|2724|1912|2195|1213|2934|1347|3315|2860|3969|2418|1982
1492|0|294.1178|Unknown|1947|1789|2704|3185|2205|2566|1831|2844|2291|2561|2077|3051|1188|2343|1905|2415|1497|1236
1493|0|294.1818|Unknown|11013|10499|18140|11321|12335|18633|6975|9996|9923|16777|13235|13568|7397|10158|25260|25538|17576|13772
1494|0|294.8197|Unknown|2530|2157|625|520|3384|1254|1456|515|1754|1318|659|1174|369|629|70|345|466|885
1495|0|294.8899|Unknown|2649|3266|5464|3750|3545|2945|3545|1631|4047|4646|2896|3842|2867|2059|3887|4776|3355|3825
1496|0|294.9584|Unknown|1680|2158|1452|1548|1988|2049|2643|701|2799|2736|1647|2776|1559|908|1238|1557|1541|1256
1497|0|294.9928|Unknown|1152|1987|1656|1507|1674|2386|2194|715|2346|2531|1412|2993|1083|1157|1850|1474|1323|1323
1498|0|295.0324|Unknown|1661|3008|4526|3708|2325|3081|3303|2582|3922|3846|2871|3571|2243|3240|3565|5671|2167|2342
1499|0|295.0509|Unknown|2377|3386|3775|4054|3170|2994|3014|1899|4051|4383|3376|3595|1896|2342|3759|4229|2453|2374
1500|0|295.0659|Unknown|6210|6669|17298|11621|8602|5859|4237|5050|6976|7768|8530|7312|4294|10968|13109|15940|4536|3751
1501|0|295.1024|Unknown|2598|2491|8224|6588|2897|3310|3883|4930|3980|5342|4978|6698|2932|4085|4994|6511|4065|3481
1502|0|295.1179|Unknown|2768|2069|3592|3279|3757|2606|2582|2586|2912|4149|3542|3834|1794|2206|2950|3338|2476|2622
1503|0|295.1374|Unknown|3704|2498|3934|3577|4591|6175|2250|1432|4971|3830|2965|2405|2251|3148|7976|17859|3566|3122
1504|0|295.1553|Unknown|2198|2284|2669|3546|3325|2791|2574|2054|3459|4113|2948|2421|1629|1981|2967|5556|2244|1926
1505|0|295.1753|Unknown|3236|3344|4231|3675|3380|4536|2013|3252|3683|4063|2883|3582|1988|2740|6836|6815|3498|3463
1506|0|295.1865|Unknown|3024|3035|3817|3803|3197|4074|1746|2784|3694|4628|3030|3614|2268|2251|6090|4997|3281|3206
1507|0|295.2278|Unknown|1902|2547|5967|4424|3201|4390|2328|2767|3199|4465|4225|2851|2281|2455|4741|6606|3228|1844
1508|0|295.264|Unknown|1132|1120|5845|3881|1977|1511|1134|1893|1540|2802|2548|1457|1650|1307|2166|3430|1952|1428
1509|0|295.9552|Unknown|491|807|1462|2100|1315|1161|1197|1005|101|1627|677|813|119|765|806|1123|478|774
1510|0|295.9942|Unknown|971|2547|3707|4201|2956|1643|2568|2249|1537|2913|2102|3619|952|3922|6434|5637|1982|1540
1511|0|296.0523|Unknown|2134|2122|3143|3797|1594|2872|3538|2728|1798|3150|2750|3429|1257|2437|2213|2461|2097|2212
1512|0|296.0824|Methylthioadenosine|21116|21146|119273|87167|27297|43796|21582|51951|48780|63040|65985|89769|27134|60328|78187|102047|52896|48225
1513|0|296.1155|Unknown|2439|2512|5310|5530|2447|3328|3327|3323|3115|4186|5080|4872|1739|3351|4564|5223|2876|2997
1514|0|296.135|Unknown|15568|17532|3610|4055|22191|4298|5331|2965|3367|3079|3019|4284|4602|4305|7253|9150|2249|2506
1515|0|296.1861|Unknown|2090|1291|1218|1286|3021|1854|2317|1578|1441|1613|1633|2513|1221|1228|3489|3613|1314|1560
1516|0|296.8559|Unknown|2676|2836|4665|3600|3022|2299|3770|2215|2219|1742|2819|3023|1849|1811|2769|2284|2148|2296
1517|0|296.8934|Unknown|8065|7589|18141|10734|10166|7743|9151|4364|7984|6893|13067|10154|9256|5842|10879|14871|8126|9987
1518|0|296.9535|Unknown|3390|3973|3447|2578|3085|2956|4267|2564|3906|3031|3632|3583|2934|1849|2994|3551|2736|2805
1519|0|296.9997|Unknown|1742|2977|4694|3514|2369|3056|6383|5075|3990|4062|4493|8285|4149|2063|4494|4105|4515|4557
1520|0|297.068|Unknown|2188|2662|4229|3876|1976|2314|4120|2981|3087|3113|2300|3703|1472|2698|3932|5388|1708|2456
1521|0|297.0851|Unknown|4599|5565|18309|14036|7220|8243|5269|10304|9085|10254|10953|14470|5097|9689|12864|18826|7798|8408
1522|0|297.1053|Unknown|3089|3744|8800|8104|2769|3764|4373|4890|4862|5934|6821|7191|3297|2667|4234|6883|5432|4504
1523|0|297.1131|Unknown|2419|3045|5038|5240|2443|3195|3661|4170|4273|4368|4811|4885|2867|2076|3524|4244|4367|3653
1524|0|297.1355|Unknown|3445|4878|3649|3876|5576|5214|2935|2382|3461|2451|3550|3942|2269|2485|6269|11888|3582|3287
1525|0|297.1531|Unknown|70858|32931|72211|51031|60395|122172|14364|26898|53281|40204|42361|30144|26665|43715|176479|490466|76091|67907
1526|0|297.186|Unknown|3518|2296|3567|2752|3263|4740|2346|2590|3015|2735|2222|2530|1658|2278|7968|18110|2948|3002
1527|0|297.2023|Unknown|2413|1636|2361|2180|1341|1572|1735|1827|1566|1926|1270|1875|768|594|2940|4403|1094|1478
1528|0|297.2211|Unknown|2956|1851|6846|5385|2631|2248|2573|3110|3581|3345|5523|3123|1491|1748|4689|7548|4429|3185
1529|0|297.2436|Unknown|10776|13154|39574|25816|15526|15328|11545|14335|15383|22096|21241|16617|10231|13620|19499|35156|21143|15488
1530|0|297.2798|Unknown|4351|3277|22869|18220|5897|5980|3032|6160|6813|9925|11526|8687|3522|6091|11023|13405|9279|10907
1531|0|297.8941|Unknown|1322|1581|2755|2324|1405|1382|1862|2670|1006|827|1787|1841|1120|1277|1724|2354|1497|2313
1532|0|297.9743|Unknown|1101|930|3081|3010|730|965|1899|2596|677|986|2079|1563|674|899|2021|3197|1912|1885
1533|0|297.9961|Unknown|1780|1658|3576|2333|1161|926|2793|3745|1484|2181|1911|1806|945|1685|3282|3865|2117|2214
1534|0|298.031|Unknown|1387|2065|1249|1841|1511|1290|2483|2561|1155|1039|1781|2785|1357|1987|2791|3522|1843|1587
1535|0|298.0784|Unknown|2600|2473|8174|7156|2687|3134|3135|4423|3038|4092|4771|5924|2341|4482|6029|7919|3705|4289
1536|0|298.1143|Unknown|30648|39843|24937|17088|41124|10511|12562|13541|12476|14198|13713|25147|18369|26198|29193|30313|16430|13728
1537|0|298.1366|Unknown|5226|6366|4727|4000|6068|2478|3795|3702|2920|2900|3999|4399|3264|5256|6901|8635|2697|3865
1538|0|298.1563|Unknown|13011|7758|13998|11649|11634|22872|5433|6452|11302|6381|8989|6082|5149|10266|35061|86293|14564|13208
1539|0|298.1733|Unknown|3940|3567|4246|4131|3834|4750|3024|2743|4022|2410|3196|3096|1789|3055|7196|18590|3618|3568
1540|0|298.2467|Unknown|3043|3246|6483|5410|3684|4096|4683|2853|4197|5606|5173|4503|3023|2396|5619|7668|4558|4170
1541|0|298.2828|Unknown|1942|1536|5600|4702|1943|1914|3047|1945|3288|3349|3699|2246|1160|2179|3005|3886|2978|3399
1542|0|298.8531|Unknown|976|1456|2205|1836|1711|1667|3746|921|2405|899|2467|1108|1139|1518|1751|1737|1578|2072
1543|0|298.8904|Unknown|17345|16429|35608|23781|28348|22519|16939|12092|23143|20662|32891|19041|19972|16256|24668|38411|25145|22982
1544|0|298.9216|Unknown|5455|4765|5389|3062|7624|3683|5540|3280|4716|3477|5490|2447|3165|2431|3672|3879|3515|4286
1545|0|298.9442|Unknown|6606|5917|13315|8948|8729|6096|7585|4552|6670|6376|10606|5172|5125|4903|9907|10376|7320|7150
1546|0|298.9654|Unknown|2686|2281|3749|3463|3215|3115|4864|2737|3928|2307|4067|1772|2150|2192|3326|4300|3536|3448
1547|0|299.0048|Unknown|3355|4954|1968|1832|5096|3639|4201|2601|3394|2362|2904|2550|2465|1959|2694|3160|2437|3810
1548|0|299.0766|Unknown|1403|2209|3565|3020|2562|2307|3376|2417|2900|2104|2423|1931|1556|2872|3524|3445|2249|2727
1549|0|299.0971|Unknown|1503|2095|3091|2572|2081|1942|3546|2519|3043|1814|2852|1879|1328|3134|3684|4279|1809|2850
1550|0|299.1158|Unknown|6100|7122|5753|3946|7121|3984|5526|3385|11435|4379|3991|4537|4167|5368|7233|8223|3795|4506
1551|0|299.1326|Unknown|3064|3667|5602|4151|3800|3939|4048|3880|4149|3689|2920|4082|2661|5522|5570|8375|3299|3478
1552|0|299.1493|Unknown|4822|3383|5462|4692|5127|8323|3824|4256|4607|4987|4661|2815|2435|4612|13591|25664|5367|5147
1553|0|299.1596|Unknown|5830|5549|7035|5720|6270|10459|5285|5333|5402|5096|8246|4017|4337|3544|12367|22357|6490|6923
1554|0|299.184|Unknown|2103|3182|5512|3884|2780|3970|3399|2586|1957|3529|4748|3229|2123|2630|3824|4633|2914|2588
1555|0|299.2011|Unknown|2214|2626|3346|3170|2967|4017|3334|2471|1452|3042|2679|1720|1816|2128|3723|2991|2946|2251
1556|0|299.2224|Unknown|1562|1620|3834|2855|2615|2036|2447|1779|1799|2901|2314|1656|903|2104|3836|3975|1740|1977
1557|0|299.2592|Unknown|6483|6200|19392|19075|9170|8902|8028|7993|10999|14452|14142|12495|6113|9647|19357|22884|11895|9717
1558|0|299.8906|Unknown|3097|2444|5965|3685|5367|3382|3491|2361|3542|3145|5080|2592|3430|3168|3774|5559|3223|3132
1559|0|300.0237|Unknown|1452|2882|2973|2174|2833|2408|2851|2372|1593|1366|1497|2583|1745|2908|2898|3717|2125|1663
1560|0|300.0491|Acetylglucosamine phosphate|1533|2460|4225|2066|2225|2468|3093|3504|2237|2203|1421|5364|2231|2445|3520|4581|2431|1996
1561|0|300.0814|Unknown|1094|1902|6054|4981|1438|1104|2825|2507|1890|1582|2571|2760|1943|5115|6241|7488|2004|2476
1562|0|300.0973|Unknown|984|1806|2382|2136|1223|1228|3030|1976|1726|1521|2061|2536|1625|3941|3935|4913|1401|1562
1563|0|300.1301|Unknown|1800|3279|5123|3983|2243|2881|3152|2551|9703|2534|3074|5029|2520|4387|5222|5598|1910|1625
1564|0|300.1529|Unknown|1598|2040|3750|2153|2041|2215|2073|1986|2706|1637|2208|2705|1936|2728|3306|6700|1644|1337
1565|0|300.1925|Unknown|2106|3295|6002|5098|2025|2492|2147|2677|3090|3548|2939|2665|1386|2349|2577|2860|1746|1377
1566|0|300.2627|Unknown|1106|2275|3881|3638|2671|2046|1442|2602|2194|3084|3261|3189|1386|3057|3432|3433|2626|2274
1567|0|300.8751|Unknown|8111|7772|16240|8916|13519|9241|5395|2629|7711|7220|10835|9092|6680|5724|11698|17524|7193|9355
1568|0|300.8863|Unknown|14170|13168|27251|20043|23472|18226|10626|6727|16048|17541|23280|14424|16150|12089|20959|32906|18038|19477
1569|0|300.9045|Unknown|5183|5286|8508|6529|7676|7159|4999|3398|5822|6013|8951|4979|6136|3700|8106|11079|6672|7300
1570|0|300.9758|Unknown|2520|2143|2462|1490|3386|2625|1998|1999|2358|1994|2072|2145|1798|847|2460|2645|1697|2160
1571|0|300.9986|Unknown|1645|1807|1967|1859|3151|2190|1911|1747|2184|2426|1526|2206|1039|940|2313|1958|1743|1603
1572|0|301.0343|Unknown|229|1553|1654|1696|1451|1530|1355|1559|2426|2273|957|1269|1278|1182|1762|1233|1150|1394
1573|0|301.0642|Unknown|3612|5049|14267|10918|4810|4021|3484|4536|5016|6991|5494|5118|3111|7621|11642|14126|5429|4753
1574|0|301.1011|Unknown|1418|2688|4194|2909|2068|2043|2333|2990|2175|2998|3010|4287|2448|5043|8013|9817|2718|2652
1575|0|301.1298|Unknown|2573|2775|6737|5417|3033|4268|3491|6048|4651|4855|4696|8337|2657|3929|5901|6715|2973|2860
1576|0|301.1518|Unknown|2711|3269|7298|6241|3477|6062|4469|6239|4883|5155|4654|7445|2875|2346|4405|4358|3096|2434
1577|0|301.164|Unknown|3011|4419|11818|8387|4422|7112|5078|5471|5669|6592|4759|7599|3457|4960|8724|9560|5303|4734
1578|0|301.1871|Unknown|1407|2026|5003|2819|2059|3895|3450|3566|3300|2549|2156|3865|2213|1629|4211|4076|2394|1927
1579|0|301.1995|Unknown|2425|2990|5524|4416|3698|4541|4499|3810|4171|4447|3710|5025|3675|3496|4156|5849|4028|3696
1580|0|301.2164|Unknown|2226|2337|4222|3704|2590|2580|2550|2881|2806|3855|2339|2278|2014|1534|3069|4005|2767|2334
1581|0|301.5314|Unknown|1207|1607|5409|3659|2159|1121|2001|1649|1681|4429|3250|2107|1127|3678|3096|5707|1102|1204
1582|0|301.8746|Unknown|1782|1848|2631|1745|3363|2180|1681|998|1500|1770|2752|1481|1239|1508|2280|3128|1500|1512
1583|0|301.8859|Unknown|2524|2243|3281|2762|3363|3230|2917|1526|2827|3220|4929|2827|3384|3207|3408|5176|3334|2975
1584|0|301.9666|Unknown|3007|4055|9520|4903|3845|4924|3305|3351|2584|4935|5260|4598|4997|4062|5618|6632|4467|4219
1585|0|302.0066|Unknown|1624|1333|2534|2153|1234|1552|2313|1763|1772|1648|1897|1461|1493|1853|3188|3487|1303|1450
1586|0|302.0333|Unknown|1484|1056|2073|1116|1297|1747|1942|883|1235|1796|1246|1648|1261|1534|2371|1713|903|538
1587|0|302.0757|Unknown|2242|2240|10452|7473|2136|4624|4262|5751|3007|5634|2861|8026|7357|16674|19288|17672|6657|5878
1588|0|302.1119|Unknown|3065|3702|5894|4439|2917|3156|2823|2397|2908|5302|3262|3735|2257|1908|2825|2661|1664|1613
1589|0|302.1353|Unknown|3545|4627|7910|3960|4063|6231|3868|5933|4637|5396|4341|8447|3402|3475|5581|3829|4335|3336
1590|0|302.1463|Unknown|3287|4160|8205|5392|5459|4638|4171|4234|4553|5120|4524|8268|3651|3489|5730|5367|3972|2815
1591|0|302.1686|Unknown|1803|1926|4739|2936|2635|2578|2556|2704|3153|3147|2504|3744|2085|1141|2895|2966|1849|1220
1592|0|302.5338|Unknown|2983|4836|13290|8404|3102|5116|3508|3919|2038|6316|5172|6945|3196|6618|10734|18144|6169|3783
1593|0|302.8825|Unknown|6491|7160|13471|10249|8584|8400|5101|3132|6395|6649|10772|6674|7446|5782|8609|14160|8995|7649
1594|0|302.9609|Unknown|3451|3690|5922|4196|6563|4514|2581|1905|2812|3418|4517|3033|4269|2286|4138|6432|4046|3557
1595|0|302.9797|Unknown|4350|3524|3225|2980|6204|2185|2144|1478|1906|1666|3066|1522|2719|2057|2490|3825|2751|1556
1596|0|303.0034|Unknown|3046|3321|2051|1928|3502|1241|1041|1046|1777|2214|1893|1489|1098|887|924|1306|736|840
1597|0|303.0149|Unknown|5437|4847|3102|2799|6193|2006|999|1701|1817|2807|2756|2003|1569|1547|1582|2513|1509|1140
1598|0|303.035|Unknown|2105|2791|3880|2893|2701|1806|1517|2384|2012|2595|2806|3505|1718|2359|2952|3976|1633|1392
1599|0|303.0596|Unknown|5808|8247|23451|16499|5623|6773|6109|10529|6393|13839|8789|16105|10470|19559|24982|28000|12798|12261
1600|0|303.0859|Unknown|2275|3050|3248|2760|2605|2257|1332|1873|1925|1978|1837|3428|2941|3780|3937|5956|1975|2619
1601|0|303.1196|Unknown|1383|2901|2272|1352|869|2765|1247|1461|1894|1807|1966|2737|2013|1825|2961|1825|1075|1466
1602|0|303.1324|Unknown|1770|2313|3405|2180|828|2794|1615|2256|1906|1650|2823|4500|2447|2439|2672|2231|1526|1340
1603|0|303.166|Unknown|1418|1520|4348|3396|980|1412|2638|2605|1998|2913|2572|3004|2747|1929|2807|2948|2785|2167
1604|0|303.1801|Unknown|558|1213|2788|2351|504|1017|1209|1510|1493|1703|1830|2103|1676|1053|1423|1660|1992|1128
1605|0|303.1963|Unknown|1411|2644|1956|1173|2552|2417|2381|1638|2037|2373|2038|2393|2141|2170|1975|1805|3233|1871
1606|0|303.882|Unknown|1493|1122|2338|1784|1336|1708|609|657|2633|1702|2141|1617|1445|1487|1582|1790|1600|2393
1607|0|303.9522|Unknown|7983|6845|11821|9789|9118|2762|2187|2593|4204|6212|5733|3355|3244|3186|4738|6942|4292|4845
1608|0|303.9637|Unknown|4840|4935|10834|7701|5241|4251|2892|2313|4276|5795|5450|4531|3582|4228|5091|6906|5033|5194
1609|0|304.0483|Unknown|1111|2065|2074|2416|981|942|1463|761|1138|1793|1806|800|1676|1131|1700|2139|1172|2086
1610|0|304.0629|Unknown|1572|2369|4653|4200|1245|2595|1528|1865|2132|3440|3036|2738|2226|3128|5420|5506|2655|2980
1611|0|304.1147|Unknown|2100|2907|4904|3273|1723|3004|2578|2801|2913|4369|4239|4926|3141|4698|3994|6311|3148|3227
1612|0|304.131|Unknown|2019|2393|4196|3302|1887|3272|1767|2267|3058|3129|2438|3510|1754|3312|3254|3563|1664|2668
1613|0|304.1503|Unknown|1975|2752|4413|3446|1831|3460|2155|3589|2508|3476|3475|4880|1513|2384|2514|2179|1708|2770
1614|0|304.8794|Unknown|3312|3104|7808|5384|5011|4765|2904|2718|3097|4031|7805|4339|4232|3577|4284|7056|3569|4100
1615|0|304.9565|Unknown|3114|3228|3348|2812|4092|1823|1857|2122|2148|2293|3452|3103|2378|2293|2145|4319|2645|2341
1616|0|304.9664|Unknown|2421|2150|3338|2911|3458|1516|1499|2086|1996|2549|3448|2349|2121|1989|1765|3575|2312|2215
1617|0|305.0216|Unknown|1637|1667|2010|1921|1405|1547|899|1085|1265|1657|1471|2279|1287|1042|1168|1838|1358|1408
1618|0|305.0583|Unknown|2188|2600|5501|4291|2082|3419|1867|4036|2894|4791|5041|6130|1970|3569|3935|5190|2963|2519
1619|0|305.0809|Unknown|2406|3703|6660|4469|4557|4688|3372|5347|4115|5226|5845|7103|3165|3874|5422|8057|4023|3598
1620|0|305.1121|Unknown|1427|2073|4916|3333|1953|2490|2195|2332|2125|2699|4082|4094|1662|3261|4423|6048|2108|2137
1621|0|305.1782|Unknown|1788|2411|3610|3519|2764|2850|1820|1629|1866|4064|3396|3073|1528|1839|3111|3109|3316|1691
1622|0|305.2152|Unknown|55698|64719|86315|63056|70526|68555|40794|74993|63607|111166|82895|95140|57449|56026|56160|70068|105423|78418
1623|0|305.2488|Unknown|1834|2253|4671|3137|2838|2485|1890|2188|2559|3898|3306|3846|2069|2100|2323|2678|3468|2562
1624|0|306.0204|Unknown|679|1351|1424|1160|1390|1501|1221|217|78|873|1082|619|1073|1272|1888|2377|981|597
1625|0|306.077|Glutathione|163781|216343|447207|304850|213552|289499|195873|245984|154943|209889|232974|422708|257596|295111|378041|492166|300391|247864
1626|0|306.1101|Unknown|5873|8271|15410|11154|8277|10633|6674|8613|6132|8481|9329|14209|8874|10488|13860|17350|10478|8605
1627|0|306.1261|Unknown|1832|2151|3888|2989|3158|3406|1461|2406|2569|2524|2911|3720|2070|2509|3255|4281|2582|2254
1628|0|306.2181|Unknown|12215|12317|14227|11882|14931|13939|8250|11017|14725|20394|15646|17108|11728|10318|9747|12150|19013|15610
1629|0|306.8897|Unknown|1674|1645|1948|1149|1827|2383|2135|1305|2713|1606|2118|2810|1997|1622|1717|2472|2330|1683
1630|0|306.904|Unknown|1909|1646|2308|1732|1677|1831|1787|1270|3281|1119|2401|3703|1899|1942|1221|2540|1883|2268
1631|0|306.9945|Unknown|1969|1799|2319|1724|1604|2073|1875|1268|2433|1260|2224|2149|1283|2203|1915|3334|2596|1034
1632|0|307.0311|307.0311|1931|2033|2665|1799|1330|1756|1946|1103|2468|1416|1672|2817|1403|1553|1018|1207|1844|1113
1633|0|307.0523|Unknown|3050|2897|5033|3967|3323|2290|2307|2538|3345|2558|3366|3485|2079|1592|1989|1647|2775|1956
1634|0|307.0798|Unknown|22726|28714|60274|41981|28954|39566|27481|34613|22954|29876|34141|56024|33635|42512|53132|60664|40332|35052
1635|0|307.123|Unknown|3590|4693|8015|6202|4017|7573|4964|6653|5570|5397|5909|9567|4791|7637|10300|12302|6254|5098
1636|0|307.1559|Unknown|2749|3123|4027|3417|2520|3687|2775|3345|2974|3507|4205|4403|2344|2620|4209|3627|4241|1732
1637|0|307.1928|Unknown|3722|4405|6360|4136|4682|5609|2765|3891|4855|4971|4844|4304|3307|3305|4831|5442|5103|3127
1638|0|307.2114|Unknown|2647|5317|4722|3633|4232|4794|2657|5123|4579|6513|3957|6280|4269|3915|3442|3954|6134|5083
1639|0|307.2185|Unknown|2388|4603|3866|2873|3361|4222|2496|4984|3468|5594|4241|5071|3472|3713|3279|3442|5788|4293
1640|0|307.2646|Unknown|845|1226|5136|4157|889|949|1208|1310|743|787|1144|759|1595|1345|1254|1081|2096|293
1641|0|307.9791|Unknown|613|2009|4696|2967|1097|2394|1798|1109|2210|3084|2322|2663|1949|2722|5051|5212|3272|4042
1642|0|308.0741|Unknown|8359|11889|22056|16085|12238|12382|10146|13009|8543|11892|12722|23829|13469|14683|18999|25614|17198|14189
1643|0|308.0976|Unknown|10681|13468|9957|6942|16139|6780|4786|4464|4400|4366|4907|6701|6772|7353|11553|11800|6572|6224
1644|0|308.1254|Unknown|2165|3018|4703|3163|3588|3597|2589|2982|2049|3019|2641|4988|2134|2570|4200|4444|2928|2904
1645|0|308.1612|Unknown|3231|3150|6089|5558|3748|4367|2881|2704|3417|3519|4079|5467|2519|3024|2328|4045|4109|3396
1646|0|308.1968|Unknown|711|926|2525|1798|1103|1676|919|988|1208|1091|1366|1436|1190|1014|1129|1909|1988|1633
1647|0|308.7959|Unknown|2231|1583|792|1181|3288|604|707|1521|867|552|1|447|433|202|302|7|703|591
1648|0|308.9015|Unknown|2228|1827|3765|1626|1108|3937|3236|3183|2432|2971|1656|1580|3406|2883|1455|2507|1974|2054
1649|0|308.981|Unknown|1580|1968|4016|1793|1400|2744|2521|2629|2469|2388|1455|1281|2236|2354|1283|1889|1573|1747
1650|0|309.0028|Unknown|1377|1735|4220|2183|1125|2465|2702|2508|2942|2114|1316|1239|2369|2244|1271|1811|1473|1208
1651|0|309.0101|Unknown|1473|2346|4863|2091|1451|2487|2843|2603|2515|2569|1279|1534|2331|2451|1556|1917|1341|1540
1652|0|309.0455|Unknown|5924|6780|10725|6766|5910|3351|4649|3357|4064|6211|4668|3843|4028|3869|4097|6506|3090|2712
1653|0|309.0689|Unknown|4086|3862|12444|7768|3519|4772|5360|5242|4876|7502|9009|6510|5724|7214|8252|10132|6527|4229
1654|0|309.1044|Unknown|3879|4577|4791|3337|3595|3622|3862|3075|3493|3329|3273|3405|3447|2523|3906|2940|2375|2001
1655|0|309.1337|Unknown|1786|2178|3454|2590|1462|3115|2611|2224|2028|2900|1983|2115|3204|1636|2415|3001|2382|1370
1656|0|309.1535|Unknown|4247|3168|5888|3960|3103|7105|2981|2514|4395|4511|3532|3551|3104|2910|9500|20163|4860|3576
1657|0|309.1739|Unknown|33676|43425|60224|42475|42575|50973|22792|38167|33225|48106|39491|59894|35221|34341|117146|118525|58719|50089
1658|0|309.2046|Unknown|6760|3043|5406|4916|11751|14437|7707|3018|3538|4408|3382|3426|3940|3212|14269|13668|4412|4556
1659|0|309.2797|Unknown|2312|974|10612|8657|2303|1522|2263|2837|2955|3864|3507|3556|2436|4133|5462|6065|2960|2359
1660|0|309.5064|Unknown|1273|2278|4199|3017|1458|1130|1717|876|826|3010|2550|1682|1481|1738|2387|2111|1558|1794
1661|0|309.9598|Unknown|3799|3763|3281|2794|4460|2195|2629|675|1951|3386|2942|1671|2372|1524|1588|2176|1988|711
1662|0|309.972|Unknown|2824|2272|2776|2740|2723|2050|2330|1257|1306|2555|2328|1710|2448|978|1354|1752|2108|1211
1663|0|310.0097|Unknown|2063|2091|2137|2663|2065|1519|1454|911|1700|1811|1114|1457|2661|979|1491|2422|2124|790
1664|0|310.0596|Unknown|2588|2839|3409|3015|3447|3829|1838|1484|1584|2565|1609|2674|3451|2630|3289|3146|3139|2322
1665|0|310.0703|Unknown|2066|2908|3467|3648|3197|2539|1664|1940|1952|2809|2049|2090|3038|2277|2832|3403|2324|1679
1666|0|310.0985|Unknown|1431|2735|2398|2491|2953|1719|1306|1573|1328|1572|1820|1839|2006|1200|1940|1953|1655|1340
1667|0|310.1146|Unknown|2264|3003|2702|3019|3088|2052|1647|1842|4387|1620|1667|1734|2334|1095|2627|2065|1822|1249
1668|0|310.1507|Unknown|19449|17379|6845|5327|26909|6213|4205|3483|4465|4157|2497|7089|4350|5420|9049|10056|3989|2752
1669|0|310.1627|Unknown|9470|9106|6488|6540|13416|6550|4774|3924|4347|4723|2847|7131|6130|4995|8457|10323|4927|3741
1670|0|310.1769|Unknown|7259|8994|12119|9440|11125|9609|5847|10386|6820|9992|8094|13832|8780|6174|23125|21411|12166|12057
1671|0|310.2079|Unknown|2584|2423|1808|2722|4669|3520|2343|1561|1194|1459|1196|1788|1813|875|2791|3461|1666|1301
1672|0|310.8782|Unknown|1958|3143|1730|2005|3283|1698|1277|1241|1039|1860|1919|2097|471|590|1110|1401|1342|2516
1673|0|310.9167|Unknown|6518|7971|11940|11221|12227|10719|4846|4357|7213|8606|12741|7494|6654|4900|8746|15116|10878|8751
1674|0|310.969|Unknown|1957|4782|2315|2024|3267|1484|1661|3065|2383|2157|2155|4072|1211|740|907|1691|1567|2641
1675|0|311.0058|Unknown|1862|3690|3100|3295|2880|2210|1370|1779|1721|2841|2465|2860|1155|1541|1801|2702|2339|3304
1676|0|311.0392|Unknown|2488|5576|9697|6167|5288|3318|2040|3692|2775|4768|4438|5004|1766|3829|4937|7087|3378|3938
1677|0|311.0762|Unknown|1892|5117|5621|4051|3314|3563|1470|3522|2120|3969|3162|4754|2790|3444|3910|5872|3116|3991
1678|0|311.1106|Unknown|2471|4197|2886|2831|3285|2015|1318|1988|2714|2723|1958|3112|1676|1425|3043|4679|2170|3288
1679|0|311.1309|Unknown|2212|4165|2509|2269|3228|3025|1484|1663|2107|2616|2053|3163|1973|1578|2993|7423|2034|3503
1680|0|311.1479|Unknown|10517|13024|10984|6871|13443|11330|3634|4781|6365|7565|7244|6400|4104|6217|16795|33320|7606|9256
1681|0|311.1684|Unknown|286873|139710|288172|210864|262601|512662|58724|108129|218111|156893|158067|114662|106171|188855|747378|2102702|289288|247153
1682|0|311.202|Unknown|9732|6220|10019|7898|9475|19836|3520|5001|7926|6357|6375|5345|4385|6197|27981|91111|10270|10037
1683|0|311.2184|Unknown|3243|4156|9001|6433|4122|6560|2165|2729|2551|4029|4809|2992|1690|2567|8100|23226|3921|4791
1684|0|311.2466|Unknown|1941|2058|2728|2249|2190|3168|1301|1443|1474|2272|1879|1305|1178|1237|3848|12871|2073|2751
1685|0|311.2583|Unknown|1838|2336|3391|3218|2057|2630|1782|1984|1902|3524|3197|1561|1822|1797|2985|6617|2747|2986
1686|0|311.2739|Unknown|1408|1919|3676|3191|1507|2536|1502|1840|1428|2555|1338|1547|1276|1180|2657|7761|2495|2771
1687|0|311.2957|Unknown|23581|8803|135916|102626|28391|18600|8333|24340|31020|51130|45536|37163|9993|23638|37227|65948|55982|48170
1688|0|311.9166|Unknown|1674|2306|3194|2526|2128|1645|1677|411|1361|1855|1999|1404|1454|968|1906|1094|1471|1927
1689|0|311.9708|Unknown|1364|2119|4221|2907|1591|1411|1550|516|1267|2245|2257|1912|1445|1144|2009|2065|1243|2168
1690|0|312.172|Unknown|55482|29101|56667|39731|48699|99276|11766|21838|42649|29973|34076|23960|22681|35078|141910|368413|55747|47544
1691|0|312.2056|Unknown|1591|1454|1923|1826|1824|2923|1080|1881|1449|1379|1329|1249|1275|1335|4684|11870|2464|2055
1692|0|312.2545|Unknown|958|663|1344|2008|1251|1191|1062|1963|633|951|942|875|752|367|7631|5419|1109|734
1693|0|312.2987|Unknown|4599|2451|30942|24446|7284|4038|2676|6403|8779|14078|11421|7061|2365|5294|8474|16245|12382|11487
1694|0|312.8678|Unknown|2072|2732|10693|6332|3824|2764|2547|1564|2953|2758|4783|4256|2824|2579|3820|5537|5108|3929
1695|0|312.8977|Unknown|1662|1550|2218|1666|1850|1277|1757|445|1202|1907|1845|1264|1573|1500|1447|1639|2442|1523
1696|0|312.9133|Unknown|1894|1430|1995|1493|1413|1765|1588|629|1328|1638|2292|1926|1635|1499|1415|1651|2071|2036
1697|0|312.9655|Unknown|1447|1128|1460|1206|2161|1122|1730|1336|1545|2409|1941|2966|2270|1469|1411|2876|1754|1659
1698|0|312.9735|Unknown|1208|1648|3666|2525|1892|1794|2560|4623|1794|3692|2640|7996|3593|2332|3515|3977|4969|4027
1699|0|313.0431|Unknown|1726|849|2194|1523|1220|1039|1077|718|716|1931|1379|1866|894|1891|2074|2523|1333|1203
1700|0|313.0804|Unknown|1734|2005|6412|3924|1505|3136|1947|2578|1490|4772|3664|3911|2258|1050|1911|2193|4375|2761
1701|0|313.113|Unknown|1549|1531|4205|2559|1298|3244|1164|2258|996|2603|2027|2500|2848|3114|4937|7268|3419|2219
1702|0|313.1282|Unknown|1253|979|2843|1676|1452|1596|940|1106|1021|2305|1565|1469|1474|1219|3114|3356|2060|1546
1703|0|313.1497|Unknown|2271|1658|3843|3455|2956|2929|860|1311|1857|3118|2976|1369|1410|1089|3176|4967|1680|1513
1704|0|313.1655|Unknown|16138|7152|17858|12359|12467|26267|2594|6895|10543|9997|10309|6265|6499|9962|37004|92331|16053|11819
1705|0|313.1848|Unknown|5907|3740|6388|4615|5120|9582|1673|3384|4450|4563|4420|2708|2293|2904|12992|30378|5426|4215
1706|0|313.2386|Unknown|3796|5799|20219|13320|4369|6247|5300|8008|4528|9619|9171|9842|4543|5749|7706|10730|6375|3224
1707|0|313.3018|Unknown|970|556|3324|2543|993|465|785|833|616|1856|1900|1320|506|644|873|2330|1766|1594
1708|0|314.0049|Unknown|1838|1581|1988|906|1741|1111|2827|1321|2044|1732|1665|2619|933|2056|1550|2084|1347|1967
1709|0|314.0964|Unknown|3292|3704|9274|8269|3253|4488|3157|1723|4577|5113|5461|4125|3934|9247|12648|14011|4115|4817
1710|0|314.1098|Unknown|2488|2559|4883|3906|2360|2644|2844|885|3332|2943|2717|3967|2202|5252|7070|6770|1797|2342
1711|0|314.1332|Unknown|4406|4111|6187|5396|4131|2027|3246|1542|5350|5115|6132|4237|1083|3615|4658|5304|1943|2084
1712|0|314.1443|Unknown|4926|5293|14728|10298|5136|4112|4089|5337|5943|7853|8729|8362|3727|11011|12121|17354|3552|2760
1713|0|314.1681|Unknown|4713|2307|6848|5207|4441|6797|3687|2687|5189|4266|3430|3693|2300|3761|9540|20942|4397|3243
1714|0|314.1894|Unknown|1875|1183|1858|1481|1612|1975|2171|682|1964|1752|1039|1590|416|1100|2540|4148|1038|1312
1715|0|314.2415|Unknown|1259|809|3859|3367|1150|1480|2354|1313|1222|2351|1210|2445|1329|1670|3246|1947|1276|1952
1716|0|314.8646|Unknown|7801|6017|21174|12075|7545|7530|6454|5584|6054|7192|10416|9051|8126|7580|10131|14049|7970|8042
1717|0|314.8897|Unknown|8871|9606|8782|4887|9268|5127|6370|3493|5077|6769|8226|4829|5613|4035|4487|6200|4448|5610
1718|0|314.9808|Unknown|2204|2985|1416|1026|3431|2697|2429|1503|1922|1474|1651|2254|3052|1868|1866|1553|2085|2037
1719|0|315.0359|Unknown|5287|5239|2856|2063|4673|2025|2101|1220|1541|3396|2402|2588|1743|2151|2145|2616|1909|1825
1720|0|315.049|Unknown|3346|3346|4748|3087|3101|2149|1824|1645|1752|2774|1876|2579|1736|2466|2933|3781|1599|2121
1721|0|315.0676|Unknown|2646|3329|3489|4455|2226|2983|1893|2640|2642|2924|3283|2914|2429|4314|6552|6333|2464|3366
1722|0|315.0809|Unknown|3353|6162|20989|16785|4690|5777|3593|4740|6790|10956|12512|8008|6481|12110|18686|21324|8366|7627
1723|0|315.0949|Unknown|3179|3853|8808|7109|3354|3937|2808|3207|4084|5425|5355|5285|3592|6872|9034|11419|4404|4420
1724|0|315.1159|Unknown|2152|2821|3577|2201|2821|2849|2080|2400|2774|2430|2044|2883|1892|3388|4620|4949|2729|2664
1725|0|315.1373|Unknown|5499|8112|10443|7249|7141|10219|4907|7377|7148|7276|7939|9513|9654|8282|10040|10079|9437|8329
1726|0|315.1806|Unknown|3377|3850|9755|6887|3992|5302|2846|2797|3175|4032|5097|4902|2726|2834|8246|9021|2812|2506
1727|0|315.2032|Unknown|3896|4547|7564|6207|4626|4130|3780|5771|4411|3981|5253|8001|3240|2815|4991|6396|3409|2741
1728|0|315.2539|Unknown|2143|1762|8353|6717|2635|2879|2534|2497|1937|4009|3721|4263|2237|2390|5653|5041|2867|2731
1729|0|315.8655|Unknown|1475|2180|2963|3619|2411|1647|2419|1461|2153|1592|2513|2231|1462|808|1684|1969|1192|1885
1730|0|315.8715|Unknown|1570|2316|2494|3268|2458|1447|2488|1328|2070|1711|2494|1545|1239|541|1409|1974|1286|1333
1731|0|315.9958|Unknown|2312|2913|3215|3339|1828|1860|2943|1639|1934|1588|3266|2453|1580|1247|2993|3201|1771|2731
1732|0|316.0554|Unknown|1231|2439|5548|3162|1436|2889|1666|1939|2172|1666|2116|2105|2213|4556|5571|5320|2336|3129
1733|0|316.0885|Unknown|2238|3372|13412|8063|3331|4222|3059|4300|4061|6231|6992|6881|3230|4415|6372|9656|4700|4450
1734|0|316.1164|Unknown|2944|4203|10010|5632|3872|20249|8960|12825|4238|4865|4921|18697|5368|8520|10229|11811|6919|6724
1735|0|316.1505|Unknown|2858|3931|6675|4816|3446|5094|4235|6042|3473|5749|5577|7351|3557|3280|4615|4356|4292|4776
1736|0|316.1636|Unknown|1490|2456|4768|3813|2355|3033|3221|3819|2222|4714|4028|4917|2170|2823|3316|2917|2962|4291
1737|0|316.1867|Unknown|969|2280|5072|3035|1735|1665|2875|2766|1446|2458|3239|3318|1201|2054|3459|3051|1621|3372
1738|0|316.2857|Phytosphingosine|1673|514|6681|4978|878|534|1293|1804|1274|2272|2127|2490|1435|2668|2855|3461|2131|3992
1739|0|316.863|Unknown|5735|4366|16140|11555|7759|6234|5559|4338|5199|6617|7474|6806|6674|4412|7754|11020|6140|11317
1740|0|316.885|Unknown|7219|6252|8197|6262|9687|4634|5667|3291|4695|7432|7994|4350|4631|2995|4982|6769|5229|8558
1741|0|316.9225|Unknown|1325|1078|1826|2705|2707|2022|3581|1674|1761|1757|1465|2733|2289|1601|2372|2407|2013|4933
1742|0|316.9497|Unknown|2052|1811|1793|2170|2609|2361|3627|1870|1484|1289|1016|2840|2527|1699|2563|2188|2458|4593
1743|0|316.9942|Unknown|1718|1446|1790|3007|2212|1206|2920|1877|2406|1441|1079|2013|1997|1492|2091|2087|1218|4343
1744|0|317.0189|Unknown|1679|1925|3689|3854|2909|2218|3312|1675|2604|1981|2634|2566|1892|2230|2501|3407|1578|5199
1745|0|317.0393|Unknown|2806|2840|10841|8137|3261|2306|3275|3130|3129|4202|3148|5373|4730|7745|9415|10936|3956|6036
1746|0|317.0779|Unknown|1336|1665|3345|3266|2581|2658|3057|2135|2296|2772|2411|3742|2494|7051|7582|7684|2666|4804
1747|0|317.0981|Unknown|3006|2538|3741|4644|3480|3467|5403|3627|3336|3664|3239|4934|4348|4352|6344|7428|3534|6078
1748|0|317.1242|Unknown|2695|2986|7883|5233|3632|5481|5743|5421|3974|4476|3949|7881|3694|4188|6385|6899|3819|6081
1749|0|317.1444|Unknown|1561|3020|3533|4177|2592|3994|4020|4086|2545|3140|2796|4630|2789|2966|4695|4016|2455|4673
1750|0|317.156|Unknown|1725|2594|4052|3637|2262|3260|3511|3171|2416|3131|2414|4174|2453|2867|3839|3036|2438|4216
1751|0|317.1956|Unknown|1072|861|2288|2739|1531|1750|2076|1472|1360|2048|1272|1756|1760|1508|1846|1846|1479|3428
1752|0|317.2143|317.2143|1903|999|3416|2275|1942|1715|2457|2257|1918|3097|1794|2212|2341|1658|1861|3586|2024|4195
1753|0|317.8665|Unknown|2103|1238|2471|2013|1940|1643|1169|1661|1173|1603|1343|1106|1173|1388|1540|2053|1315|1852
1754|0|318.0048|Unknown|1253|1565|2931|1618|2697|1888|2703|2222|1246|1993|1296|2048|818|1958|1026|1052|1729|1344
1755|0|318.025|Unknown|1526|1794|1735|1871|2031|2048|2186|1563|1444|1712|1155|1408|1237|2340|1431|1668|2329|2412
1756|0|318.0631|Unknown|1164|1505|1585|1881|1686|1836|1800|1438|789|1539|810|1156|693|2364|1798|1983|1834|2082
1757|0|318.1047|Unknown|591|1841|1515|1525|1668|2207|2209|1972|990|1270|987|2286|900|2943|1909|2479|1664|1543
1758|0|318.1295|Unknown|396|2196|2290|2656|1500|3058|2668|2648|1720|1574|923|3319|942|2082|1937|2581|2193|1781
1759|0|318.1463|Unknown|240|1837|3132|2398|1095|2856|2139|2770|1727|2319|1478|3388|1081|2007|1754|2384|1648|1753
1760|0|318.1665|Unknown|1818|2912|4742|3205|1881|3295|3123|4986|2604|2503|1514|5346|1448|2680|2113|2676|2709|2175
1761|0|318.8593|Unknown|3488|3845|8305|5308|6416|4175|2644|3259|2957|3843|4333|5432|4566|3831|4728|8209|4846|4189
1762|0|318.8782|Unknown|15128|14500|21874|17328|22432|16589|13614|8639|12734|15599|23538|15059|19174|12611|16032|28774|18863|17418
1763|0|318.9173|Unknown|2098|2623|2035|1901|3312|3666|1554|1857|1756|1831|2621|2143|2117|2122|1760|2852|2324|2672
1764|0|318.9339|Unknown|1570|1995|2300|1699|2645|2389|1280|1630|1164|1619|2106|1701|1965|2099|1722|1564|1911|1892
1765|0|318.9998|Unknown|2986|2316|661|1084|2119|1850|906|1207|518|887|763|1165|1449|1239|752|687|1339|1168
1766|0|319.0142|Unknown|3660|2931|4293|4379|3667|4321|3033|2739|2866|3129|4668|3394|3249|2573|2548|5035|2944|3825
1767|0|319.0406|Unknown|1463|1680|3050|2066|1726|1978|1209|1728|1159|2195|3033|2346|1626|2317|2577|4221|2972|1634
1768|0|319.0626|Unknown|1222|2033|4499|2569|2948|2138|948|1745|1999|1923|3738|1792|1194|1890|3608|4016|1752|2316
1769|0|319.0804|Unknown|1126|1005|1786|1304|1279|1886|625|1025|1495|1151|1822|1423|967|1314|1869|1510|896|1079
1770|0|319.0954|Unknown|1707|1087|2275|1589|1513|2029|1185|1851|19446|1542|1364|2426|1159|1345|2163|1803|1749|1430
1771|0|319.1941|Unknown|2032|1486|2584|2761|2492|2461|1024|1979|1790|3286|2391|2533|1195|1682|2106|2214|2614|2460
1772|0|319.2309|Unknown|33112|37301|49013|38483|43991|37908|22040|46613|43281|64941|47243|52902|36479|31797|32512|43933|60690|51227
1773|0|319.8779|Unknown|3538|2754|3854|3707|3230|3119|3772|1805|2799|3114|5029|2454|3052|2665|2475|3708|3107|2909
1774|0|319.926|Unknown|3349|4245|6540|4350|4199|1297|1635|1875|2561|2862|2362|3544|2043|3150|3712|3421|3048|2297
1775|0|319.9364|Unknown|2469|2486|5971|4036|2693|1265|1608|1695|2253|3042|2375|3108|2150|3016|3584|3514|3275|2260
1776|0|320.0149|Unknown|1603|2347|2833|1844|1567|1677|1544|1037|2172|1561|2083|2108|1954|2072|1797|2294|2146|1855
1777|0|320.0985|Unknown|935|1455|1683|1432|1102|1297|1191|979|4659|1445|1612|1630|1344|1350|968|1528|709|1310
1778|0|320.1721|Unknown|1882|1149|4455|2930|2731|1506|1508|1874|2534|3189|2366|2744|946|937|1523|1583|1007|748
1779|0|320.2344|Unknown|6869|8560|10325|7752|6299|8532|3358|8817|7950|13265|9364|10980|6662|5926|6133|7042|11309|9581
1780|0|320.8801|Unknown|20965|19272|26752|19711|30328|19201|10014|6911|12590|14105|26156|14991|14916|12458|21397|30435|18981|17403
1781|0|320.9286|Unknown|3098|3402|3129|1995|3150|2140|2152|1896|1981|2525|2232|2053|1945|2477|2260|2439|2431|2797
1782|0|320.974|Unknown|2933|2766|2165|1990|3242|1704|1582|2238|1986|1874|2582|2034|1645|1888|1753|2538|2572|1883
1783|0|321.005|Unknown|35152|34518|93412|62257|45706|40143|31048|32738|40662|46714|65065|48465|31750|36079|44670|63984|47587|48075
1784|0|321.0642|Unknown|3026|5154|2230|1705|3068|1594|1442|2292|1323|2040|1920|1713|1463|1553|2040|2398|1689|2333
1785|0|321.0927|Unknown|1993|2815|1858|1885|1988|1414|2050|2527|6448|2490|1757|2829|2358|3121|3790|3810|1647|2347
1786|0|321.1067|Unknown|2083|2908|2844|2279|1826|2232|2182|3009|4200|2409|2626|3619|2067|3768|5275|6436|2913|2247
1787|0|321.1305|Unknown|1421|2913|2233|2096|1806|2873|1542|2062|1421|2830|2238|2346|1735|2512|2601|2413|1539|1470
1788|0|321.1732|Unknown|1618|2091|2972|2820|2140|2314|1241|2184|2210|4505|4702|3685|2051|2062|3237|2829|2386|2032
1789|0|321.2102|Unknown|8072|6274|14180|8853|10237|14541|5575|8271|6404|12047|10674|11636|5476|7664|18442|15634|11314|9323
1790|0|321.2197|Unknown|4254|3660|7888|5237|5352|7127|2762|4706|3792|7118|6553|6389|3574|4478|7661|8772|6045|4906
1791|0|321.2438|Unknown|3210|3609|14759|10252|3378|3297|2155|5161|3492|10251|9381|6433|3598|4399|3589|4170|6710|5985
1792|0|321.8798|Unknown|4119|3512|5393|3988|4740|4040|2577|1825|2507|2787|4025|3326|3500|2999|3799|6936|3562|3375
1793|0|322.0087|Unknown|5687|5535|12123|9094|5978|5770|4675|5161|7405|6859|9997|7212|4785|5856|6042|10585|7073|7493
1794|0|322.0446|Unknown|1889|1866|2683|1882|2751|1663|2976|4575|1999|1970|1994|7060|1878|2884|2600|2654|2746|2063
1795|0|322.0753|Unknown|2398|1750|1729|858|1836|1694|1461|1214|1009|1485|1640|1671|1361|2794|1981|2153|1452|1576
1796|0|322.0981|Unknown|2030|1778|3311|2481|2311|1850|1385|1151|3472|2135|1758|2085|1242|3055|2644|2904|1469|1699
1797|0|322.1129|Unknown|2299|2629|5441|3410|1873|2778|1508|1581|3146|3002|3777|3525|2365|5746|4018|5417|2675|1931
1798|0|322.2128|Unknown|3801|1488|2836|1575|2481|2502|1333|2018|2150|2816|2366|2367|1852|2577|2610|4281|1646|2590
1799|0|322.2238|Unknown|2425|1318|1548|1021|1703|1558|938|1254|1352|2240|916|1600|1277|1388|1226|2059|1021|1616
1800|0|322.8763|Unknown|12258|9096|14929|10586|15893|9575|6538|3524|9311|7345|13721|8042|8733|6221|10235|16331|9820|8965
1801|0|322.8865|Unknown|8956|6314|11936|7237|11236|6139|4872|3527|6533|6356|9862|6131|7387|4830|7493|13511|6943|7360
1802|0|322.8992|Unknown|7290|4372|9162|6885|7609|5800|4605|2426|5093|5993|9332|6264|7150|4332|6011|9850|6415|8303
1803|0|322.9201|Unknown|3368|1530|1667|1907|2325|2144|2116|1046|2174|2074|2416|2380|2274|1321|1701|2348|2161|2951
1804|0|322.9617|Unknown|3759|1670|2649|2354|3228|1811|2530|1832|3060|2571|3480|3170|2064|1137|1583|2637|2594|2615
1805|0|322.9751|Unknown|2672|1146|1794|1711|2680|1538|1662|1520|2469|2128|2490|2657|1436|1095|1511|2162|1776|2368
1806|0|323.0027|Unknown|22302|20316|63423|44472|27387|26959|19919|20378|27091|30807|42434|31525|18663|21515|29189|43974|29734|33157
1807|0|323.0277|Uridine monophosphate|7388|6268|13521|9818|7039|5898|6730|10148|6573|6556|7379|19063|7709|5138|5987|10520|6737|8977
1808|0|323.0381|Unknown|5776|4503|7823|6097|6291|3877|3858|5525|4156|4252|5226|10388|4460|3523|4555|7036|4396|4925
1809|0|323.0496|Unknown|4248|3497|5295|5284|3339|2535|2493|3065|3591|3708|3736|5711|3013|2689|3131|6087|3089|3317
1810|0|323.0619|Unknown|2788|2175|3065|3135|2252|2266|1535|1895|2635|2336|1839|3465|2504|2222|2307|4556|1731|2878
1811|0|323.081|Unknown|2861|2102|1877|2124|1736|2497|1417|1129|2515|1588|1344|2106|2031|2492|2501|3946|1980|2425
1812|0|323.0985|Unknown|4970|6451|9670|8099|5268|5944|3302|3028|3696|9037|6746|5730|5738|5738|7696|9408|4585|5518
1813|0|323.1519|Unknown|3312|2926|4730|3222|2146|2818|1548|2077|3098|2730|2569|3331|1850|2398|3435|5568|3060|3458
1814|0|323.1688|Unknown|5861|2961|5142|3560|4595|8340|2324|2215|4647|3530|2756|3325|2885|2902|10501|26094|4073|5446
1815|0|323.1882|Unknown|3827|1741|3562|2224|3028|4482|1857|1338|3089|2412|3038|2506|1966|2018|4759|7274|2356|3105
1816|0|323.2217|Unknown|1950|1496|3278|2553|1227|2252|1496|1388|2005|3225|2284|1809|1569|1119|2765|2056|1456|1601
1817|0|323.8763|Unknown|1415|1347|2543|2097|2966|1797|1226|1494|1806|1310|2824|1807|2151|1867|2903|3202|2107|2030
1818|0|324.0055|Unknown|3663|3600|9003|7568|4101|3990|2832|3341|4213|4977|6902|4819|3871|4331|3864|6829|4709|4694
1819|0|324.1023|Unknown|647|1892|2098|1529|833|1424|1074|2330|2040|1992|1642|1846|1243|1965|1648|1888|1355|1514
1820|0|324.1705|Unknown|2547|2676|4314|3120|2431|3991|1990|4048|3056|2701|2367|4917|2022|2439|3969|7068|3141|2904
1821|0|324.1922|Unknown|1522|1490|3557|1864|1943|2498|1789|4190|2242|2630|1799|4683|2105|1111|1652|3346|2498|2855
1822|0|324.873|Unknown|9681|10774|20597|16037|17521|14846|9849|5603|11755|12997|18478|12932|11399|10317|15485|22078|12308|13011
1823|0|324.8825|Unknown|7277|8038|14742|11069|12234|10632|7608|4730|9769|8197|13135|7485|8600|7051|10057|15997|9186|10167
1824|0|324.8939|Unknown|5814|5733|10062|7218|8715|7272|6332|3985|7797|5696|9108|5201|6617|6580|6786|11487|7231|7576
1825|0|324.9993|Unknown|4072|4696|12451|7558|5830|3895|4239|4133|5388|7389|7800|5339|4046|6074|3980|8151|6790|6233
1826|0|325.02|Unknown|1793|3386|5830|3568|2729|1479|2052|2230|2457|2932|3053|1973|1788|3543|1452|2310|2814|2258
1827|0|325.0421|Unknown|2854|4613|17131|12753|3563|3139|4234|5943|5466|7810|7877|8256|5163|9446|12901|14589|6943|6528
1828|0|325.0752|Unknown|1513|2387|2065|1484|1633|569|1178|1245|12408|1946|1326|1883|949|1831|681|430|967|947
1829|0|325.107|Unknown|571|1645|1193|1567|888|1159|1034|1282|2815|1636|1083|1742|746|1783|1965|1357|505|784
1830|0|325.1257|Unknown|6005|6966|6014|4708|6959|3047|2504|2757|3140|3887|3609|4024|4788|8088|7068|9789|3480|3003
1831|0|325.147|Unknown|2436|2876|3500|2728|3432|3592|1441|2117|1913|2876|2518|1956|2344|2931|4884|8939|2486|2296
1832|0|325.1617|Unknown|23267|22998|9759|6945|29882|9570|2775|3913|7525|9353|7406|4859|4526|4315|12617|33786|6367|4770
1833|0|325.184|Unknown|338160|169279|315928|245295|295519|607619|69320|124805|239579|181740|186853|127695|118698|213965|835380|2343784|308691|276091
1834|0|325.2186|Unknown|10286|5281|9999|7817|9214|20212|2504|4442|7579|6380|6251|4191|3334|6481|29086|101201|9549|8196
1835|0|325.2339|Unknown|2596|1589|3666|3425|2152|4680|1222|1598|1867|3525|2992|2000|1585|2174|6706|24527|2016|2196
1836|0|325.2515|Unknown|2440|2026|7751|5958|3764|4172|2273|2013|3116|4750|5273|3638|1734|2672|5472|14027|4498|4307
1837|0|325.2637|Unknown|1338|1069|3399|3222|2229|2707|1227|1350|2091|2447|1952|1479|1141|1815|4261|15446|2243|1776
1838|0|325.2727|Unknown|1081|1766|5090|2739|2212|2291|1499|1712|2003|2469|2427|2126|1031|2206|3484|7839|1944|1870
1839|0|325.2914|Unknown|645|633|1261|1344|957|966|761|802|784|939|788|811|538|909|1902|6957|879|555
1840|0|325.3105|Unknown|1098|784|6084|4040|1248|935|921|1826|1311|3000|1257|915|439|885|3451|3676|1366|1049
1841|0|325.8721|Unknown|2791|2166|4491|3726|3923|2703|1999|1158|1988|2363|3353|1939|2257|2335|3232|4785|2389|3157
1842|0|325.9336|Unknown|4429|3693|6718|4608|4370|1388|1343|1185|2212|4375|3737|1572|2143|3445|3273|3181|2461|1718
1843|0|326.0154|Unknown|1802|2431|2109|1312|1315|1545|982|660|1709|1858|1552|2229|714|2113|1844|1457|1650|1429
1844|0|326.0446|Unknown|1525|1234|2754|1951|730|1549|799|1094|1240|1932|1805|2072|1162|2492|2540|1413|1518|1783
1845|0|326.0948|Unknown|1375|1005|2118|880|398|1273|627|1425|1464|1049|1473|2095|660|1233|1828|1781|1648|1457
1846|0|326.1305|Unknown|2077|2147|2835|2105|2346|1841|586|1301|1310|1754|1463|1624|1364|1977|2729|3628|1458|1236
1847|0|326.1652|Unknown|3221|4275|3240|2124|5539|2762|870|1568|1689|1965|2025|1495|989|1189|4086|8251|2760|2251
1848|0|326.1876|Unknown|64684|34346|65912|51420|64937|121860|15376|27968|46881|37170|37440|26538|21422|46160|169876|464752|71652|56537
1849|0|326.269|Unknown|1356|1091|1477|1120|940|1050|737|679|1286|1104|1456|886|273|1257|4839|4016|1546|913
1850|0|326.8802|Unknown|5514|4758|10072|9818|7932|7773|5317|3627|7986|7055|8992|6314|8442|5635|7390|12050|7165|7282
1851|0|326.979|Unknown|4732|3505|2439|1778|5450|1785|1402|1068|2128|2196|2261|1948|1028|1484|1435|1418|1562|561
1852|0|327|Unknown|1975|2232|3477|2438|1682|1723|1315|2210|1977|2981|1717|3361|1245|3434|3203|2611|1876|1598
1853|0|327.0417|Unknown|1853|2159|1934|2968|1488|1689|1101|1723|2320|2794|2306|1337|1526|1671|2634|1518|2089|1644
1854|0|327.0896|Unknown|1074|1950|1892|2260|2014|1796|1073|1462|2115|2121|1774|1402|1733|1911|3088|1368|1875|1106
1855|0|327.142|Unknown|1158|2523|3603|2719|1920|2407|1748|1809|2963|3708|3731|2682|1796|2660|3835|3935|2423|1163
1856|0|327.1819|Unknown|18600|11335|22898|17873|19799|35106|6276|7890|15657|13667|11566|9379|6444|15055|43140|112099|18434|16458
1857|0|327.2161|Unknown|4313|2998|5531|3980|2729|3818|1894|2155|2651|4618|3272|3268|1836|3294|6757|11926|3102|2085
1858|0|327.2541|Unknown|1594|2459|5371|5015|1737|2069|1601|1407|2024|4537|3387|2551|1302|2706|5390|3819|2152|2215
1859|0|327.2903|Unknown|1192|1442|14212|12935|2498|2004|1477|3438|4134|7360|6614|4638|1126|5542|6482|6247|2863|2209
1860|0|327.8795|Unknown|1361|1522|1700|1424|2357|1246|1241|1235|1682|1455|2650|1394|1332|1170|1371|1629|1282|2563
1861|0|328.0333|Unknown|1701|2695|2435|1775|2723|1200|957|1367|1523|1478|2500|1780|1006|2013|1798|1960|1262|1634
1862|0|328.0582|Unknown|19242|25913|75959|58259|25935|36467|31836|37727|28353|46100|50244|52882|31720|35359|48181|62331|38364|34695
1863|0|328.094|Unknown|1241|1846|4174|3295|2637|1821|2522|1860|1356|2027|2789|2856|2211|2512|3051|3222|2321|2438
1864|0|328.1107|Unknown|4043|5511|3737|2433|4186|1225|1683|1749|1328|2077|2353|2004|1917|3525|5629|4465|1102|2197
1865|0|328.1227|Unknown|2607|3718|2949|2607|2812|1549|1091|1711|1756|2174|2998|2268|1233|3346|4310|4052|1390|1839
1866|0|328.1486|Unknown|1644|2196|3102|1988|1675|2066|1786|2224|1678|1905|2410|3040|1596|2507|3611|2585|1059|2310
1867|0|328.1842|Unknown|4542|3363|6463|5050|3955|6299|2136|3995|3796|4893|5105|4217|3705|4497|8847|24663|3751|5096
1868|0|328.8876|Unknown|2586|1981|2613|2685|2078|2226|1713|1295|2131|2198|3566|2629|2345|1406|2048|2613|3201|2236
1869|0|328.9945|Unknown|1632|1668|1871|1426|1531|1325|1043|1071|6308|1685|1638|1080|933|1171|916|1043|1688|1601
1870|0|329.0293|Unknown|6858|5792|3642|3887|7790|1865|2761|1441|3583|2752|3242|2111|1225|2216|2339|3450|2409|2626
1871|0|329.0437|Unknown|3734|3342|3737|2747|3843|1950|2184|1323|2646|3099|2661|2302|1448|2146|2566|2356|2599|2521
1872|0|329.0613|Unknown|4142|5762|11662|9125|4597|5241|4965|5502|5463|7767|8348|8373|4888|5410|7123|10773|7180|5994
1873|0|329.0956|Unknown|1649|1943|3481|3143|1512|1978|1673|1195|2374|2097|2817|3307|1658|5683|8412|11562|2924|2417
1874|0|329.1224|Unknown|2323|2247|3894|2463|1946|1879|1703|1234|2484|1462|2564|1624|1396|2317|3163|4299|1707|1790
1875|0|329.1586|Unknown|2155|3187|5537|3960|3138|2998|2468|2045|3489|3532|3278|2643|1696|2040|3205|3584|2810|3300
1876|0|329.1969|Unknown|2582|2466|6347|4025|3389|4823|3053|3308|3347|4277|3753|4871|2264|3139|5900|7836|3478|3182
1877|0|329.2328|Unknown|1340|1841|4972|3849|2110|2256|1753|1157|2478|2942|2315|2128|1317|1693|3191|3980|1847|2289
1878|0|329.2695|Unknown|865|1172|8646|9126|1090|940|1423|3145|2141|6706|6579|2526|1628|2674|1060|1564|2909|3314
1879|0|329.9962|Unknown|1083|1684|1943|1862|519|1131|1299|384|2862|1164|1103|256|544|1508|1934|1614|401|14
1880|0|330.0704|Unknown|2294|3619|10528|8692|2368|4973|3200|4148|2683|5409|3619|4688|4850|12775|14097|16553|5404|3776
1881|0|330.1185|Unknown|4470|4519|9201|7550|3634|4109|3733|6534|4018|6653|3712|6821|3641|12478|12988|15427|3708|3310
1882|0|330.1777|Unknown|1857|1544|3856|1785|1118|3319|1448|2458|2474|3415|1873|2911|1521|1585|2911|3342|3208|1930
1883|0|330.2027|Unknown|1719|1942|5205|2546|2570|3142|2615|2679|2188|3977|2755|3838|1111|2230|3632|4096|2112|1557
1884|0|330.8407|Unknown|1486|1428|5518|2186|1538|1227|759|2714|1951|3274|1879|1766|1123|1317|1750|2781|804|1438
1885|0|330.8672|Unknown|4239|4594|4002|2908|4577|2031|1713|3756|2846|4705|2852|3059|2771|1756|2185|3042|2330|1551
1886|0|330.9139|Unknown|2828|1846|4004|2161|2741|3020|1717|2789|3567|4670|2904|1638|2187|1507|2055|4695|2832|1619
1887|0|330.9799|Unknown|4223|2939|8460|5994|4293|3666|1355|3554|3957|5241|5763|4345|2835|1985|3815|8151|4233|4349
1888|0|331.0099|Unknown|4501|4548|4702|3608|5111|2435|896|2928|3320|4603|2696|2501|1518|2248|2070|3877|1967|1357
1889|0|331.0285|Unknown|2786|2415|5241|2640|2933|1675|853|2283|2722|4323|2237|1440|1436|1688|1895|3008|1416|1025
1890|0|331.0551|Unknown|4292|4577|21185|13759|3892|4378|2245|6256|5993|10423|6604|7437|7080|13967|17788|21261|9170|6681
1891|0|331.0947|Unknown|2582|2845|2706|2151|1815|3405|1102|3148|2591|3658|2439|2011|1756|3092|3562|4117|2673|1508
1892|0|331.1213|Unknown|2063|2044|4056|2093|1033|2650|858|3039|2997|3584|2059|2588|1969|2457|3353|4322|2218|1234
1893|0|331.1625|Unknown|3460|3716|8644|4875|3714|5438|4464|6115|3571|5988|5780|7230|3383|3584|4491|4639|2444|1626
1894|0|331.1746|Unknown|3753|4460|6839|5390|3633|5521|4301|6286|4050|6600|4945|6291|2842|3190|5391|5263|3759|1993
1895|0|331.1958|Unknown|2069|1923|3816|2112|1812|2520|1852|2719|2163|3403|2718|2323|1801|1333|2237|2779|1671|1349
1896|0|332.0587|Unknown|7206|9117|15122|9680|7689|12781|5170|13409|7841|7966|9732|19709|8912|18070|19386|24459|13967|13409
1897|0|332.0937|Unknown|1678|1994|2037|2011|713|1401|485|806|776|1023|1911|1351|760|2651|2189|2502|1218|879
1898|0|332.1215|Unknown|1514|2275|3647|2353|1781|2235|836|2230|1524|2028|3026|1349|1150|4277|3366|4073|2121|515
1899|0|332.1456|Unknown|3421|4606|5550|4624|3914|4525|2099|3677|3142|3448|4067|5338|2302|2777|3717|3223|2972|2488
1900|0|332.1604|Unknown|1978|2580|3434|2322|2419|1925|910|2017|1777|2070|3239|2896|1657|1978|1509|2050|2229|1132
1901|0|332.1804|Unknown|1951|2301|3775|2626|1882|1947|937|2643|2277|2483|2666|3478|1253|2762|2520|3568|2160|1779
1902|0|332.8395|Unknown|2113|2583|4470|2947|2354|1174|1145|2406|1413|2500|2156|1790|2519|2047|1543|1940|2962|2318
1903|0|332.8599|Unknown|5040|4530|4697|3215|6091|1864|2578|3060|2346|4742|4221|2396|3987|3026|1793|3472|4092|2926
1904|0|332.907|Unknown|2647|2827|2958|2567|2616|1781|1348|2729|1391|2706|2466|1904|3311|2148|1220|2861|3448|2432
1905|0|332.9532|Unknown|2134|2578|1327|1605|2115|1056|1476|2341|1532|2200|1762|2213|2383|1716|853|1416|1972|1426
1906|0|333.0265|Unknown|2431|2163|3116|2641|2334|1393|1634|2678|2009|2472|2439|3245|1806|2091|2039|3256|3436|2292
1907|0|333.0598|1-(sn-glycero-3-phospho)-1D-myo-inositol|4121|5514|9482|7658|4229|4814|4802|8951|3400|4205|4371|14321|7373|5764|5587|7528|8410|7460
1908|0|333.1066|Unknown|2472|3104|3905|2987|1960|1373|1434|2344|1943|2898|2110|3146|2870|3689|3041|4367|2731|2101
1909|0|333.1358|Unknown|2225|3604|3207|2105|2418|1534|1469|2144|2392|2438|2735|2868|2372|2513|2096|2692|1772|2088
1910|0|333.1755|Unknown|2406|2838|2712|2908|2442|1372|1628|1490|1886|2517|3355|3198|2368|1607|1208|1785|1973|1606
1911|0|333.2056|Unknown|2957|3068|3634|3152|2250|1734|1884|1944|2535|3133|3135|2929|2226|2498|2109|3616|2931|2522
1912|0|333.2457|Unknown|2515|3124|3831|2589|3236|1090|1873|1840|2635|2721|1964|2495|2052|2495|1836|2360|3113|2768
1913|0|334|Unknown|2314|3676|1869|1715|2451|1187|3065|1163|1339|2188|2130|2238|1977|702|1317|1864|2490|2713
1914|0|334.056|Dihydroneopterin phosphate|4134|4082|6081|4399|3476|5372|4039|5756|3243|4014|4673|8309|3738|4992|6660|9573|7057|5429
1915|0|334.1258|Unknown|3592|4964|2947|3156|3851|1956|3636|2351|1347|2379|2872|3553|1682|933|3232|2927|2819|3036
1916|0|334.1368|Unknown|3257|4109|2684|2969|2170|1470|2872|1970|1243|2439|2651|3046|1120|1840|2962|2660|2220|2594
1917|0|334.3117|Unknown|1023|2419|391|1431|1353|1026|1268|1529|872|1165|1031|1851|1777|495|1464|1513|1654|2224
1918|0|334.8518|Unknown|4504|5271|16543|11451|7905|6849|5017|5035|5497|5992|7816|8800|7022|5915|8000|11656|7043|6112
1919|0|334.8771|Unknown|3286|4247|4896|5440|4627|3807|3453|2313|3039|4309|5097|2818|3058|2665|3584|5144|4368|3834
1920|0|334.8975|Unknown|2856|2691|2814|2830|2279|2165|2032|1700|2229|2438|3945|1831|2048|1463|1708|2382|3445|3050
1921|0|335.0376|Unknown|1139|1316|2903|2299|1326|992|1047|1168|1239|1656|1330|1586|906|1688|1873|2733|1078|834
1922|0|335.0589|Unknown|2306|1570|3677|3236|2635|2324|1852|2429|1628|2873|2751|3864|1541|3623|3492|5128|2585|2119
1923|0|335.0758|Unknown|1551|1676|1738|1398|1102|1428|1658|1656|836|1591|1131|2103|1690|2004|1615|2171|1491|1321
1924|0|335.0902|Unknown|1115|922|1041|802|496|784|952|932|2703|1047|534|1698|1008|1716|1752|2351|879|899
1925|0|335.1891|Unknown|1577|1696|2543|2082|2201|1997|1155|1137|866|2456|2005|2547|1115|1455|1774|2467|2195|1462
1926|0|335.2244|Unknown|1385|2409|4113|2932|1244|1540|845|1503|1218|2689|1928|2168|2501|2013|1854|2620|3257|2496
1927|0|335.8509|Unknown|652|1740|2926|2706|1625|950|1957|1399|1200|903|2561|2131|1455|1968|2097|2114|2434|2005
1928|0|336.0789|Unknown|1015|1506|4136|2701|1861|2059|1597|1231|1427|1268|1913|1373|984|2656|2720|4133|2141|2122
1929|0|336.1154|Unknown|1250|1786|2769|1914|2408|621|1430|1300|1625|1880|1938|1112|814|622|893|1049|1751|1460
1930|0|336.168|Unknown|1233|2014|3040|2323|3424|1221|1535|1383|1496|1754|2076|2990|1251|299|1263|955|2253|1929
1931|0|336.3271|Unknown|1863|1287|8017|7020|4198|1992|1280|3640|4501|12951|5610|3326|2513|2608|2962|12060|3492|3565
1932|0|336.8711|Unknown|5718|6967|7404|5894|8045|5623|4596|3625|3857|4385|5388|6014|6041|5739|4807|8298|6150|4864
1933|0|336.8938|Unknown|2785|3415|3023|4250|4053|3772|3002|3031|3138|2080|2842|3310|3872|2604|2426|3865|2761|3000
1934|0|336.9453|Unknown|1770|2200|1340|2411|2349|2601|1408|1998|1844|1173|1101|2587|2155|1979|1170|1209|1513|1556
1935|0|336.9702|Unknown|2442|3219|1859|2596|3681|3347|1791|2371|1730|1700|1079|3445|2934|2096|2243|2435|2959|2037
1936|0|337.0001|Unknown|3336|2930|3273|3971|3921|2541|1776|2019|2594|1223|1015|2762|3117|2522|1479|2482|2201|1785
1937|0|337.059|Unknown|3674|6492|7875|6616|5995|4660|2066|3410|3253|4630|4940|5236|4692|4872|6140|7893|3646|3448
1938|0|337.0793|Unknown|2074|2835|5067|5333|3072|2979|2409|3364|2825|3449|2994|3830|3568|6377|6686|7018|3112|2326
1939|0|337.111|Unknown|1999|2437|2075|2237|1645|1949|1375|2245|2217|1874|1488|1776|1924|2329|2713|2126|1361|1904
1940|0|337.1278|Unknown|2134|2077|3275|2655|1599|2248|1419|2335|2164|2006|836|2254|1878|1794|1942|2727|2169|1703
1941|0|337.1667|Unknown|1629|1810|2854|2662|1984|1988|1293|2886|2021|2725|1318|2085|1849|1790|2008|2431|1780|1942
1942|0|337.1845|Unknown|4366|3651|5222|4828|4094|6099|1650|4525|3399|2810|3047|3748|2447|2682|6105|16653|5116|3732
1943|0|337.2047|Unknown|19114|20534|26212|20500|24009|24684|14435|22729|18868|24340|20542|27506|21146|19020|45521|49171|34341|26560
1944|0|337.2356|Unknown|10626|6515|13491|11389|15296|10054|5080|7330|12570|11243|14905|10565|6200|8680|14678|27499|16777|15625
1945|0|337.311|Unknown|2689|755|5869|4897|2738|1448|783|2641|2565|1725|2930|2806|1031|2194|2065|4130|3128|3445
1946|0|337.3305|Unknown|1552|959|2837|2727|1983|765|628|2106|2275|3100|2040|864|1254|1325|1200|4436|1269|1483
1947|0|338.0376|Unknown|620|580|4885|2710|1186|1060|2230|1680|1573|1260|1431|1614|583|2009|2646|3984|1656|1598
1948|0|338.0722|Unknown|1855|2228|4901|4033|1665|1573|1778|2185|1632|2263|2733|2527|1988|2905|3402|3479|1845|2185
1949|0|338.0846|Unknown|964|1412|4099|3057|1169|1647|2003|1873|1949|1871|1688|2044|1696|3159|3463|3998|1547|1801
1950|0|338.1873|Unknown|1239|1203|2632|2564|1620|2222|1873|2150|1706|1628|1165|2039|1225|2304|2105|5788|1420|1244
1951|0|338.208|Unknown|2890|4221|5396|5305|5072|6216|4564|5010|4140|5275|3926|5942|4315|5913|9449|9569|6234|5407
1952|0|338.2401|Unknown|1630|1797|2869|3836|2776|2559|2322|2211|3849|3913|3035|2502|1142|2519|4061|7679|3424|3176
1953|0|338.8499|Unknown|3741|3915|5643|4339|4536|2379|3212|2147|3570|3167|4178|4590|3320|2730|3213|4096|3439|4354
1954|0|338.8808|Unknown|5615|4667|8152|6978|6472|5083|5402|3182|4966|5560|7964|6623|5801|3780|5410|7922|6392|6356
1955|0|338.9022|Unknown|3203|2360|2347|2982|2885|2650|2921|1751|2105|2354|2772|3018|2103|1739|1548|2727|2713|2526
1956|0|338.9418|Unknown|2525|1868|2435|3280|3289|2196|3044|1692|1420|2272|2410|3596|1732|1707|1679|1986|2020|1988
1957|0|338.9889|Fructose 1,6-bisphosphate|63982|94527|156830|97991|86274|61839|62097|82754|71101|119741|123292|142908|65728|53370|63483|81814|84967|66878
1958|0|339.0562|Unknown|1419|1238|2187|2121|1378|1403|1390|1120|1306|1897|1669|1538|680|2132|2939|3061|892|1155
1959|0|339.0711|Unknown|1611|1924|5253|3387|1738|1713|1212|1700|1816|2119|2321|2719|1763|2624|3738|5065|2563|1952
1960|0|339.0967|Unknown|1078|3213|2625|2342|1971|1735|1720|1713|1492|3087|2462|3105|2726|1202|2262|707|1998|2294
1961|0|339.1443|Unknown|1036|1531|1707|1612|1265|2423|1223|1405|1335|1965|1391|2026|1104|904|1717|3040|1870|1178
1962|0|339.1639|Unknown|1667|2330|2798|2402|2401|3243|1847|2196|1406|2636|2514|2127|941|1339|2622|5348|2631|2038
1963|0|339.1804|Unknown|4034|4554|6966|5431|5406|7847|2406|3096|3946|3901|6226|4221|2231|2619|10051|20702|6067|5818
1964|0|339.2001|Unknown|172509|92579|185112|135472|152105|314610|34744|71471|125288|92577|103146|74227|63436|112025|369942|1144797|163204|146778
1965|0|339.2346|Unknown|6844|4475|6936|5274|6173|11103|2424|3390|5278|4672|4858|4486|2612|4452|12984|45947|6086|5439
1966|0|339.2507|Unknown|1906|1353|3058|2692|1477|2580|888|2583|1756|5252|2349|1695|920|1221|3592|10008|1727|2099
1967|0|339.2902|Unknown|2399|1622|5275|2800|3204|1766|1152|1876|1873|5422|3324|2338|843|1624|2614|3252|3501|2249
1968|0|339.3266|Unknown|5786|1610|41686|28975|4607|1911|2104|4476|7075|12688|11146|6595|2419|5234|12053|11759|9879|8227
1969|0|339.9924|Unknown|6128|7318|13097|8683|8171|5325|5769|7748|6333|10510|9250|12037|5278|4249|5567|6480|7307|7164
1970|0|340.0487|Unknown|1352|1244|2457|1403|1590|1072|1135|1811|701|1477|1653|1216|1256|2111|2024|1704|1969|2697
1971|0|340.1013|Unknown|1753|1553|2785|1454|1894|1964|796|1716|1134|899|1240|1545|775|1028|1919|1677|1048|1550
1972|0|340.1075|Unknown|1782|1470|3950|2107|2244|1604|937|2197|856|561|1423|1911|993|1383|1581|2511|892|1674
1973|0|340.125|Unknown|3754|5390|4548|2802|5048|2854|2432|2858|1797|3160|3162|2766|3491|4928|4490|5366|2661|3312
1974|0|340.1405|Unknown|2883|3262|4780|3605|4108|3903|3186|4788|2124|3514|3774|6077|3913|3667|4647|4607|3299|3793
1975|0|340.2034|Unknown|34965|20845|40470|27450|29078|65421|8280|17734|26848|22738|20748|15955|11260|24242|80875|257245|36311|33015
1976|0|340.3301|Unknown|1547|861|10603|7925|1595|1650|274|2197|1378|3693|3766|2160|806|1967|2435|2684|1871|2327
1977|0|340.8462|Unknown|1810|2053|2749|2838|2659|2399|2032|2066|1790|2453|2713|2348|2461|1714|2197|2682|1951|2889
1978|0|340.8709|Unknown|10976|7697|10163|7058|14455|5926|4518|3581|4903|5701|6939|4964|4369|4496|4992|7720|3785|6221
1979|0|340.8993|Unknown|3776|3176|4414|3868|5008|4358|3206|2832|3891|2843|5796|2345|3316|2332|3080|3807|3139|3583
1980|0|340.9226|Unknown|1717|1991|2428|1917|2847|2823|2064|1512|1805|1930|2547|1373|1336|1475|1879|1872|1421|2305
1981|0|340.9368|Unknown|2651|2509|4196|2796|3531|4045|2610|2406|2049|3396|4115|2701|2409|2246|3573|3206|3299|2817
1982|0|340.9668|Unknown|3169|2150|2771|2525|3122|2331|2384|2357|1974|3100|2492|3064|2047|1487|1525|2106|2003|3097
1983|0|340.9934|Unknown|3416|4385|6095|4519|5910|4603|3683|4107|3526|4874|4671|6181|4096|2897|3406|4406|3576|4771
1984|0|341.0163|Unknown|3403|5441|12280|9328|5146|5752|4857|7119|3793|7555|6580|12159|6637|9590|11280|13633|8679|6897
1985|0|341.0515|Unknown|2232|1770|4695|3194|2927|4624|2289|2852|1954|3140|2523|4123|2717|4389|6097|6545|3406|4196
1986|0|341.1095|Trehalose / Sucrose|229155|243604|1062786|751162|280722|1141179|528302|773924|239536|320854|378722|1140152|1468298|2161377|2798253|3775100|1954638|1707815
1987|0|341.1444|Unknown|8534|9711|38881|26473|11282|44250|20016|29589|9234|11931|15215|41947|57994|90672|127373|187760|77576|68175
1988|0|341.1599|Unknown|3513|4336|12882|9888|5144|13500|5919|8313|3848|6813|7110|12313|14115|26915|37033|54775|19095|17805
1989|0|341.177|Unknown|2547|3149|6574|5350|3749|8137|4052|5430|4022|4414|4456|6061|5767|11053|15808|23755|8058|8883
1990|0|341.1934|Unknown|11392|8800|17433|14731|12323|21746|6582|8698|8197|10539|9131|10111|10485|18762|34599|71257|17642|16048
1991|0|341.2187|Unknown|4665|2569|7398|6494|4468|9461|3196|4588|3914|4986|4227|5193|5349|9369|16876|37520|8511|8146
1992|0|341.2358|Unknown|1855|1708|7225|4211|2280|4229|1584|2368|1583|4813|3996|3076|2754|4558|7135|11040|3916|4317
1993|0|341.2702|Unknown|3750|3251|24326|19590|3788|8545|4009|9669|5874|13007|10976|11570|4252|8544|14131|17259|5322|6232
1994|0|341.3037|Unknown|810|567|2477|2559|1276|2056|1183|2050|1556|2719|1884|1938|1831|2490|4068|5524|1856|2592
1995|0|341.3186|Unknown|662|501|1803|1471|1016|1994|970|1499|868|1572|1376|1459|1809|2484|2685|3952|1933|2235
1996|0|341.3332|Unknown|620|344|2478|2369|764|1966|731|1384|1301|1682|1586|1550|1752|2116|3152|4009|2283|2715
1997|0|341.3482|Unknown|423|222|1682|1342|820|1482|873|1329|749|1087|830|1562|1415|2889|3030|3655|2307|2257
1998|0|341.4546|Unknown|197|230|1187|952|689|1249|283|767|442|1314|363|1177|868|1624|2495|3299|1263|1461
1999|0|341.4899|Unknown|414|379|1176|535|505|1000|668|607|394|1090|680|1261|1091|1777|1668|2766|1153|1094
2000|0|341.9075|Unknown|4246|4032|6783|4519|3985|1625|1425|1441|2356|3484|2570|2298|2016|2459|3641|3279|2831|2436
2001|0|341.9923|Unknown|1720|2218|3230|2798|2534|1789|2217|1909|1869|2808|3136|1744|1701|2489|1561|3691|2432|2141
2002|0|342.0183|Unknown|999|1553|1834|2316|909|1238|664|1492|1058|1756|1197|1627|1265|2597|2167|2989|1776|1620
2003|0|342.1129|Unknown|30539|35936|143669|105756|37493|153636|71688|106712|34848|45245|55468|157200|202601|293684|381996|508552|268695|238959
2004|0|342.1356|Unknown|6772|7624|26379|20653|8702|22433|10257|16212|6867|9410|10961|22767|32799|48554|56983|84326|38782|31546
2005|0|342.1638|Unknown|1449|2063|5119|3877|2004|2352|1843|2814|2370|3367|3226|5527|3243|5090|6066|8051|3620|3416
2006|0|342.1986|Unknown|2442|1580|3882|2126|3125|4220|1284|1766|1809|2634|2354|2143|1334|3067|5334|13418|2313|3103
2007|0|342.2238|Unknown|1165|980|1657|1352|1406|1578|478|380|904|933|1026|921|693|1606|3531|4963|1410|1629
2008|0|342.2716|Unknown|720|1010|5131|3196|1258|1512|1326|1512|1123|2634|2758|2598|817|1942|4912|4072|600|1340
2009|0|342.8698|Unknown|5236|4342|4558|3573|5379|2828|1877|1914|3044|3058|3646|2733|2069|2270|2133|3474|2894|2519
2010|0|342.8951|Unknown|4931|3637|5847|5089|3719|5309|3930|2254|4013|3575|6131|3289|3319|3174|4352|6558|5105|3066
2011|0|342.9334|Unknown|2205|1948|2991|2439|1753|2149|2167|1577|2383|1386|2303|1482|1295|2096|1221|2971|2068|1779
2012|0|342.9606|Unknown|1931|2261|2046|2189|1646|1477|2015|1395|2195|1817|1358|1483|983|1354|937|1751|1396|1441
2013|0|342.9733|Unknown|3801|3282|3117|2074|3060|2466|2027|1996|2317|2371|3018|1559|1415|2140|1776|2328|2133|2036
2014|0|343.0149|Unknown|2263|1809|4085|2118|1957|2360|2636|1581|1969|2052|2057|1952|1681|2441|2364|2586|2404|1684
2015|0|343.0411|Unknown|2893|2570|3265|2672|3014|1885|1739|2106|2195|2010|1898|1940|820|1525|1358|1272|1366|968
2016|0|343.0863|Unknown|1289|1302|2765|1414|580|1706|1928|2489|5610|1364|1245|1848|885|2285|1719|2762|1742|999
2017|0|343.1146|Unknown|7661|9392|35306|24468|8292|38138|17940|26238|10706|13670|11220|35861|44572|65447|89074|120065|60380|52046
2018|0|343.14|Unknown|2421|3578|7562|4889|2684|5702|4398|4951|54554|3565|3540|5000|6512|8545|9493|14906|6839|5196
2019|0|343.1492|Unknown|2025|2622|5320|3800|1672|3422|3260|3768|28750|2225|2313|3554|2808|4896|7146|8439|3688|2520
2020|0|343.1733|Unknown|1603|2284|3326|2822|1171|2087|2298|3322|3650|2688|1907|2559|1834|1634|3320|3303|1663|1505
2021|0|343.2115|Unknown|4269|5561|12272|8076|3628|6005|3915|6395|3982|5948|6743|7535|4019|2945|7563|8944|3191|3866
2022|0|343.2489|Unknown|1590|1547|5859|4481|1372|1495|1721|2926|1489|3755|2559|2275|1085|2103|2157|1883|847|1673
2023|0|343.2849|Unknown|1659|1400|8838|7224|1290|1656|1651|3512|2438|3153|2757|3449|822|1551|2423|1936|1561|1993
2024|0|344.0326|Unknown|16774|24105|78663|52644|21308|29147|26193|44928|19974|38887|31325|70356|36474|44210|54039|65216|38844|31517
2025|0|344.0696|Unknown|1526|1728|3373|1888|1220|1098|1797|3284|1987|2108|2087|3187|1798|1830|3039|3120|1899|1297
2026|0|344.0972|Unknown|2007|1719|3417|2888|1413|1426|1812|2849|2780|2211|1962|2867|1497|2933|3963|3468|1416|899
2027|0|344.1342|Unknown|18167|16653|8421|6793|19218|4851|5491|6011|6850|4606|4338|6165|6139|10156|12358|13531|4118|3401
2028|0|344.1427|Unknown|10842|11186|5511|4408|12796|2920|3993|4016|11981|3524|2917|5237|4187|6053|5901|6843|2901|2212
2029|0|344.1823|Unknown|1236|2334|3239|2657|1805|1802|1948|3964|2090|2365|2362|4524|1441|1463|2130|1699|820|957
2030|0|344.2164|Unknown|1618|1205|4588|2884|1283|1938|1666|3017|2574|2050|2184|2719|1005|992|1290|2782|933|878
2031|0|344.8712|Unknown|2993|2109|4044|2433|3020|2524|2259|1474|2560|2969|3691|2254|2328|1608|2875|3641|3416|3353
2032|0|344.8905|Unknown|3869|3476|5715|6429|4247|5109|3643|2269|5819|5020|6788|3779|5099|3665|4228|7676|5701|5182
2033|0|344.9808|Unknown|2544|1605|3478|2588|2274|1529|1758|1080|1761|2374|3292|3088|996|1471|1237|2078|2111|2650
2034|0|345.0355|Unknown|4475|4529|11356|8368|5459|5066|4659|8513|4399|6386|6799|12171|5600|6967|8592|11308|6773|5771
2035|0|345.0715|Unknown|1535|1452|3399|2626|1850|1830|1976|1296|2101|2457|1880|2375|1609|5982|7100|7610|2139|1497
2036|0|345.0952|Unknown|1653|1602|2110|2409|1650|1934|2128|1532|1887|1604|2034|2106|1302|1717|2460|2855|1877|986
2037|0|345.1386|Unknown|4107|4092|3429|2671|5147|2343|2824|1999|3118|2345|2099|2184|1873|2566|3192|2581|1701|1131
2038|0|345.1532|Unknown|2903|2911|2302|1981|2974|2555|2351|2002|3922|2381|2333|2185|1652|2131|2488|2939|1716|1437
2039|0|345.1777|Unknown|3108|3942|6048|5281|2728|4107|4448|6349|3952|5963|4742|6702|1950|3085|2563|3866|2284|1989
2040|0|345.2141|Unknown|2748|3444|6152|3607|2699|3460|2709|4047|3258|3870|3595|4999|1627|1957|2783|4313|1599|1461
2041|0|345.9931|Unknown|1280|1232|1601|1919|893|1061|1064|931|1422|1405|2165|967|1195|883|974|1485|655|663
2042|0|346.0312|Unknown|3726|3343|10648|8887|4366|4904|4675|8293|4420|6923|5171|11677|4068|6365|7823|10203|6253|5669
2043|0|346.0558|Adenosine monophosphate|14347|36345|75490|55002|16402|24094|77589|132313|25567|35891|31728|186152|56625|16100|21965|27942|45551|38408
2044|0|346.0918|Unknown|2587|2850|3969|4092|1234|1583|4472|5322|2168|2947|2203|6766|2796|1983|2756|3548|2480|2042
2045|0|346.1618|Unknown|4073|3155|5102|4315|3118|4408|3951|4850|3467|4330|4313|6916|2830|2730|3118|3758|1971|1679
2046|0|346.176|Unknown|2929|2379|6008|4948|2334|2999|2990|3485|2228|4244|3224|4426|2006|2278|2683|5014|2515|2876
2047|0|346.8742|Unknown|6623|6643|13092|8905|11959|7851|4687|3609|5451|7889|11726|7011|7470|4678|7981|14388|7147|5996
2048|0|346.8851|Unknown|9291|8621|14345|11850|13124|9575|6801|5887|7693|9029|12994|8908|9456|5499|9689|18723|8532|8201
2049|0|346.9778|Unknown|1473|2545|2562|2091|2841|2094|1413|2286|1580|2967|1987|1622|1119|1803|1963|3394|2322|1389
2050|0|347.0385|Inosine monophosphate|1978|2784|4268|3447|2971|2384|1827|2741|2343|3224|2923|2223|1567|1829|2134|4214|2535|1899
2051|0|347.0589|347.0589|2337|5932|9710|6675|4325|3736|10968|18276|3797|6061|5454|24148|6897|3172|3613|5298|6176|5032
2052|0|347.0983|Unknown|1767|1690|2227|1903|1707|2121|1328|2510|2128|3183|3442|2165|1691|1345|1933|2947|2072|2000
2053|0|347.1343|Unknown|1202|1950|2425|2581|1762|2222|1066|2147|1436|1966|1974|1619|1106|1713|1968|2668|1713|1537
2054|0|347.1677|Unknown|1615|2213|3021|1858|3061|3316|1571|2386|1816|2715|1909|3042|1101|1299|2703|3426|1732|1370
2055|0|347.2211|Unknown|1156|1485|1925|1509|1456|1972|963|1945|1471|3199|2129|2011|1423|1899|2160|2452|1772|1908
2056|0|347.8735|Unknown|2662|1673|3055|2469|2090|2460|2350|2106|1660|2149|2807|2221|1917|1814|1650|2475|1804|4241
2057|0|347.8852|Unknown|2800|1634|2787|2513|2624|2789|2729|1988|1486|2142|3163|2635|1597|2253|1957|2661|1793|3937
2058|0|348.0083|Unknown|2105|1322|1844|1772|1164|1339|1396|1842|1280|1969|1471|2578|1300|1922|1535|1219|1168|2163
2059|0|348.0607|Unknown|1996|2269|2665|1848|1879|1288|3023|3599|1440|2047|2152|6387|1304|1643|1167|1713|1641|2304
2060|0|348.0914|Unknown|3228|3095|3716|2988|2758|1511|1657|2159|2058|2281|2324|3223|1298|2941|2416|3138|1703|2020
2061|0|348.1178|Unknown|1828|1276|2320|1934|1354|2093|1672|2358|1651|1379|1413|3299|1085|2585|3327|4543|1498|1557
2062|0|348.1402|Unknown|1609|1395|2250|1321|1445|1498|1698|2262|1538|2040|1266|3339|867|1751|1715|2126|1599|830
2063|0|348.8363|Unknown|2582|894|1410|1074|1266|759|1574|929|1913|1767|1456|1421|630|879|655|870|1503|682
2064|0|348.8817|Unknown|4744|2882|5040|3810|4071|3854|4596|1844|4149|3194|5007|2903|3925|2679|3177|4810|3482|2996
2065|0|349.04|Unknown|3668|1248|2274|2158|2367|2171|2670|1266|2739|1721|1670|1607|795|1618|1779|2385|1999|863
2066|0|349.0545|Unknown|3310|1379|2569|2511|2324|2374|3065|1754|2747|2128|2583|1614|1449|2005|3079|2718|2414|1505
2067|0|349.1009|Unknown|2790|706|3089|2949|2525|2317|2415|1437|1969|2319|1950|1594|747|2833|3451|5326|1805|1268
2068|0|349.1639|Unknown|2304|848|2491|1774|1934|1845|3192|870|2872|1254|1588|984|736|1303|1635|2210|936|1101
2069|0|349.2048|Unknown|3950|1956|5510|4570|4082|2330|3348|2508|2470|8119|5593|4762|2230|1507|2901|3470|2590|1438
2070|0|349.2429|Unknown|3211|1063|10901|8172|2754|2054|3630|3458|2563|8799|7605|2874|1931|3247|2898|5839|4802|2928
2071|0|349.2758|Unknown|42963|42175|860420|670247|46999|31808|30650|188673|71916|466855|503381|208482|62707|127758|45269|65529|225160|204361
2072|0|349.3113|Unknown|2714|1827|26925|22070|2392|1760|2566|6245|2894|14540|17545|6290|2262|4350|1759|2893|7181|6361
2073|0|350.0407|Unknown|2724|2721|7832|7086|2810|3662|3725|4131|3899|5271|5869|5121|3866|2871|4571|5907|3291|3368
2074|0|350.1027|Unknown|2121|2902|5432|4164|2889|4549|2815|2376|3229|1537|3226|2944|3062|3612|3599|4492|3140|3408
2075|0|350.2793|Unknown|7316|9362|173000|138321|11379|7106|5846|38775|14941|94120|109671|44628|14355|28632|10587|11807|46747|43824
2076|0|350.3033|Unknown|3134|3182|19402|16518|3801|2787|2465|9451|3659|12802|10853|11770|3465|4940|4688|4350|7078|6974
2077|0|350.8257|Unknown|1954|876|5850|3107|1927|1169|2176|1197|1862|1837|2357|2880|1420|2048|2702|2546|2017|2136
2078|0|350.852|Unknown|2054|1413|3151|1746|2071|1667|1925|726|2364|2048|2049|2408|1612|1641|2288|2353|1555|1570
2079|0|350.9609|Unknown|1708|944|927|734|1196|1405|1313|939|1675|550|1479|1141|946|1321|791|1322|631|789
2080|0|351.0179|Unknown|1816|1974|2528|2034|2304|2128|1976|1512|2963|2387|1578|2456|1370|1655|1713|2375|1065|1374
2081|0|351.0348|Unknown|2291|2382|4800|3288|1909|2741|2151|2068|3260|2386|3003|3434|1996|2622|2347|4024|2388|1451
2082|0|351.0784|Unknown|1631|1688|1731|2096|979|1629|1467|1247|2410|1242|1629|2195|1540|2833|3196|3127|1405|1030
2083|0|351.1432|Unknown|1682|1663|1791|1510|1760|2281|2242|1279|2734|958|1855|2367|1581|740|1883|2519|1359|950
2084|0|351.1832|Unknown|2658|2642|2815|2463|3433|2952|2712|1920|2925|1361|2776|3059|2398|1363|4723|4308|1902|2284
2085|0|351.2201|Unknown|3059|2122|5047|4294|4915|4374|3198|3316|6191|3657|5247|3683|3321|2801|4564|9441|5103|5167
2086|0|351.2527|Unknown|1522|1899|2909|2212|2059|845|1860|1398|3028|1461|2908|2138|1065|1139|1626|2027|1704|1032
2087|0|351.282|Unknown|1879|1973|23418|19794|3017|1973|1836|5462|4923|13488|14925|7780|2210|3953|2523|3193|7624|7314
2088|0|352.0525|Unknown|1832|2438|5515|4087|1707|2048|1016|1764|3866|1924|2499|2030|3486|4725|6360|7721|1998|3129
2089|0|352.0892|Unknown|1740|2943|3295|2614|1905|1436|645|1051|3034|1758|2492|745|1934|1113|1539|2527|978|1578
2090|0|352.2225|Unknown|1925|1317|1611|1525|1703|1647|438|2064|3103|1538|1598|1858|2086|1784|1479|2619|1170|1447
2091|0|352.3225|Unknown|2651|3924|48|817|2966|3115|1999|5976|4445|893|671|5650|3235|2112|3354|5159|2734|3126
2092|0|352.8242|Unknown|1505|2160|5104|2979|3362|1426|1771|2643|2528|1663|1897|2523|1099|1595|1712|1966|2263|1628
2093|0|352.838|Unknown|3739|3954|3986|1992|5057|1128|1864|2543|2672|1363|1762|2370|1462|1311|1310|1754|1937|1883
2094|0|352.9054|Unknown|1311|2117|2814|2623|3383|2444|2484|2413|3006|1513|3559|2040|1710|1434|1584|2406|2817|3093
2095|0|352.9445|Unknown|1306|2481|1757|1015|2050|1325|1977|2673|2493|1352|1261|2357|1577|1413|1105|1454|2517|1990
2096|0|352.9989|Unknown|1528|1557|3749|2121|1488|2201|1936|2191|2573|1645|2162|2210|1230|1466|3771|3193|1518|1782
2097|0|353.0351|Unknown|7620|8535|21198|14744|10195|7297|8202|7251|8655|10807|10844|10487|11808|10296|15914|20087|20782|15071
2098|0|353.0852|Unknown|1301|2731|1870|1683|2004|2060|1100|2369|2281|2298|2161|2051|1257|2510|2738|3107|1888|2302
2099|0|353.1677|Unknown|7701|8229|4736|3518|11836|2748|2061|2815|4136|2718|3363|3088|2147|3239|5654|6882|2889|2575
2100|0|353.2109|Unknown|23441|20759|33299|25147|28273|27590|12287|21028|23674|27694|18919|29984|21021|24362|62179|86089|37911|32355
2101|0|353.2694|Unknown|1107|1576|4309|2659|1116|1311|698|804|1932|2495|2115|1612|867|726|1666|1144|1207|1853
2102|0|353.306|Unknown|3870|4731|2815|2695|3771|3730|1843|3542|3293|3181|2530|4516|3994|2307|3466|2586|5268|4296
2103|0|353.3426|Unknown|1565|949|9640|7528|1632|889|782|1828|2215|3074|2129|2044|969|1461|4988|3086|2304|2972
2104|0|354.0111|Unknown|1236|1318|2981|2425|1770|1091|1399|1654|2589|1760|1385|2250|1657|2061|2936|3602|1818|2857
2105|0|354.0631|Unknown|2705|1814|3287|2850|2407|2566|2662|2487|2312|2232|2135|3196|1675|2152|2559|3349|1882|2708
2106|0|354.074|Unknown|2007|1003|2291|2342|1988|2197|2401|2600|2113|1960|1675|2439|1231|1935|2500|2509|1532|2210
2107|0|354.1778|Unknown|2400|3184|3506|2861|2967|2691|3047|3354|3538|4124|3183|4285|2836|3748|4140|3682|2366|2545
2108|0|354.2152|Unknown|5075|4864|6707|4596|6089|7529|3334|4717|6568|6453|3845|6071|4659|7389|12724|16551|8137|7896
2109|0|354.8233|Unknown|1907|2585|3085|1901|2383|1788|1966|1253|1980|2015|896|1319|1586|1561|1039|1711|1800|2366
2110|0|354.8627|Unknown|3389|4033|6071|4975|3679|3389|3797|2450|3777|4559|4085|4058|3314|3038|4245|5457|4315|4007
2111|0|354.9965|Unknown|1333|2035|3808|2848|1771|2100|1303|976|1886|2633|1675|2074|1791|2583|5341|3216|2239|1926
2112|0|355.0325|Unknown|1689|2096|4241|2504|3208|2305|2034|1345|1828|2062|2207|2062|1831|3082|3618|4677|3225|2588
2113|0|355.0886|Unknown|1343|2462|2023|2147|914|1945|1632|2126|1758|1625|1226|2561|1112|2007|2143|3082|1550|1465
2114|0|355.122|Unknown|996|1558|509|992|742|972|361|667|625|509|351|692|527|729|956|1269|855|1499
2115|0|355.1761|Unknown|1971|2683|2514|1698|2435|1449|1767|1902|1443|2588|2900|2231|1677|1333|2948|2891|1263|2115
2116|0|355.2106|Unknown|4822|4506|7489|4958|5868|6031|3173|5287|5428|6707|6750|6868|4417|6238|8533|14039|6623|6699
2117|0|355.2854|Unknown|1481|2117|6959|4264|2508|1434|1802|1178|2068|4603|3482|2469|1040|1457|8487|5155|2881|1990
2118|0|355.3215|Unknown|1205|720|9478|7137|1409|687|1252|1861|1782|4405|10412|2430|705|1144|4619|2425|2081|1370
2119|0|355.9447|Unknown|912|509|3365|2760|1788|325|1585|1901|2373|1349|2263|2951|1406|1476|1987|2442|2126|739
2120|0|356.0493|Unknown|3731|2257|9917|6768|4183|3575|2894|4631|5867|5787|5767|6435|2353|5487|7720|7754|5612|2933
2121|0|356.0743|Unknown|2683|880|4606|3449|2708|2541|1776|2700|3358|2297|2573|3961|1498|1686|4430|3668|3835|858
2122|0|356.103|Unknown|31306|31396|137629|93777|41413|64111|28233|75719|61110|88216|83406|126613|40881|82621|112359|149711|74399|65434
2123|0|356.1554|Unknown|3934|2293|4505|3701|3989|2730|1909|3754|2480|2584|2136|4333|2037|3065|5718|6337|3610|1736
2124|0|356.2132|Unknown|2789|1189|3007|2294|3622|2016|1561|2490|2538|1321|1761|2682|1368|1257|2799|4136|3367|1401
2125|0|356.2869|Unknown|2123|782|3098|2087|1907|236|1245|1452|1796|1540|682|1762|1212|896|3583|2486|1974|1033
2126|0|356.8456|Unknown|3682|2866|7956|3800|4532|2115|3090|2556|4976|3397|4319|4733|3038|1929|2233|5437|4521|3136
2127|0|356.862|Unknown|5934|6193|10051|7056|8305|5253|5615|4570|9355|5045|7891|5835|6382|4017|5177|9902|8452|7599
2128|0|356.8752|Unknown|3525|2845|6362|4754|5031|3158|4037|3027|6481|3270|3695|3949|4067|1931|2330|5362|5587|4869
2129|0|356.9156|Unknown|2394|1856|2166|1787|3232|823|2049|2250|4279|1626|1626|2194|1655|750|1009|2364|2705|2260
2130|0|356.94|Unknown|3249|1719|2556|2112|4144|1204|2437|2696|4456|2228|1628|2414|1629|758|802|1638|2478|2212
2131|0|356.9667|Unknown|2830|2269|2093|1808|2807|1451|2699|2086|4223|1385|1583|2198|1907|1023|937|1883|3185|2243
2132|0|356.9977|Unknown|6206|7822|7962|6156|8606|4034|6784|8477|7692|6401|5344|14894|4800|3421|4471|5880|6114|4626
2133|0|357.0291|Unknown|4147|6340|3077|2716|5544|1214|2237|1737|4517|1310|1567|2949|1576|973|1791|2755|2460|1616
2134|0|357.0504|Unknown|2778|2338|4134|2821|2525|1297|2059|2093|4779|2066|2422|3647|1490|1723|2617|3385|2451|1765
2135|0|357.0662|Unknown|2480|1488|2645|2843|1905|1031|1957|2221|4635|2142|1635|2671|1999|1507|1887|3301|2779|1717
2136|0|357.1059|Unknown|6633|8363|26112|18384|8223|12277|6713|14809|13548|12721|15264|18861|9184|15571|19497|27345|14325|13308
2137|0|357.1268|Unknown|3054|3393|7455|5644|3282|3844|1898|4495|6333|4132|4352|5351|3412|6192|7931|10204|4895|3911
2138|0|357.1651|Unknown|3141|2739|3948|3049|2095|1481|1796|2512|4994|2359|2091|2467|2135|1269|1995|3142|2594|2132
2139|0|357.1908|Unknown|2515|2745|3543|3370|2388|2140|2440|2279|4477|2470|2582|3215|1953|1213|2667|3575|2265|2304
2140|0|357.2133|Unknown|2384|1988|4527|2929|1981|1893|3001|2849|3966|2247|1932|2933|1612|1174|2332|2517|2332|1735
2141|0|357.228|Unknown|3328|2263|6281|3886|2907|3094|3268|2776|4755|3944|3490|3309|2183|1168|3996|5228|3536|3364
2142|0|357.2502|Unknown|2364|2012|3449|3353|1989|2051|2530|2732|4001|2738|1982|3099|1295|1273|2397|3016|2396|1722
2143|0|357.2834|Unknown|1704|1127|1961|1572|1346|949|1175|1472|3503|1861|1097|1412|868|435|1536|1758|1467|921
2144|0|357.3012|Unknown|1348|1222|7679|7303|1608|623|1115|2748|4079|4733|4121|1464|1010|904|1149|1345|2058|2421
2145|0|357.8616|Unknown|1640|2536|1851|3220|1578|1705|1644|2622|2679|2343|2764|1476|2002|1315|2301|2744|1652|2253
2146|0|357.8812|Unknown|2820|3138|3167|3129|2770|1417|1908|3046|1789|2690|2082|1838|1849|1291|2700|3165|1632|2741
2147|0|357.9322|Unknown|13128|11295|18408|15747|12657|11943|12474|13707|14863|14698|15583|11839|12981|11809|13996|17501|11868|13399
2148|0|357.957|Unknown|3824|3868|3872|3977|5447|3016|3298|3563|2711|4515|4487|2899|2736|1471|2522|2991|2878|3179
2149|0|358.0454|Unknown|1917|2482|2813|3029|1800|1831|2246|2041|2072|2220|3261|2358|2148|2299|2243|3243|1725|2046
2150|0|358.1105|Unknown|4323|5711|12106|11003|4751|6022|3395|6850|4283|8420|5512|9205|4528|8108|10707|13593|5336|5400
2151|0|358.1769|Unknown|1779|1661|3203|2649|2024|3243|2696|2972|1414|2747|2877|4098|1845|1329|1568|2307|2273|1707
2152|0|358.1975|Unknown|2155|2078|4034|3003|1546|2285|2864|2763|2272|3054|3087|4012|1425|1594|1949|2564|1485|1076
2153|0|358.2078|Unknown|2685|2827|4020|3697|1857|3105|2701|2090|2297|3124|2680|4106|2028|1871|2353|2605|1389|1314
2154|0|358.2206|Unknown|2349|1808|2421|2770|1981|2879|2099|2421|2150|2119|2401|2682|1770|1583|1793|2781|1372|1433
2155|0|358.8579|Unknown|6935|5302|6574|4451|8357|6502|3626|3885|6457|4788|8127|4325|5490|3481|5651|8350|6353|5157
2156|0|358.9364|Unknown|3405|2697|1927|1647|2662|1877|2292|2200|2199|1649|2809|2447|1805|2090|1351|2479|3153|2713
2157|0|358.9611|Unknown|2796|2156|1694|1123|1843|919|1758|1600|1716|1001|2447|1882|1757|1351|1440|1725|1667|1483
2158|0|358.9788|Unknown|3964|3376|2591|1942|3217|2086|2484|2230|2383|1817|3699|2757|2517|2581|2286|3638|2439|2760
2159|0|359.0446|Unknown|3230|2587|3732|3759|2140|2154|1193|1782|3610|2986|4852|2357|1755|2975|3398|5416|2007|2378
2160|0|359.0771|Unknown|2938|2922|3387|2610|1823|2608|1394|2351|3170|2040|3413|2773|1758|2474|4028|4484|2057|1627
2161|0|359.1197|Unknown|9508|6028|2584|2583|11538|1905|1235|1710|2760|1955|3024|2081|2112|2279|2626|4295|1959|1737
2162|0|359.1576|Unknown|3748|4015|5537|4375|3902|4692|3270|4847|3548|3450|4186|5383|3147|3642|3420|4074|2918|2323
2163|0|359.1685|Unknown|3395|4173|4693|4642|2710|3369|2712|3066|3663|2823|3812|4241|2262|2643|3841|4243|2369|2872
2164|0|359.1842|Unknown|5633|6115|6106|4780|5421|7874|3874|3875|5717|5269|5513|5509|3435|3047|4292|5636|5222|4242
2165|0|359.2034|Unknown|2814|4213|5059|3906|2026|3756|2838|3071|4062|4274|3833|4232|1718|2126|2657|4547|2120|3138
2166|0|359.2287|Unknown|2849|2388|3779|3570|1432|2584|2813|4125|2610|3020|3186|4175|2276|1582|2299|3029|1891|1868
2167|0|359.8586|Unknown|1258|1692|2058|1721|1313|1523|2599|299|1670|1473|2445|1045|1555|769|1156|2191|1239|2433
2168|0|360.0456|Unknown|644|2000|2126|2076|1558|1755|1449|923|1966|1637|951|2545|1074|2190|2490|2016|993|1503
2169|0|360.0964|Unknown|1118|1869|3140|2522|1805|1219|1039|2101|1770|1826|1263|3132|1099|2128|4403|4695|1069|1941
2170|0|360.1089|Unknown|1033|1752|2500|2211|1872|1413|935|1321|1301|1693|1380|2314|1404|1840|3205|3005|1060|1939
2171|0|360.1298|Unknown|9463|9553|3369|3199|10613|3783|1801|1890|3014|3061|1581|2983|2781|6350|7666|7049|1709|2850
2172|0|360.1594|Unknown|1658|2750|2746|2346|1830|2305|1732|1819|2011|1902|1456|3063|1539|1283|2928|2349|840|2329
2173|0|360.1874|Unknown|1529|3631|4627|3588|2273|2567|3081|3012|2916|2638|2487|5067|1718|2607|2473|2678|1889|3192
2174|0|360.239|Unknown|1828|2196|2289|2496|765|4359|1477|942|1467|995|887|1644|976|861|1611|1382|1065|1717
2175|0|360.8644|Unknown|5722|5217|8058|6057|6509|6071|5404|3898|6229|4615|7912|5375|5434|3915|6087|6466|5664|5809
2176|0|360.9312|Unknown|3415|4479|3959|2256|3427|2659|3415|2225|3481|3409|3799|2727|2230|1877|2897|3178|2751|3222
2177|0|360.9713|Unknown|20958|30156|54604|37444|26740|20115|25098|25575|24546|49620|46692|38456|21864|17243|17734|22812|26265|21198
2178|0|361.0008|Unknown|3848|5146|6515|4741|3810|1980|3002|2556|4354|4679|5145|3778|2956|2768|4034|4259|3301|3994
2179|0|361.0521|Unknown|1709|3029|4944|3410|2215|1514|2071|2178|3015|2524|3007|2634|2239|2688|4299|3708|2154|2715
2180|0|361.0718|Unknown|1555|2669|3314|2059|1429|1478|2282|1903|1974|2166|2862|2144|2888|2305|3179|2901|2045|2969
2181|0|361.115|Unknown|22829|26076|127607|92342|32548|109862|61158|82851|31984|38040|51971|126853|139978|222122|321028|429782|200960|185172
2182|0|361.1515|Unknown|3526|3848|6671|5446|3178|5237|3935|4691|3341|3332|4707|5656|6090|8683|13437|16248|7752|7479
2183|0|361.169|Unknown|2193|2793|4166|3108|2272|3149|2726|2850|2718|2723|2739|3811|2794|3641|5124|5024|2794|3105
2184|0|361.1829|Unknown|1954|2968|4552|3484|2671|3141|2165|2953|2429|2533|2280|2597|2475|2467|3953|3186|2593|3202
2185|0|361.1991|Unknown|1477|1987|3451|2055|1727|2004|1525|2015|2155|2388|1955|1936|1939|2185|2646|2812|1944|2500
2186|0|361.232|Unknown|1642|1962|3771|2976|1668|1567|2023|2838|2248|1974|2500|2164|1831|2975|3192|3685|2955|2648
2187|0|361.2412|Unknown|4074|2130|2276|2221|3228|3644|3141|3643|3442|2026|1915|2997|3093|3710|3950|3405|5791|4780
2188|0|361.2592|Unknown|2647|3548|5638|4692|2470|3313|2438|4210|2877|4548|3977|4392|3847|4584|2675|2325|4819|4810
2189|0|361.9749|Unknown|1763|3481|5607|4148|2372|2303|2803|2509|2224|4730|4967|4603|1666|1351|1738|2795|2172|2742
2190|0|362.0509|Guanosine monophosphate|2366|2717|5791|5086|2843|2102|3937|5225|3036|4120|3459|9806|3179|2050|2844|3580|3968|3473
2191|0|362.119|Unknown|5631|5574|20256|15429|4299|17579|10099|11471|5255|7702|8802|20518|22610|34388|45984|66308|31132|28205
2192|0|362.844|Unknown|3136|4681|5618|3335|4252|2152|2412|2478|1987|3222|3485|3350|2011|1673|2539|2758|3011|2309
2193|0|362.8606|Unknown|4660|5598|6524|4084|6340|4473|4031|3744|4941|5246|6278|4574|5932|2827|4471|7262|4528|5063
2194|0|362.8916|Unknown|2250|3275|2633|1945|3113|1607|2749|2295|1707|2400|2793|2039|2091|1180|1877|2353|2442|2499
2195|0|362.9278|Unknown|2961|3943|2981|1983|2340|2309|2632|2039|2169|3469|3563|2331|2250|1656|1375|2933|2088|2190
2196|0|362.9768|Unknown|2341|3782|3462|2188|2708|1881|2256|2102|2385|3123|3264|3008|2642|1129|1332|2048|2128|1474
2197|0|363.0061|Unknown|2220|3451|2769|2024|2264|1212|1730|2104|1482|2280|2693|2199|1676|1519|1364|1999|1250|1172
2198|0|363.0912|Unknown|8115|9316|44159|35176|9620|32792|21492|27291|13390|16452|19021|30892|41117|53810|72890|107212|55786|51906
2199|0|363.1165|Unknown|3651|4154|9692|7291|2973|7650|6113|6149|2908|4805|4902|8132|9008|12073|16912|23686|11195|10693
2200|0|363.1408|Unknown|2241|3472|3832|2151|2466|3477|2474|3125|1788|2715|2814|3535|3420|3306|4661|6240|4038|3455
2201|0|363.2207|Unknown|2773|5180|5239|4978|3552|4210|2789|3406|2680|6854|7616|2857|3475|2347|1727|2649|3583|3372
2202|0|363.9793|Unknown|2109|2525|2515|2295|1992|1918|1984|1774|1727|2566|3725|1798|2051|1734|2059|2991|2661|2208
2203|0|364.0656|Unknown|4097|3826|3923|2931|4791|1158|1833|1466|2093|3013|2572|2677|2153|2331|1950|4297|2783|1812
2204|0|364.0939|Unknown|2707|2514|6919|5732|2359|6198|3536|4525|1977|4069|4208|6475|5362|11159|11845|17700|8736|8990
2205|0|364.1203|Unknown|2584|2436|6037|5181|2531|3312|2606|1725|1546|4762|4393|2564|2689|5228|4953|8899|3464|3032
2206|0|364.286|Unknown|3744|301|394|262|4624|1906|1601|3850|658|1260|687|3823|1037|487|3713|5783|1068|977
2207|0|364.8572|Unknown|4284|2811|5157|4133|4401|3976|3215|1624|3033|5071|3766|2423|3520|1737|2902|4191|5143|3525
2208|0|364.8883|Unknown|3684|3153|4143|3991|4366|3371|3862|1925|3271|4282|4799|2960|3425|2057|3398|4341|5434|3262
2209|0|364.9449|Unknown|3318|2413|2300|1651|4998|1886|2278|1201|2608|2893|1688|1671|1958|1403|1144|2137|2788|1673
2210|0|365.0225|Unknown|2214|1991|3147|2282|3142|1412|1949|1016|2117|2894|1850|1528|1777|1164|1503|1540|2030|1315
2211|0|365.0531|365.0531|2234|2369|4486|3033|2975|3248|3324|3448|2306|2603|2375|4487|3438|2466|3998|4459|4053|2406
2212|0|365.0954|Unknown|1419|2669|2589|2092|2157|2164|2238|1731|2189|2202|1858|2766|2784|4315|4315|4746|4115|2805
2213|0|365.1221|Unknown|1711|2282|2174|1617|2071|1613|1902|1303|5090|1560|2105|1904|1681|1685|2516|2233|2523|1340
2214|0|365.1346|Unknown|1708|2182|2198|2063|2011|1559|2151|1049|3102|1589|2033|1867|2174|1073|2535|2686|2116|1410
2215|0|365.162|Unknown|1565|2614|2245|1942|1720|1814|2282|1489|2112|2137|2402|2172|1810|1016|3420|3025|2016|1563
2216|0|365.1965|Unknown|1291|1836|2821|1707|2385|1352|2099|1840|1477|2065|2378|2445|1450|642|2323|2447|1419|1267
2217|0|365.2461|Unknown|4759|5454|11373|7634|6062|4917|3901|7485|5162|9585|9857|9967|7274|7306|6556|5777|11902|12856
2218|0|365.2667|Unknown|12590|8756|19716|15524|15947|12752|5617|8130|16555|15283|16683|13629|8228|9979|15024|29894|18546|20595
2219|0|365.7373|Unknown|41|490|3870|4770|827|295|1|468|516|1138|2223|978|692|909|1460|1751|454|343
2220|0|366.0148|Unknown|2995|3581|12210|9859|3222|3874|4585|6030|4439|7087|6163|9014|4371|6121|7079|7174|6681|4856
2221|0|366.1157|Unknown|2031|3058|1557|1275|1043|1389|1105|958|2150|980|1633|1253|1155|1260|1246|1558|1669|1289
2222|0|366.128|Unknown|1776|2397|1817|2121|1321|1879|1507|1527|2716|1728|1909|1629|1047|1741|1247|1902|1551|1751
2223|0|366.2385|Unknown|888|1214|2877|2212|1748|928|1353|1320|2062|1534|2145|1490|1028|1924|2045|2597|1328|1575
2224|0|366.2491|Unknown|1444|1488|2823|1821|1790|1249|1258|2335|1835|2275|2649|2645|1805|1837|2099|1463|2574|3809
2225|0|366.2701|Unknown|2602|2122|4419|3947|4407|2933|1773|1890|3795|2398|4513|3385|1065|3612|4637|7816|5088|4832
2226|0|366.3013|Unknown|3871|644|366|485|4320|784|2948|4425|1498|307|853|5649|625|1375|4318|5645|1027|1448
2227|0|366.8536|Unknown|2218|2303|2405|2218|2732|2160|1722|1351|2415|1434|2237|2464|2049|2692|1699|3184|1968|3174
2228|0|366.8834|Unknown|2440|2837|1702|2160|3396|2946|1706|1877|3004|1816|3135|2833|2398|2019|2042|3099|2154|2922
2229|0|366.9803|Unknown|1901|2583|2096|2225|2238|1998|1881|1521|2095|2008|1112|2958|1888|2264|1703|2395|1485|1672
2230|0|367.0185|367.0185|3420|4930|7672|6494|5126|3126|2995|3497|4568|5064|5142|4790|4308|2828|3786|4752|5161|5139
2231|0|367.0517|Unknown|1210|1986|2770|1861|2301|1690|1508|1846|1929|1927|2016|2721|2184|4646|4799|5756|1947|1983
2232|0|367.0833|Unknown|972|1822|810|1474|1511|1277|1047|797|5851|1582|684|1427|1903|1861|2100|1587|926|1321
2233|0|367.1053|Unknown|3193|7626|1225|947|3511|2020|1149|1286|2241|2280|942|2472|2637|3542|2695|2963|1922|2144
2234|0|367.1754|Unknown|2619|2573|3643|2880|4415|4076|2373|2862|2214|3252|3383|3483|2752|2767|5185|5287|2541|2817
2235|0|367.1895|Unknown|2194|2302|2250|2135|2899|2927|1853|2640|1264|2133|1783|2727|2283|2355|2851|3926|2162|2318
2236|0|367.2139|Unknown|1700|2509|4883|2461|2686|2922|2066|3079|1869|4905|2939|3179|3005|2871|3140|3890|3215|2646
2237|0|367.2311|Unknown|3422|2323|5788|3938|3987|7146|1871|3265|2282|4892|3822|3014|2429|3177|8872|20177|4480|4581
2238|0|367.2444|Unknown|2609|2535|6646|4945|3401|3574|1902|4034|1970|5835|5706|4928|3723|4054|4962|9173|6809|6364
2239|0|367.2851|Unknown|1820|1685|4370|2938|2248|1956|2101|2777|1270|9326|2165|2086|2140|2607|2138|2950|2573|2788
2240|0|367.3578|Unknown|3934|1027|45831|36703|3724|1021|2546|4984|3581|8692|9148|5951|2117|2739|14425|8473|3856|4518
2241|0|368.0029|Unknown|1205|1727|1608|1926|1481|1778|1210|1978|980|894|1649|1657|1373|1579|1028|1195|1791|1445
2242|0|368.0262|Unknown|995|1476|4191|4354|1684|2237|1615|2763|1531|2094|2105|2658|2769|3680|5452|5168|3445|2336
2243|0|368.037|Unknown|1334|2117|4743|4054|1589|2130|3768|4784|1917|2246|2364|4547|3249|2548|3869|3331|3067|2696
2244|0|368.0616|Unknown|887|2073|2323|2195|1385|1587|1982|1810|2343|1968|1751|2279|2340|1594|1631|1824|1533|1363
2245|0|368.108|Unknown|899|2004|897|880|1606|1371|1325|1231|1088|1336|830|2140|2131|982|1620|1763|1741|1200
2246|0|368.1929|Unknown|1719|2476|4083|3297|1881|2717|2285|2970|1808|2857|1105|3447|2049|1598|2503|2712|2009|2639
2247|0|368.2143|Unknown|1045|1151|1847|1781|1116|2199|1192|1319|882|2031|407|2077|2039|623|1536|1846|1305|1410
2248|0|368.2354|Unknown|1538|1132|1654|1473|2001|3402|1170|1035|1358|1572|617|1569|2073|967|3128|6145|1967|1348
2249|0|368.3164|Unknown|2704|360|1163|1240|3434|1545|2031|3961|1096|1684|669|4016|1908|1034|6210|5809|1211|1128
2250|0|368.3616|Unknown|2493|665|12929|12109|1132|647|658|1578|1499|2925|3372|2434|1683|1365|3909|3475|2139|1541
2251|0|368.8784|Unknown|2586|2364|3873|3065|3544|3081|3159|1893|3486|2679|3923|2412|3165|2944|1780|4413|2753|3016
2252|0|368.9296|Unknown|1379|809|1702|1187|1643|2068|1956|1280|1533|1074|1254|1447|1152|1573|1129|865|1144|1271
2253|0|368.9772|Unknown|13643|11159|12313|8710|18494|16355|9578|15098|16010|13410|16088|20062|11959|11634|14387|18045|24024|17957
2254|0|369.0106|Unknown|3675|3015|9387|7347|4171|3989|4210|4837|4099|5284|5731|5752|5164|6136|7696|7924|5713|5008
2255|0|369.0385|Unknown|4715|6058|3409|2477|6851|3301|3029|2681|2231|2699|2995|2344|2349|2441|2900|3075|1960|2096
2256|0|369.0552|Unknown|2559|3524|2571|1700|3739|3094|2980|2103|2405|2545|2318|2517|2499|3282|4164|3428|2166|2531
2257|0|369.1213|Unknown|1285|1371|2034|947|1323|2435|2022|1392|3129|1600|1465|1592|1480|1604|2331|2570|1474|1317
2258|0|369.1541|Unknown|1470|1463|2149|1720|1865|4058|2060|2079|2542|2178|2435|2041|2434|1954|2906|2559|1345|1963
2259|0|369.1973|Unknown|2463|3592|5608|4045|3169|3970|3086|2250|3488|3491|3111|3292|3165|4406|7923|6778|2135|2887
2260|0|369.2256|Unknown|1604|1972|2765|2562|2643|3528|2080|1722|3154|2989|2577|1816|2041|2223|3748|3721|1770|2253
2261|0|369.2645|Unknown|927|1757|3093|2877|1644|2498|1501|873|2211|2375|2690|1192|1300|1765|1695|1107|1865|1896
2262|0|369.3014|Unknown|4511|2770|16695|12766|4545|4760|4499|4877|5080|9052|9480|4882|3035|4018|14947|11257|6939|5597
2263|0|369.9619|Unknown|1258|1249|1209|653|1615|1913|1707|1879|2139|2131|3388|410|1797|2081|1361|2429|1175|683
2264|0|369.98|Unknown|2274|2573|2104|1426|2429|2672|2108|2573|2758|1881|3601|2237|2370|2531|1692|4307|2033|2198
2265|0|370.0101|Unknown|1659|1525|2173|1549|1558|1969|2204|2193|1873|2185|3138|1627|2250|2590|1563|2294|1582|936
2266|0|370.1699|Unknown|928|1565|1322|850|1638|2261|904|1689|1345|1381|2621|344|1669|2326|1549|2757|597|1547
2267|0|370.3042|Unknown|1381|1810|5665|3132|1596|1798|1102|2465|1978|2857|3559|1502|458|1248|4049|4821|2433|2502
2268|0|370.3325|Unknown|3931|1209|2216|1353|3670|1885|2110|3043|1403|764|1807|1128|111|1294|4190|6194|1735|1212
2269|0|370.8171|Unknown|1858|2095|2649|2041|1749|141|2162|1270|982|1815|1381|1595|1166|911|1373|1124|2019|2118
2270|0|370.8385|Unknown|2067|2039|3853|2698|1738|628|2209|1867|1708|2125|1900|2306|1702|1294|2581|2806|2778|2641
2271|0|370.8746|Unknown|2320|2776|2715|2369|1721|2132|2878|2434|2303|2493|2867|2026|2623|1586|1849|2378|2599|2751
2272|0|370.9707|Unknown|1729|2304|3677|2907|2345|1120|1652|1671|2149|1880|2116|1606|996|1240|1857|1945|1350|1757
2273|0|371.0083|Unknown|1946|2624|3090|2659|1803|1301|1676|1716|2612|1938|1524|2114|1821|1533|2022|2111|1766|2347
2274|0|371.0463|Unknown|2140|3166|2347|2771|1627|1924|2018|1521|2273|1875|2780|1866|1477|1737|2354|2557|1165|2372
2275|0|371.062|Unknown|1972|2664|3027|3363|1561|2250|2041|2440|2434|1993|2925|3597|1475|2064|3059|3226|1496|2791
2276|0|371.0841|Unknown|1166|1482|1623|1480|725|1523|1341|1437|2065|1084|1707|2298|876|1429|2209|2709|1733|2086
2277|0|371.136|Unknown|870|1952|1951|2008|1189|1327|727|962|4435|1082|1682|1903|890|1080|1907|3310|1429|1762
2278|0|371.1562|Unknown|1407|2771|1577|1231|1603|1459|1133|1672|2585|1459|1967|1499|1746|1164|1715|2523|1709|2233
2279|0|371.1695|Unknown|1903|2489|2531|1827|2030|1763|1049|1577|2408|2220|2188|1945|1134|901|2648|2571|1202|1759
2280|0|371.1936|Unknown|1853|1914|2769|2695|1780|2242|1973|2586|2228|1680|2034|3338|1790|1238|3865|3466|2043|2067
2281|0|371.2056|Unknown|1500|1892|2729|1843|1340|1858|1569|1969|1813|2546|1848|2997|1401|1060|3680|3130|1857|1815
2282|0|371.2435|Unknown|1583|1745|5306|4837|2257|3478|1408|1949|2451|3504|2208|2088|1139|1736|5565|3182|2057|2232
2283|0|371.2797|Unknown|998|992|4507|3380|1387|866|815|1480|1780|3575|2421|2166|1139|1656|2141|1407|1664|1522
2284|0|371.3167|Unknown|1963|1307|25692|20327|2948|2258|1192|4528|3930|7233|5329|5427|1950|2925|4537|5854|3516|3895
2285|0|371.5386|Unknown|403|1|1469|1943|226|910|786|2353|582|546|641|1497|1082|280|899|1101|1284|592
2286|0|371.9685|Unknown|1437|1638|2111|1705|1244|1306|883|968|1707|1162|2071|1988|1467|1063|1436|1361|1381|976
2287|0|372.1293|Unknown|1313|2571|3325|2335|2001|1672|1182|1623|4067|2487|2344|3363|1872|2603|5002|4531|1742|1259
2288|0|372.1718|Unknown|1484|2027|1474|1556|1138|4339|88|1021|3263|1505|1699|2300|1413|1142|3512|2529|1866|1134
2289|0|372.1919|Unknown|1445|2525|2444|2968|1828|2673|897|1880|3247|2085|2354|3139|2067|1167|2244|1976|1947|1248
2290|0|372.2253|Unknown|2348|4101|5788|4522|3358|4781|2038|3489|4225|4843|4625|6370|3465|2765|3746|4897|2978|2871
2291|0|372.3197|Unknown|1065|1918|6879|5357|1357|1276|764|636|2468|2641|2551|4019|1140|2250|1643|1704|2009|2518
2292|0|372.5052|Unknown|283|657|977|38|483|1|153|5947|292|1|491|633|352|675|218|2097|243|10
2293|0|372.8353|Unknown|2609|3307|6630|3425|2732|3185|2350|3537|2143|2861|4170|3962|2563|3363|3374|4857|2763|2442
2294|0|372.9437|Unknown|1593|2678|1906|1054|2048|1554|1375|1596|1050|1615|1698|2246|1387|1973|1182|1323|1395|1742
2295|0|372.96|Unknown|2155|2461|2858|2392|2136|1972|1423|2267|1509|2366|2820|3079|1624|2419|2177|2094|1494|2029
2296|0|373.0051|Unknown|1490|2315|2263|2137|1702|1991|1774|2752|1721|1971|2088|2556|1416|1911|2106|1616|1132|1703
2297|0|373.0599|Unknown|2141|2056|2344|1928|1339|1665|1936|1760|1427|2328|2074|2551|961|2364|2703|2615|841|1656
2298|0|373.1006|Unknown|1885|1944|2109|1808|1568|2801|1741|1640|1570|2209|1843|2370|1080|2285|3078|1813|1293|1546
2299|0|373.1505|Unknown|2284|1200|2473|1328|1679|2772|1806|2015|3332|2286|1668|1997|1146|2008|3351|2529|1704|1630
2300|0|373.173|Unknown|3195|2601|6889|3885|3085|6196|4279|3696|3055|3005|3413|5784|2442|2983|4730|3698|2804|2352
2301|0|373.1831|Unknown|3192|2657|5202|4946|3104|4955|3062|2872|2402|3550|4393|4349|2273|2520|4351|3515|2168|2047
2302|0|373.2087|Unknown|3094|3467|4955|4709|2747|3644|2784|2504|3197|4300|4584|4704|2080|2777|3598|2786|2333|2638
2303|0|373.2207|Unknown|2355|2405|5954|5126|3300|3515|2239|2141|2092|4993|3549|3980|1461|2390|4567|2680|2490|2571
2304|0|373.9332|Unknown|3411|2650|2293|1457|2775|1369|1667|2038|3100|1952|1661|1717|1521|1968|3242|1907|1522|2773
2305|0|374.0181|Unknown|898|1648|1050|669|1721|878|1397|1431|2554|845|1087|276|1817|2152|2542|1742|1050|1894
2306|0|374.1326|Unknown|1503|2566|1935|1622|1795|2549|1757|1839|2885|2042|2125|2974|2138|2452|2712|2360|1448|1963
2307|0|374.1567|Unknown|2660|3309|3688|2595|2858|3337|2515|1929|4568|2817|3511|3812|3215|2501|4229|3524|1474|2097
2308|0|374.1734|Unknown|2694|2912|4414|2914|2373|4529|2320|1879|4063|2827|3127|4030|3178|2754|4008|2445|1714|1955
2309|0|374.2081|Unknown|1778|2021|2630|1414|2624|2518|2402|2161|2817|2283|2527|2487|2451|1898|2409|1573|881|1379
2310|0|374.2442|Unknown|2767|1766|1816|1455|1880|2210|3847|2389|3504|3487|2437|2412|3505|2943|3525|1983|1330|1721
2311|0|374.8316|Unknown|5508|3638|4836|3847|5626|3263|3099|2994|3272|3058|2850|3413|3063|2945|2452|3657|3087|1959
2312|0|374.8568|Unknown|4703|3970|3556|2778|5397|3116|4076|1765|4297|3493|3818|2466|3099|2597|2456|2648|2784|2552
2313|0|374.9103|Unknown|2032|1557|1056|1325|2311|2972|2008|1784|2428|1897|1634|1740|1815|1858|1177|1000|1345|1586
2314|0|375.0185|Unknown|2016|1630|7570|6524|2434|3600|2544|2947|3032|5120|3787|3324|2569|4045|5938|7225|4167|2645
2315|0|375.0355|Unknown|1592|777|2834|3094|2126|3355|1881|1750|2017|2414|2063|1647|1462|2046|3038|3126|1928|1595
2316|0|375.1206|Unknown|1416|1896|2113|1721|1732|3245|1923|1502|1331|2578|2307|2543|1402|1207|1794|1337|1235|1370
2317|0|375.1584|Unknown|4127|3748|5227|4277|3381|7860|4406|5007|2424|4669|4271|5200|4119|3755|5211|6233|3476|3633
2318|0|375.1834|Unknown|3424|3063|4638|3494|5176|5699|2623|3721|2924|4894|3862|3821|2581|3143|3816|5053|2840|2530
2319|0|375.1966|Unknown|2942|2081|4223|3792|3284|5186|1899|3316|2604|3741|3488|2837|2295|2276|3805|4326|2078|2679
2320|0|375.2385|Unknown|1113|556|932|1404|405|2710|803|1414|698|1927|1196|979|852|300|675|1000|588|1243
2321|0|375.2744|Unknown|1236|746|3119|2118|962|2612|919|2444|960|2945|2052|1434|1328|1731|1371|1092|2419|2026
2322|0|375.2908|Unknown|1497|1140|2767|2799|908|2710|697|2530|1426|3792|3999|2060|1468|1867|2203|1526|2498|2206
2323|0|375.9862|Unknown|797|1176|1507|1546|1475|3586|1160|779|781|2538|2203|1935|1344|1454|1195|2289|1387|1024
2324|0|376.0257|Unknown|837|585|2533|1445|1017|3489|1536|1223|936|2883|2753|1989|1444|2130|1296|2220|1409|1184
2325|0|376.0548|Unknown|2679|2511|10293|6661|3204|7147|3336|4390|5301|7412|7565|8257|4592|5368|7957|11288|5822|4639
2326|0|376.1005|Unknown|2745|3477|4182|3861|2678|6864|3636|2078|2707|4328|4229|3649|2778|4276|4306|6314|3177|3856
2327|0|376.1183|Unknown|2033|2281|11418|8622|2591|5141|2138|2880|2923|3594|3338|4959|2103|3467|3488|5079|2509|3031
2328|0|376.1597|Unknown|2368|2582|2960|2052|1759|5637|2244|2431|2040|2564|2573|3012|2144|3017|2621|5018|2331|1769
2329|0|376.3064|Unknown|1477|1384|3311|2790|2385|2639|1049|1151|1486|2415|2237|3075|410|1886|2381|4701|1876|1698
2330|0|376.8235|Unknown|2942|2578|2944|1744|3873|1557|2061|1997|1975|1257|1585|2588|1335|1880|1687|2819|1507|1929
2331|0|376.8666|Unknown|2807|3173|3336|2717|4148|2796|3593|2593|3463|3604|3952|3117|2522|2502|2871|4639|3094|3528
2332|0|376.8846|Unknown|2162|2465|1689|1695|2630|2101|2598|2371|2002|1978|1712|2247|2003|1325|1599|2313|1791|2427
2333|0|376.9448|Unknown|12742|19222|47927|31048|18566|13676|14613|28352|15648|26390|20059|41586|19906|15501|18380|19776|21923|17517
2334|0|376.9753|Unknown|2133|2881|5798|4075|3007|2096|1988|3377|2017|2639|1904|4595|1975|3315|4028|4535|2885|2155
2335|0|377.0267|Unknown|1581|1502|2924|2369|1992|1394|1889|1280|1135|1009|1229|2352|1201|1849|1896|3178|1445|1102
2336|0|377.059|Unknown|1398|1756|2823|1933|2194|5188|2713|2626|1376|2383|2280|3599|3766|3583|6952|8313|3955|2864
2337|0|377.0857|Unknown|29954|59775|41277|31300|41401|235838|101546|76213|19638|26070|19934|128489|288362|270953|349878|417316|236392|195835
2338|0|377.1227|Unknown|2105|3440|2554|2549|2809|8729|4314|3530|1476|1487|1602|5477|10401|10325|12466|15755|7469|6673
2339|0|377.1391|Unknown|1279|2047|699|329|1574|2147|1902|1881|724|496|930|1863|2365|2311|3614|4078|1781|1516
2340|0|377.1571|Unknown|1823|1606|1399|1187|2349|2998|2074|1515|649|1011|709|2244|2095|1737|2395|3388|1372|2264
2341|0|377.1703|Unknown|1123|1317|898|871|1445|2326|1702|1223|563|522|175|1363|1516|1513|2796|3405|1409|1395
2342|0|377.1952|Unknown|2261|1930|3396|3890|2071|2876|1792|1672|2789|2680|3548|2734|1247|1993|2471|3629|2744|2630
2343|0|377.2356|Unknown|1710|1207|2118|2121|2197|2321|1604|1907|1630|2679|1878|2164|1857|1095|1897|2047|1817|2061
2344|0|377.2696|Unknown|1281|1143|5134|3881|1996|948|1905|2641|1285|3509|2535|2091|899|945|1918|1359|2372|1910
2345|0|377.3072|Unknown|41996|28149|895242|712597|47501|29196|27069|150437|81942|461463|464974|147359|57313|105332|44504|63363|176855|174774
2346|0|377.3439|Unknown|1336|992|30274|21824|2020|1464|1591|4384|2395|13552|15845|4456|1941|3038|1795|2182|5746|5581
2347|0|377.9487|Unknown|2347|2476|3962|2440|1872|1813|1999|1990|1327|2334|2354|3946|1562|2191|1840|2544|1435|2068
2348|0|378.0507|Unknown|1423|1122|2076|1830|1637|2008|1479|1350|1478|1573|2099|1468|1661|1812|2600|3284|1953|1002
2349|0|378.089|Unknown|5619|10026|8301|7342|8193|33582|14934|12690|3872|6375|3703|19259|41151|39709|50490|65040|34938|27899
2350|0|378.1337|Unknown|1185|384|1418|1509|1146|1246|1474|1076|1099|1708|811|1180|1506|2056|1869|2311|957|564
2351|0|378.3106|Unknown|9644|7344|210590|172352|12319|7557|6205|35512|19451|105629|106925|34317|13620|24476|11447|16473|42000|41229
2352|0|378.745|Unknown|2375|945|9500|8707|3192|2666|1552|3290|3697|4366|5318|4716|2561|3642|5174|6653|5071|4239
2353|0|378.8606|Unknown|4090|5241|5414|3562|5873|4865|3521|2652|4983|4256|4802|2796|3346|2999|2485|3845|3695|2845
2354|0|378.9439|Unknown|1893|4061|6922|3831|3485|3178|2344|3500|4055|4535|3282|5695|2707|2265|2100|2426|3584|2934
2355|0|378.9721|Unknown|4788|7807|7455|5410|5938|3227|3152|4320|5195|6329|4504|6038|3113|2121|2068|3111|3860|2525
2356|0|379.0657|Unknown|10589|11107|28455|19907|16267|14360|9496|16840|5072|7237|7379|21766|22419|30325|41378|53216|31829|27931
2357|0|379.083|Unknown|12634|24692|21816|17304|22365|80073|35672|29477|9784|10687|10254|50848|99807|88831|125394|145616|83043|71974
2358|0|379.1377|Unknown|663|2755|1382|1991|2048|2254|1555|1950|1354|1701|1328|1640|1059|1464|2656|2474|2460|1293
2359|0|379.1738|Unknown|1453|4379|2677|2940|2448|4930|2225|3410|2059|3401|2237|3251|2624|2683|3389|3368|2743|2569
2360|0|379.1975|Unknown|1974|3185|2316|2258|3014|2535|2782|2966|2886|1819|1678|2377|1060|2163|2435|3125|2758|1604
2361|0|379.2156|Unknown|1652|3946|4106|2797|2229|2668|2426|2676|2623|2771|2370|2561|964|1726|2743|3100|3347|1977
2362|0|379.2503|Unknown|3838|3580|12236|9430|5197|3713|2118|4529|3950|8648|8173|4893|3716|4891|6760|11394|7510|6495
2363|0|379.3135|Unknown|1785|3790|32132|22680|2537|2225|1888|5370|4010|18422|18109|5484|1992|4125|2686|2766|7542|6802
2364|0|379.7526|Unknown|1478|723|8304|6717|1118|742|364|617|1945|3650|2017|1455|637|896|2639|3453|1822|628
2365|0|379.9528|Unknown|1414|2601|2837|2729|1965|1802|1901|1164|1032|1893|1590|2193|2105|2156|1418|3128|2135|2504
2366|0|380.0462|Unknown|3147|4884|6105|4979|3504|5894|2172|4516|4192|4881|3411|6472|3175|9462|11590|17596|5734|5509
2367|0|380.0665|Unknown|1983|2649|5214|4711|2467|2901|2329|2613|2100|1830|1904|5642|4312|6385|8635|10755|4563|4321
2368|0|380.0866|Unknown|2313|4889|5045|4265|4600|10897|5219|4779|2440|2947|2009|8005|16199|15746|21148|22969|10591|10433
2369|0|380.2545|Unknown|2077|1064|6633|5965|2696|1883|1704|2053|2410|5159|3263|2956|1067|2440|2238|3582|3519|1813
2370|0|380.2795|Unknown|2304|929|952|1366|3308|1324|1618|3469|690|1492|741|3436|353|681|3042|4280|882|898
2371|0|380.8491|Unknown|14351|10145|12252|8291|16238|7577|6569|4292|6147|9863|9641|5011|6019|6587|8930|16097|6805|5238
2372|0|380.8587|Unknown|9445|7514|10081|6831|10042|6646|5385|3694|5407|8006|8562|5312|5373|5563|7413|11132|6040|5719
2373|0|380.925|Unknown|2369|2253|1655|1118|1758|2144|2528|1980|1265|2995|1999|1410|1415|1702|2098|1686|1923|1665
2374|0|380.9542|Unknown|2682|2076|1823|1626|2377|1788|1946|2237|1196|2854|2243|1271|1375|1615|2033|2245|2020|1878
2375|0|380.9768|Unknown|4311|3750|8738|4759|4519|4170|3118|2983|3145|4774|6573|5195|3055|3139|3860|6523|4506|5019
2376|0|381.0083|Unknown|4403|3432|2518|1265|4766|1727|1630|1635|1601|2533|1833|1148|1567|1350|1833|1508|1280|1015
2377|0|381.0479|Unknown|2634|2264|3051|2144|1714|3332|2234|3233|942|2479|1778|2711|1291|3091|3813|5103|2163|1963
2378|0|381.0639|Unknown|1835|1803|4142|2790|1380|3374|3604|3057|1452|2302|2048|3019|3050|4541|5799|7608|3348|3671
2379|0|381.0868|Unknown|2378|2326|2769|2110|2568|3756|2727|2709|2868|2236|2107|2787|4169|4203|6028|7427|3487|4184
2380|0|381.1234|Unknown|2366|2296|3403|2983|2102|2931|2374|3295|1941|3605|2595|3242|2035|2481|3397|3623|1740|2124
2381|0|381.1541|Unknown|1948|2154|2612|1920|1602|2227|1778|2301|1142|2858|1678|1551|2084|1333|1896|1900|1116|1115
2382|0|381.1905|Unknown|2121|3768|5108|3744|2801|3966|3209|3533|2793|4279|2883|4088|2615|2433|2765|5406|2836|2125
2383|0|381.2416|Unknown|17341|15832|31080|24638|24806|21630|9164|19093|19608|25435|17895|29781|18430|25364|37324|63083|37636|30594
2384|0|381.3004|Unknown|1808|1101|4749|3723|1912|944|1601|2302|2180|3362|3340|1933|662|1465|2190|2129|1597|1501
2385|0|381.3374|Unknown|1410|1924|4725|4194|1864|1718|1637|2973|2342|3675|3636|1934|1924|1656|3356|2526|1394|1744
2386|0|381.3734|Unknown|2383|1324|19634|15432|1397|1276|1649|3357|2801|4326|5563|2599|449|2490|7086|4056|2521|1747
2387|0|381.8482|Unknown|3805|2750|3580|2324|4310|1668|1197|974|1907|2792|2257|1796|1668|1766|2388|3408|2558|2108
2388|0|381.9885|Unknown|2582|2997|6895|4777|2231|3022|2314|6094|1892|4247|2983|7016|4148|2782|4520|4826|5509|3432
2389|0|382.0449|Unknown|1933|1276|1998|1272|913|893|771|1676|1539|1012|1122|1573|572|2425|1850|3833|1258|873
2390|0|382.1352|Unknown|1753|2187|2988|1241|1598|1573|781|1677|1339|1967|1507|1808|1675|1300|1620|1585|1534|1766
2391|0|382.2356|Unknown|4694|3737|5427|3129|5762|4259|3715|5315|3894|4245|3954|6700|3865|4457|10508|9631|7230|5546
2392|0|382.245|Unknown|5126|3516|8851|3936|6109|5178|3212|5378|5225|5173|4276|6793|3900|5317|10344|15110|8903|7388
2393|0|382.2961|Unknown|5570|186|1362|522|5515|1264|1847|3296|522|393|65|2693|681|1025|8046|7655|569|656
2394|0|382.3769|Unknown|456|427|5117|4071|728|410|354|1255|716|679|989|1022|421|947|2271|1545|615|469
2395|0|382.5506|Unknown|3895|4594|5259|5087|4962|5097|4476|5178|2917|6225|4641|7213|5732|4229|7804|8992|5935|5488
2396|0|382.8438|Unknown|19269|14953|16528|13079|24369|11416|7683|4182|10122|11992|15295|11293|7870|8955|12135|16837|10721|8938
2397|0|382.8642|Unknown|7980|5906|7503|5754|8502|5720|4597|3125|4807|5624|8111|5163|4194|3920|5248|6861|4770|5624
2398|0|382.9539|Unknown|7270|4659|4870|2257|7408|3036|2469|1856|3387|4228|3908|2538|2046|2082|1772|2421|2781|2784
2399|0|382.9931|Unknown|3847|2510|4528|2921|1432|1510|2201|1764|1917|2843|2142|2783|1184|1498|1521|2188|2215|2086
2400|0|383.0051|Unknown|3081|2600|4531|2776|2220|1399|1497|1912|2162|2750|2073|1962|1325|1352|1969|2132|1631|2007
2401|0|383.0272|Unknown|2162|2038|2627|2088|1331|1257|1392|1540|1533|2008|1678|1755|1495|2556|2779|3538|1042|1698
2402|0|383.0651|Unknown|6423|7854|11039|7644|6485|11745|6047|7252|4512|7055|6084|8961|12586|16211|19713|25583|14614|14447
2403|0|383.0842|Unknown|4836|5652|11388|8959|3651|11780|8241|7938|5804|6517|6506|10753|14621|15339|19494|25973|16838|18086
2404|0|383.097|Unknown|6626|7918|29423|22666|5243|23056|11534|16773|8829|10992|12172|19278|27555|35279|45543|62962|36013|33751
2405|0|383.1186|Unknown|7391|12249|22495|17639|7959|11767|7667|13075|8843|14475|13749|15410|11511|11890|15480|20432|15960|15250
2406|0|383.1458|Unknown|13578|13138|5747|4114|13423|4233|3758|2833|3530|3740|3898|4550|2871|5565|6373|7719|2980|3108
2407|0|383.1697|Unknown|3734|3369|3687|2747|3302|2588|2627|2247|2063|3059|2366|3405|2306|1929|3623|3381|2356|2284
2408|0|383.2065|Unknown|2675|2583|3900|2729|1615|2341|2599|2012|2186|2382|2617|2529|1635|1514|2385|3184|3203|2520
2409|0|383.2425|Unknown|5617|4643|11496|8238|7043|6514|3781|5300|6737|8430|7878|6748|5502|5526|9327|16296|10400|9133
2410|0|383.2796|Unknown|2354|2358|4016|2390|2029|1709|2341|1911|2060|3107|3301|2068|1390|1491|2621|3531|2329|2409
2411|0|383.3165|Unknown|2446|2121|9285|7290|1701|1371|2059|2698|2491|5270|4771|2546|1676|2944|14380|8569|3242|3160
2412|0|383.353|Unknown|1824|1408|22978|17551|2580|1502|1456|3170|2710|5609|4033|3162|1155|2197|11525|6204|3445|3225
2413|0|383.8429|Unknown|4681|3910|3571|3010|5348|3061|2599|1219|2174|3283|3434|2380|2671|2315|2669|5040|2836|2638
2414|0|384.0112|Unknown|311|1779|4179|2985|1373|1401|2539|2999|1115|2018|1817|3848|1385|1580|1827|2282|1971|1053
2415|0|384.0688|Unknown|1087|1965|2603|2902|1523|2328|1797|1877|1050|1955|1449|2509|4012|3653|5213|6285|3662|2162
2416|0|384.0862|Unknown|1056|1877|2997|3077|1822|4312|2376|2635|1256|1979|2181|3412|4298|4622|5426|7759|4954|3698
2417|0|384.0997|Unknown|1943|2569|8149|6716|3265|6420|2978|5049|3164|3042|3717|6287|6434|7927|9071|13128|8587|6124
2418|0|384.1136|Unknown|1919|2172|5576|5091|2596|3811|3569|4279|1945|3426|3164|5394|4204|4892|5013|8658|4738|3296
2419|0|384.1504|Unknown|2772|2945|1894|1799|4483|2030|2215|1114|1022|1446|1755|2052|1509|2693|3158|3213|1555|405
2420|0|384.2445|Unknown|1414|1026|2466|1606|2274|1436|1069|1395|1620|2103|1820|2195|1568|2304|3083|4411|3130|2049
2421|0|384.3168|Unknown|2411|585|2245|1947|1668|1497|469|1464|610|1484|1193|2810|725|1363|4201|3393|1865|298
2422|0|384.3559|Unknown|893|226|5860|3991|374|1081|263|830|755|1408|1389|604|678|1089|2281|1974|1445|787
2423|0|384.8403|Unknown|8200|8589|14003|9652|11699|8144|4966|3505|6353|6601|9650|6622|6569|5678|7375|12142|7756|6206
2424|0|384.8787|Unknown|2459|1812|3065|1924|2598|3521|2404|1689|2247|1692|2446|1820|2498|1545|1599|2369|3788|1584
2425|0|384.9258|Unknown|1976|1242|1666|1656|1542|2482|1429|1531|1452|1237|1594|1422|1275|929|747|1323|2830|751
2426|0|384.9506|Unknown|4472|2669|1943|1684|5304|3331|1797|1860|1825|1781|1610|1781|1802|1986|1095|2067|2761|1077
2427|0|384.9855|Unknown|3606|2764|4823|3123|2564|3902|2913|3678|2440|2219|2512|2974|2646|2579|2168|3110|4219|2141
2428|0|385.0179|Unknown|4167|4066|3532|1855|3831|2757|1932|2869|1833|2226|1609|1958|1974|1751|1395|1257|3185|1312
2429|0|385.0639|Unknown|2038|1745|2476|2330|1628|2809|2205|2966|1430|1555|1667|2063|2073|3086|3732|3219|3733|1840
2430|0|385.1011|Unknown|2372|2348|3176|2543|2332|3535|2470|3115|1929|2517|2305|2612|3028|3786|4402|6167|4127|2651
2431|0|385.1264|Unknown|1911|2465|2788|2660|1644|2939|1984|3737|2140|2360|2155|3011|1969|3128|3908|4118|3508|1959
2432|0|385.1479|Unknown|1856|1931|2526|1865|1367|2868|1828|3523|1931|2180|1535|1823|1606|2854|2749|2352|2736|1637
2433|0|385.1665|Unknown|2782|3658|19385|14263|3287|3709|3486|6165|10904|7397|5590|5652|3361|6051|4910|7774|7667|5832
2434|0|385.1856|Unknown|2761|2377|7383|5190|2403|4336|2233|4445|3106|3120|2536|3088|1933|3651|3946|4272|3572|2469
2435|0|385.2086|Unknown|2524|1539|3690|2700|2450|3637|2011|5201|1724|3586|2041|3602|2032|2803|3834|3162|2885|1711
2436|0|385.2216|Unknown|1748|1530|2866|1733|1659|2761|1737|3901|1518|3095|2099|2137|1497|1909|3279|2801|2250|1740
2437|0|385.2598|Unknown|2965|2761|5152|3908|2237|3323|2026|3608|2657|3601|3032|3354|1703|2570|4234|5094|3287|2830
2438|0|385.8396|Unknown|2685|1766|2881|2110|4062|1665|1900|1292|2498|1926|3389|1760|1733|1675|2699|2567|1843|1921
2439|0|385.9492|Unknown|3663|2242|1978|1010|3925|654|879|1696|1907|1750|1788|1083|937|1703|1271|2330|863|1509
2440|0|386.0152|Unknown|2269|1518|2150|1862|2134|1332|1995|2681|1538|2164|1697|3060|1357|1899|1445|2367|1846|1948
2441|0|386.1144|Unknown|2404|2285|2784|2075|2269|2855|1160|1648|1524|1015|962|1207|1325|1733|1613|2358|1397|1857
2442|0|386.1694|Unknown|2578|1656|5210|5134|2160|1790|841|2371|3062|3025|2455|2347|1276|2121|1919|2367|3424|2978
2443|0|386.3275|Unknown|3804|729|419|519|3571|1539|1082|1791|987|1205|1405|1536|692|1044|2844|4757|838|750
2444|0|386.8469|Unknown|4117|3196|5704|3437|3869|3227|1872|1666|2616|2769|4014|2503|2945|2038|3042|3578|2812|2447
2445|0|386.9424|Unknown|4548|2585|2703|2051|3699|2632|959|1315|1411|1591|1911|1315|1781|1296|1227|1711|1399|873
2446|0|387.0603|Unknown|3149|2465|2074|1763|2110|2665|953|1497|1113|1182|1708|1027|2295|1864|3411|2066|1263|1063
2447|0|387.0867|Unknown|2961|2560|2388|1874|2133|2932|972|1321|2377|2051|2236|933|1876|1493|2014|1594|1377|1221
2448|0|387.114|Unknown|4723|4464|4765|3797|3757|7125|4085|5936|2453|2786|4061|4192|11831|13971|12746|13328|6963|6330
2449|0|387.1411|Unknown|3060|2770|2915|1771|2021|3819|1341|1981|1755|2261|2343|1643|3137|2660|2521|3060|1878|2124
2450|0|387.1992|Unknown|3371|3220|3990|2887|2854|3603|1845|2629|1927|2768|2932|3096|2048|2095|2930|3085|1550|2105
2451|0|387.2358|Unknown|4183|3956|5918|5365|4531|4265|2545|3424|3305|4855|4110|4125|3104|3128|3317|3583|2430|2802
2452|0|387.2748|Unknown|1995|1623|2222|2039|2043|2539|1132|1263|1699|2456|1869|1453|2011|1463|1174|1774|1460|1786
2453|0|388.0901|Unknown|1648|1688|2592|2784|1419|1776|1406|1259|1892|1223|2101|1151|1606|2186|3651|3838|1381|1062
2454|0|388.1138|Unknown|1807|2154|2919|2197|1306|3126|1558|1649|1057|1444|2398|2249|3879|3212|4675|5381|2925|2372
2455|0|388.17|Unknown|2783|2480|2434|2540|1288|3041|2056|2107|1581|1441|2407|2269|1619|759|2561|2585|1052|1724
2456|0|388.1924|Unknown|2762|2818|4825|3641|2083|3836|2571|3354|1905|3265|3416|4202|2352|1925|2913|3325|1739|1944
2457|0|388.2288|Unknown|2767|1875|1994|2709|1866|2677|1835|2209|2435|1889|1960|3022|1273|1505|2194|2279|890|2131
2458|0|388.8563|Unknown|1351|1365|1515|1875|2007|2291|1342|601|1525|1370|2434|1651|2111|1351|1817|2300|1119|1273
2459|0|388.8674|Unknown|1502|1529|1528|2324|2257|2430|1504|886|1497|1529|2055|1530|1806|1099|1418|1933|1162|1589
2460|0|388.9441|388.9441|2557|1374|1843|1669|2099|1976|1368|1285|1576|1050|1725|2129|2027|1442|1633|1546|1937|1378
2461|0|388.9677|Unknown|2406|835|1451|1737|1297|2151|1205|767|2218|1108|1414|1645|1959|1025|1085|1290|1284|998
2462|0|389.0095|Unknown|4293|2601|5847|3631|2451|2493|2709|2438|2804|3109|3496|2628|2321|2255|3779|3869|2394|2212
2463|0|389.0336|Unknown|2311|1867|2410|2418|1595|1861|1531|1021|2010|2240|1925|1774|1888|2436|3179|3690|1443|1088
2464|0|389.0542|Unknown|2173|1666|1576|2123|1577|1540|1181|798|1717|910|1483|1445|2016|1469|1544|2653|752|642
2465|0|389.0683|Unknown|1940|1586|1199|2037|1198|2051|1478|790|1473|1027|1686|1462|1820|711|1368|1813|853|1157
2466|0|389.1074|Unknown|2109|1593|1548|2834|1599|2778|1347|489|1328|1415|1554|1270|2937|2006|2272|2416|2021|2204
2467|0|389.1343|Unknown|2405|1415|2506|2519|1416|2790|1701|1267|1778|1389|1341|1568|2089|2516|2181|2938|1383|1773
2468|0|389.1797|Unknown|3220|3495|4531|4371|2944|5428|2860|1479|3646|3335|3155|4834|3472|2746|3317|4140|2490|2660
2469|0|389.2109|Unknown|2489|770|4144|3547|2073|2539|1074|1568|2662|2263|2685|2746|1866|2665|2489|2598|2463|2118
2470|0|389.2365|Unknown|2540|2229|10356|8078|2896|3534|1899|4072|2670|9714|8481|5060|3228|5236|2712|2665|6232|5712
2471|0|389.2505|Unknown|2061|1309|5822|4480|2018|2474|1667|2419|2121|5653|4652|3263|2135|3013|1753|1711|3932|3236
2472|0|389.2739|Unknown|12696|4216|19046|15387|15813|10344|6152|16914|13154|25286|18265|19488|8978|16682|10621|13415|21407|19725
2473|0|389.2907|Unknown|72317|82895|403547|301295|91645|66530|42044|221937|79041|383426|313012|243609|121282|185860|54841|69237|307203|260311
2474|0|389.3284|Unknown|2894|2795|13131|10040|3461|3090|1743|6871|3742|12418|10218|7870|4491|5829|2022|3159|8944|7901
2475|0|389.9088|Unknown|1777|2555|2192|1911|2265|1086|1253|2570|2281|1853|933|1389|1528|786|1096|1111|1975|1332
2476|0|390.1282|Unknown|1737|1818|1426|1819|866|3918|1128|2059|1364|1721|2152|1260|1380|1244|1867|1978|2976|1807
2477|0|390.2394|Unknown|1142|1684|2922|2726|471|2975|747|2167|1716|2072|3429|1789|1708|1913|1019|1628|4238|2541
2478|0|390.2771|Unknown|4101|1833|5144|3703|3869|4877|1330|4757|3648|5200|5453|4672|2861|3856|3044|3360|7308|6067
2479|0|390.2943|Unknown|18753|21110|96297|68428|19774|16978|10587|52797|19986|92304|76192|59283|31311|43893|15486|16156|73829|61485
2480|0|390.7956|Unknown|3869|1744|907|970|4029|1288|823|468|1299|1154|634|1105|423|527|737|1092|74|528
2481|0|390.8305|Unknown|2563|1888|2469|2099|2583|2498|1548|1312|1706|2426|2267|1104|1440|1198|1583|1777|1985|2376
2482|0|390.8431|Unknown|1905|1601|2444|2129|2456|3009|1725|1597|1625|2038|2512|1586|1560|1786|1600|1905|2731|2486
2483|0|390.8699|Unknown|2406|1420|1671|1601|2858|2883|1701|1528|1930|2162|2279|1192|1485|1377|2003|1772|2439|2388
2484|0|390.9926|Unknown|2236|1521|7284|6271|2538|2746|1496|2456|3259|4729|3264|2302|3708|5742|6957|8502|3407|4059
2485|0|391.0287|Unknown|2787|1560|2343|2278|3528|1616|1099|1058|2265|2088|1824|1113|926|2089|1565|1861|1340|1725
2486|0|391.1571|Unknown|3156|1212|1785|1344|5093|3429|2032|1482|2147|2055|2379|1964|1263|1255|2889|3362|1861|1859
2487|0|391.1682|Unknown|2566|1124|2350|1515|3912|2416|2292|1100|2352|1909|2390|2280|1197|1371|2398|3072|1665|2051
2488|0|391.1965|Unknown|2497|342|2261|1640|2650|2453|1755|1204|2114|1300|1954|1544|769|1103|1975|2251|1623|1494
2489|0|391.2322|Unknown|2676|1112|8275|6099|2972|1565|1632|3121|2601|7891|7576|4319|1916|2484|1877|2127|4567|5122
2490|0|391.2964|Unknown|4456|3522|16010|13576|4914|3134|3084|9034|4220|15949|12546|8029|5822|8547|3268|3304|11290|9711
2491|0|392.299|Unknown|1514|566|1951|2664|1915|980|394|1907|1766|2390|1990|2929|845|704|838|1436|1681|1490
2492|0|392.8164|Unknown|2197|2042|2097|2185|1865|690|1382|1166|1818|980|1132|1882|1021|1748|893|1481|1321|1410
2493|0|392.8407|Unknown|3808|2165|4142|3519|2455|1507|1686|1729|2339|1926|2559|2593|1889|3273|2209|2605|2509|2214
2494|0|392.9031|Unknown|2761|2500|3487|3810|1768|2336|1579|762|2476|1108|2659|2397|1365|2889|3159|2916|2549|1913
2495|0|392.9512|Unknown|2640|1162|2358|2075|1029|814|834|804|1606|937|1137|1939|1608|2449|1982|2377|1608|838
2496|0|392.9926|Unknown|2663|1368|3186|3027|2826|1228|778|2071|2151|1826|2344|2532|945|3817|2142|2736|1806|1719
2497|0|393.0286|Unknown|3635|2052|3257|3118|2543|1056|1138|1681|1839|1866|3174|2452|865|2765|3060|3023|1965|1543
2498|0|393.0845|Unknown|7260|8323|1331|1394|8479|995|850|853|1910|981|1494|1130|600|1537|982|1396|1221|869
2499|0|393.1327|Unknown|3094|1983|1679|1064|1795|1389|845|673|2131|954|1877|1101|1169|1257|1851|1108|782|652
2500|0|393.1709|Unknown|4469|2725|3023|1908|3505|6934|989|1857|3200|1723|3010|1674|1908|2353|5946|11735|3391|3108
2501|0|393.1893|Unknown|3787|2100|2589|2361|2249|3173|616|1606|2071|2330|2721|2790|1687|1857|3764|4224|2173|1718
2502|0|393.2282|Unknown|3944|2366|3621|2836|2543|3093|1612|2789|2942|3448|3376|4124|2759|3593|3173|3467|3644|2735
2503|0|393.27|Unknown|6867|2230|7703|6042|4391|3344|1268|4144|4401|7927|7369|5692|4393|7037|5170|6986|6662|6802
2504|0|393.2774|Unknown|7337|3578|12302|11289|5671|4012|2393|8449|5402|13182|13034|10202|6464|9674|5093|6097|13828|12452
2505|0|393.2977|Unknown|4269|1219|5142|4086|1558|1652|753|2135|2390|4380|4672|3133|1939|2790|2747|2615|4508|3373
2506|0|394.0586|Unknown|2954|1826|2635|2384|1820|456|1847|1410|1606|2047|2077|3405|1457|2076|2973|2278|583|2001
2507|0|394.1122|Unknown|2683|1814|2054|2139|2153|633|1398|1577|1529|1825|1610|2479|1768|2477|2564|1848|1485|1179
2508|0|394.1663|Unknown|2441|1140|1304|1642|1083|1181|962|454|1394|1044|1394|2105|1311|1168|1857|1136|1308|1273
2509|0|394.2809|Unknown|2587|684|4380|3157|2411|1397|1730|2407|1957|4242|3354|3886|2570|2664|1774|1150|4059|3137
2510|0|394.8115|Unknown|1397|1808|3725|2556|1807|1070|1406|1482|1661|1252|2184|2926|1206|1583|2060|1753|1030|2529
2511|0|394.839|Unknown|3050|2827|4558|2971|3567|2115|2528|2289|3274|2433|4160|4427|2480|2563|2962|2866|1808|3152
2512|0|394.8931|Unknown|1823|2396|2011|2354|2958|2127|2173|1383|2101|1908|2252|3127|1637|1787|2142|1885|1993|2369
2513|0|394.9478|Unknown|4284|5545|5757|2878|5287|1522|2982|4072|2734|3544|3496|7628|2180|2385|3166|2165|2246|2311
2514|0|394.9764|Unknown|2055|3425|4902|3742|3327|2471|2268|2317|2954|2903|3286|4926|2148|2487|3114|3761|3508|3672
2515|0|395.0251|Unknown|2444|3542|3788|3404|4818|2546|1899|2079|2906|3429|2887|3183|1506|3451|3464|3446|2259|1881
2516|0|395.043|Unknown|1675|2810|2501|2324|3248|1984|1748|1347|2402|2256|2378|1951|1329|2453|2181|2543|1679|1752
2517|0|395.1004|Unknown|1306|2470|1471|1528|2399|1469|993|1049|4514|1889|1799|1404|1251|1403|1814|1825|1273|969
2518|0|395.1293|Unknown|1919|2327|1776|1375|2021|2786|874|855|2526|2281|2118|1713|1926|2079|2913|4477|2273|1259
2519|0|395.1697|Unknown|1180|2105|2574|1888|2163|2429|1248|1582|3010|1826|2734|2221|1976|2206|2598|3372|2373|1040
2520|0|395.2072|Unknown|2323|3259|5485|3455|3496|2977|2454|2963|2773|3058|3577|3289|2115|2643|3522|3957|2447|2154
2521|0|395.2127|Unknown|2625|2870|4688|2679|3002|2950|1857|2955|2572|2906|3392|2966|1973|2297|3079|3518|2378|1869
2522|0|395.2441|Unknown|21225|24424|34764|24675|24555|34232|17087|19991|23373|32816|31353|27193|21394|20507|24161|30508|28441|26188
2523|0|395.2733|Unknown|3046|3169|8757|6126|4595|4506|3251|4958|4166|8200|7560|5909|3861|4882|4060|5762|8163|6748
2524|0|395.3161|Unknown|1906|1347|3094|2443|2298|2800|1437|2535|1821|4855|4034|1667|2023|1717|2184|2321|2503|1757
2525|0|395.353|Unknown|714|1304|3669|2801|981|1646|674|1220|1598|3464|3005|341|1030|720|1394|1543|1317|1033
2526|0|395.3894|Unknown|1987|1152|48259|35056|2057|1646|1888|6738|3302|8413|8679|8842|1434|2407|6385|4444|3200|1602
2527|0|396.0689|Unknown|1743|1039|3778|2592|1139|1534|955|602|2285|2166|1363|1316|1202|3677|3119|3694|915|1226
2528|0|396.2487|Unknown|5909|6689|12375|8670|8169|9571|4954|5508|8090|9325|9309|8789|6663|7423|9069|11836|8277|6722
2529|0|396.272|Unknown|3876|2021|4500|4415|4168|3281|2242|3035|3370|4757|4129|3363|1755|3517|6722|9780|4202|4067
2530|0|396.3924|Unknown|1149|192|14474|10944|591|564|775|2309|823|2014|2371|2945|463|569|2199|1649|952|467
2531|0|396.8061|Unknown|3102|2327|2507|2869|2695|1505|1574|2545|3407|2224|1724|3348|1378|1454|1524|2296|1899|1508
2532|0|396.8527|Unknown|7141|5741|6526|5659|6337|5110|4087|4571|6748|6079|6771|5256|5350|3768|4581|7823|5670|4766
2533|0|396.9129|Unknown|2583|2352|1373|2093|2388|1969|2043|2842|4004|2622|2156|2008|2118|1362|1176|1582|2218|1255
2534|0|396.9821|Unknown|10055|7847|1653|2459|11643|1689|1355|3097|4255|2322|1882|2554|1807|1594|969|2016|1759|1576
2535|0|397.0206|Unknown|2985|2849|2399|2957|2016|2184|1593|2668|3369|2450|1601|2410|1796|1506|2528|2859|1275|1621
2536|0|397.038|Unknown|3149|3010|1667|2274|1915|1795|1290|2711|3086|2225|1203|2025|1345|1802|1564|2023|1221|1356
2537|0|397.1039|Unknown|1785|1841|1076|1741|1188|1341|1117|2228|3137|1510|1494|2059|1166|1088|1959|1649|1236|1409
2538|0|397.1319|Adenosyl methionine|3642|4439|1788|2382|2999|3455|2338|2778|3838|3221|3199|3598|2447|1830|2686|3448|2180|2133
2539|0|397.1632|Unknown|2167|2363|2907|2293|2547|3106|1734|2180|4200|2254|1992|2921|1552|1409|2686|2546|1932|1769
2540|0|397.1859|Unknown|2388|3501|3050|3201|2209|3148|1744|3076|3814|2928|2391|4392|2121|1972|2661|3133|2415|1941
2541|0|397.2264|Unknown|17617|21087|22471|16392|18967|24481|10813|20219|15379|17991|16193|24945|18168|16603|51304|51110|26758|19588
2542|0|397.2518|Unknown|4044|5084|6058|4814|5296|6500|2569|4848|6217|5543|5170|6528|4525|4968|8110|10682|6146|5363
2543|0|397.2733|Unknown|2235|2292|2672|2552|2100|2102|1109|1973|3419|3378|2686|2718|1355|1421|3056|3970|3251|2439
2544|0|397.2951|Unknown|2031|1896|3610|3276|2755|2079|1911|2012|4278|3288|2513|2707|2114|1596|2827|3315|3152|2344
2545|0|397.332|Unknown|2782|3040|15220|11807|2387|2962|2132|4032|4355|9472|5266|4117|2060|3170|17268|10543|3060|3251
2546|0|397.3683|Unknown|1071|1232|4870|5919|965|1002|887|1383|2450|1981|2265|1709|1017|2041|2792|2867|1335|1852
2547|0|397.8522|Unknown|1727|1380|1662|1570|1886|1600|2028|1018|1029|1672|1035|1216|728|1107|856|1821|1313|2513
2548|0|398.0591|Unknown|448|1334|1652|1649|1102|1021|1650|1569|986|1937|797|1763|234|1431|1265|1367|732|1917
2549|0|398.132|Unknown|784|1445|1870|1399|1221|1301|2091|1956|1543|1672|1023|1837|226|2032|1678|2320|1063|1562
2550|0|398.2048|Unknown|1116|967|2793|1325|1706|2090|1536|2353|1873|2487|1252|2923|1108|1473|2100|2016|1142|2062
2551|0|398.2301|Unknown|4837|4729|6041|3565|3865|5516|3612|4350|4127|4719|4178|5328|4613|4337|12184|11338|5818|6476
2552|0|398.291|Unknown|5609|582|1534|769|6433|1742|1664|2575|587|1567|1172|2856|656|281|6643|9165|858|1908
2553|0|398.335|Unknown|1221|687|4042|3606|1205|701|1104|776|1152|2571|1872|1058|834|596|2994|2828|1037|1791
2554|0|398.8317|Unknown|3677|4335|4970|3699|5246|2690|3453|2402|3043|3659|3736|2553|2118|2132|2719|3832|2930|3575
2555|0|398.8476|Unknown|7580|7329|7219|5987|9253|5837|4829|4174|5830|5809|7197|4307|4621|3380|4418|6856|5467|6437
2556|0|398.9088|Unknown|1791|2513|1631|2615|2259|1917|2885|1276|2468|2003|2094|1707|1595|1585|1436|1614|1491|2657
2557|0|398.9247|Unknown|1634|2112|2391|2179|2633|1536|2525|1936|2141|2219|2161|1716|1499|1362|1558|1476|1541|3107
2558|0|398.9777|Unknown|1964|2251|1815|1963|2999|1849|2175|1652|2328|1129|1503|1319|1008|1446|1214|862|1137|2206
2559|0|399.0712|Unknown|2916|3584|19068|16348|3426|9886|6706|10561|3892|5908|5769|14906|12597|18909|26311|33252|18371|17278
2560|0|399.0938|Unknown|1626|2003|4797|3470|2234|3036|3160|3491|2138|2188|2555|3693|3139|4601|6609|6381|4081|4590
2561|0|399.1489|Unknown|1863|2620|2092|1948|3158|3153|2981|2199|2676|1887|2525|3064|2205|2331|3936|3110|2105|3441
2562|0|399.1874|Unknown|2067|2313|2843|3442|2991|3194|3250|3092|2367|2871|2998|3926|2792|2352|3143|2888|2383|3458
2563|0|399.2242|Unknown|2242|3053|3705|3646|3217|2707|2770|2222|2066|2385|2220|3177|2197|2322|4707|4539|2710|3064
2564|0|399.2741|Unknown|1670|2084|4365|3081|2171|2284|2032|1810|1349|2838|1971|1621|1319|1727|3637|3317|1483|2169
2565|0|399.2929|Unknown|1900|1272|1316|1743|2678|1527|1685|1393|869|1279|740|2033|839|766|3763|2561|910|1625
2566|0|399.3481|Unknown|3428|1432|40388|30423|3582|2118|3542|5007|4649|9794|7491|6881|3025|3239|5885|5788|7018|5604
2567|0|399.8492|Unknown|1717|2288|1449|1591|2214|1041|2314|1797|1016|1661|1897|785|2174|1492|2228|1630|1339|2058
2568|0|400.0736|Unknown|1844|2955|5042|5100|2190|2162|3144|4029|1360|2875|2645|4462|2902|4375|5926|6033|3533|4543
2569|0|400.0914|Unknown|1099|2346|2486|2368|1703|1672|2030|1529|1241|1860|1904|2664|3143|2776|3634|3127|1573|3016
2570|0|400.1479|Unknown|1973|1941|1578|1483|2035|1074|1351|1171|950|2506|1968|1176|1616|1616|2146|2240|1074|2389
2571|0|400.1998|Unknown|2770|1850|2336|2342|2575|3199|1810|1737|3686|2840|1876|1822|2326|2777|3752|3091|2371|2923
2572|0|400.2303|Unknown|3305|2279|4273|3579|3149|3482|2428|2517|3116|3203|2917|3242|2856|2386|3283|3879|2508|3449
2573|0|400.3512|Unknown|2102|701|12583|8573|2852|957|1126|2304|1206|3761|2726|2095|2046|1712|1819|1831|2536|2684
2574|0|400.8418|Unknown|5735|6020|3243|3217|5234|2628|3115|2079|3843|3060|3766|1607|2556|2501|1705|3435|2159|3058
2575|0|400.9937|Unknown|3406|1781|820|634|2935|87|1041|929|1306|1138|1565|380|675|714|692|1238|183|595
2576|0|401.0173|Thymidine diphosphate|1999|2131|2834|2805|2868|998|2368|2484|1458|1491|2070|3380|1638|2818|1889|3901|1988|2322
2577|0|401.0326|Unknown|1649|2278|2394|1844|1580|2080|1698|1083|1689|1486|1636|1545|1353|2843|2571|4021|1989|2444
2578|0|401.0761|Unknown|14504|15884|66951|50087|14948|64104|34856|47696|16163|23664|27014|60178|82698|113448|146706|184712|106905|96302
2579|0|401.1303|Unknown|202446|232358|481055|355579|258585|1110212|452664|640160|180900|228266|220201|979250|1423349|1831278|2150048|2652509|1675968|1376162
2580|0|401.1847|Unknown|2761|3363|4965|3678|3227|11584|3958|6035|3018|2879|2627|9900|13214|19637|26961|35153|17112|13755
2581|0|401.2016|Unknown|2433|2224|3047|2581|1833|6265|2238|4504|2219|2324|1686|5396|6101|8734|11300|16849|7371|6567
2582|0|401.2187|Unknown|2558|3002|4595|3896|2948|7695|2637|4027|3091|3487|3162|7110|7146|10819|15381|19956|9682|8689
2583|0|401.2323|Unknown|1584|1873|2893|2193|2305|3991|1529|2128|2746|1874|1733|3338|3167|4636|7051|9549|3925|3551
2584|0|401.249|Unknown|1024|1411|2345|1892|1393|4793|1595|2145|1959|1650|1311|2877|3930|5799|7474|11582|4372|4329
2585|0|401.2683|Unknown|310|1718|916|515|786|1870|743|937|1370|871|964|1142|1676|2473|3363|4722|1560|1836
2586|0|401.3026|Unknown|1674|3421|1299|655|2608|3382|1971|1729|2217|1547|1802|1542|3398|2495|7913|8405|2693|2505
2587|0|401.3544|Unknown|36|556|2600|1907|885|835|450|459|868|835|532|594|1073|1234|1368|2913|1639|1504
2588|0|401.506|Unknown|264|1|13|251|1|945|1|558|1|1|22|69|660|1785|1796|2208|1259|919
2589|0|402.0109|Unknown|5522|7442|12139|7875|6497|6729|14493|19348|8448|10553|8842|29211|9871|8941|13086|16126|11844|8067
2590|0|402.0783|Unknown|2935|3774|12015|11485|4045|12152|7766|10563|5340|6123|5857|13971|14244|19181|28498|36951|19928|17355
2591|0|402.1024|Unknown|1649|2809|2708|3201|1867|3357|3218|3364|2619|2057|1761|3768|4710|5507|6651|10193|6561|4039
2592|0|402.1333|Unknown|32285|38502|72361|56332|42135|178153|76660|105952|33289|40148|35860|158599|219188|288658|338179|406165|253414|222802
2593|0|402.1765|Unknown|1888|2676|3145|2238|2442|5907|3142|3323|6778|2805|2395|4602|5680|7514|9067|10422|6519|6240
2594|0|402.1915|Unknown|1521|2189|3318|3753|2100|3103|2445|3094|3458|3107|1927|4897|2581|2234|3166|4591|4075|2883
2595|0|402.2219|Unknown|1543|1882|2133|1834|1486|2258|1533|2134|1451|2249|1771|2612|1231|1067|2037|2600|1903|1023
2596|0|402.2348|Unknown|1441|2359|2943|2015|1885|2678|2252|3143|2050|2492|1885|3883|1445|1071|1733|2328|1078|1245
2597|0|402.8539|Unknown|5525|4907|6916|5752|7315|6247|4937|2832|3573|4244|7405|5095|5371|4001|4786|7091|6482|5248
2598|0|402.9604|Unknown|4815|3025|2460|1235|5237|1020|2363|1234|1215|1402|1265|1648|1808|1810|1747|1236|1407|1317
2599|0|402.9951|Uridine diphosphate|10861|16806|31669|19728|15437|13217|22182|33932|13814|20805|20450|48841|18300|14353|21738|26013|20257|17224
2600|0|403.0724|Unknown|10745|13465|14426|11662|12364|15844|9164|11445|5128|6398|7686|13832|19494|24786|35714|40533|21100|21464
2601|0|403.0871|Unknown|4889|6429|10604|8621|6486|12043|7034|7633|3946|5599|6194|9816|14924|18600|25601|33860|18898|17584
2602|0|403.1034|Unknown|6091|5774|36465|30780|8200|29820|15948|21832|8560|12551|14284|26125|36656|50266|68095|90885|51088|48907
2603|0|403.135|Unknown|9967|10062|23468|15281|12534|44229|20300|30484|8179|10827|9489|39457|55248|68800|86942|97301|66255|56004
2604|0|403.1935|Unknown|2775|4182|4711|3376|3977|4480|2371|3977|2975|3005|3656|4719|3272|2967|5036|7478|4269|3716
2605|0|403.2273|Unknown|2697|1377|4877|2535|3369|1606|1552|1572|2423|2319|2912|1289|2376|1432|3285|4839|2913|1886
2606|0|403.2645|Unknown|3386|2541|3346|2205|4619|2440|969|1094|2695|3241|3541|872|1596|2597|3456|15964|2817|2237
2607|0|403.3057|Unknown|935|1646|4227|2725|1581|1297|1181|1334|1608|4008|3718|2277|1994|2014|2519|1458|2654|2091
2608|0|403.5552|Unknown|6412|7737|12420|10389|7457|4994|4916|3799|3891|8876|8701|5177|5263|5387|3662|5503|5057|3502
2609|0|403.9983|Unknown|3252|2460|5015|2811|3158|1735|2457|4302|2369|2323|3215|6899|2885|1311|3000|3708|2382|2175
2610|0|404.0445|Unknown|12157|13570|10253|7866|16342|5931|3926|6627|5288|7330|6057|8518|6841|5579|6963|7134|4931|4669
2611|0|404.0555|Unknown|7436|8168|9040|7210|10092|4970|3190|4194|3449|6933|5721|6551|4668|4689|4802|6691|3555|4231
2612|0|404.0753|Unknown|3239|3903|5606|3843|4973|4191|2151|2750|1680|2557|3113|4289|5344|7748|10191|12548|5581|6797
2613|0|404.1046|Unknown|4372|15327|30127|21208|6401|88557|18412|39418|9272|11889|9831|48388|72666|110453|234290|385999|86126|68303
2614|0|404.1356|Unknown|2158|2474|4194|4273|2524|10704|3051|6819|2820|3189|2864|9153|11230|13661|24192|33524|12160|10283
2615|0|404.2678|Unknown|1931|897|1344|1153|2002|703|303|1038|810|1144|1815|779|561|704|940|4535|569|736
2616|0|404.8559|Unknown|7122|5032|12038|8983|8328|6925|5292|4987|8218|4827|9904|6248|6063|6381|8624|11574|7164|6469
2617|0|404.9563|Unknown|5165|1875|1102|1706|4476|1141|975|1377|2444|1106|1482|1082|1299|588|1018|771|1168|842
2618|0|404.9882|Unknown|5040|2094|3062|2940|5856|1196|1631|2233|2628|1979|3316|2357|2149|1275|2830|2026|2280|1240
2619|0|405.006|Unknown|3119|1793|4138|3547|2994|1537|1735|2218|2149|1661|2129|2895|1584|3274|3882|4514|1905|1558
2620|0|405.048|Unknown|3633|2485|3713|2463|3457|1746|1785|2344|2112|2062|1702|2291|1763|1528|2538|3101|1663|2479
2621|0|405.0771|Unknown|2915|3294|8467|6862|4041|7287|4806|5943|3481|4005|4141|6770|8398|13350|13461|21978|12203|10243
2622|0|405.1082|Unknown|2349|3262|6432|6348|2233|15695|4487|9221|3683|3337|3348|8497|10412|17716|37417|58844|15538|14241
2623|0|405.1406|Unknown|2239|1792|5301|4303|2356|3342|2496|3462|3881|2762|1930|3201|4213|3661|5355|7315|3576|3245
2624|0|405.1715|Unknown|20576|21407|266464|214981|23667|17328|30309|55394|177297|99842|52135|38521|35122|47638|49361|81132|49666|47751
2625|0|405.2104|Unknown|2188|2266|8863|7655|2912|1939|1787|3878|6468|3910|3037|2476|2274|2691|3106|4354|2728|2459
2626|0|405.2251|Unknown|2146|2029|6134|4738|2459|2852|1758|3134|3590|4573|3914|2181|2217|2094|2681|5454|3365|3005
2627|0|405.2674|Unknown|8631|3421|12602|9332|9431|5660|4148|6749|6500|12881|10313|7898|6120|7269|6385|10160|8135|8086
2628|0|405.2949|Unknown|1941|1462|3731|3094|3193|1479|1134|2737|2373|2448|2709|2124|1682|1461|1971|3165|2441|2153
2629|0|405.3381|Unknown|1175|848|11613|10177|1593|940|1094|2686|2270|4381|5885|2587|1068|1434|2208|2072|3417|2130
2630|0|405.8562|Unknown|1472|1808|2131|2127|2464|1310|1064|1547|1513|2432|2216|1664|1271|2409|1644|3130|1388|1803
2631|0|405.9911|Unknown|1628|1871|1180|785|2747|917|664|1418|600|1000|1109|1256|679|1281|1172|1003|827|765
2632|0|406.0701|Unknown|1364|1578|3497|2081|2341|1611|1123|3490|1344|2206|1994|2548|2126|3553|3498|5115|3078|2915
2633|0|406.0921|Unknown|1104|2069|2047|1890|2119|2008|1280|2097|1469|2293|1461|2547|2092|2874|3390|3886|2109|2743
2634|0|406.1095|Unknown|799|2617|3388|2218|1808|4435|1059|2918|1163|1916|1640|3323|4039|6610|10827|15539|4892|4146
2635|0|406.1335|Unknown|706|2095|2399|1526|1888|1802|1256|2120|1352|1852|2056|1409|2097|3133|3187|4662|1949|1603
2636|0|406.1754|Unknown|5264|6554|67229|53876|7559|4934|6839|14807|42685|24578|12174|10063|10060|13167|11911|17874|15221|11835
2637|0|406.2709|Unknown|2122|2628|3095|2492|2415|1960|1430|2881|2089|2557|3020|1970|1392|3393|2158|2012|2496|3102
2638|0|406.8424|Unknown|14127|12941|27246|18715|18607|15367|10224|8980|12715|13325|19833|13721|10282|11653|15681|22971|14029|13479
2639|0|406.9665|Unknown|1818|2026|3390|2392|1936|1731|1106|2029|2092|2392|2099|2414|2369|4620|3818|4868|2741|2527
2640|0|406.9846|Unknown|2141|1503|2268|1449|2473|1134|645|1203|1406|1408|1642|1313|779|1793|1591|1937|1271|1171
2641|0|407.0105|Unknown|2087|1868|3090|2211|2082|1652|797|937|1948|1413|1725|1448|1199|1380|1804|979|812|1184
2642|0|407.0455|Unknown|1958|1388|2022|1223|1988|1649|856|693|1160|1070|1450|1453|1091|1472|1978|2198|1485|1602
2643|0|407.0637|Unknown|1269|1359|1822|1108|1801|1992|1166|780|1063|1471|1704|1096|1561|1803|1641|1864|1354|1486
2644|0|407.1205|Unknown|3301|4723|3652|2406|3267|4661|3048|2520|3300|1808|2756|4411|3599|4038|4923|6321|3867|2721
2645|0|407.1871|Unknown|3339|2946|8377|6606|4345|8846|2636|3082|5963|3463|3540|2797|2381|3512|7392|12375|3969|2122
2646|0|407.2021|Unknown|2615|2118|4440|3456|2906|4055|1784|1991|3464|2496|2682|2479|1658|1797|3465|4775|2004|1403
2647|0|407.2188|Unknown|2104|2128|3246|2937|2071|3059|2087|2432|2406|2314|2828|3785|1122|1735|2712|3206|2272|2417
2648|0|407.2449|Unknown|2059|1143|2110|2613|1658|2013|1472|1358|1595|2069|2423|1681|1101|1307|1584|1627|1591|1806
2649|0|407.2653|Unknown|13557|1657|2360|1450|20375|4503|2095|1103|1476|1743|1432|1500|851|1705|4761|4685|1811|1803
2650|0|407.2785|Unknown|4920|1646|3323|2118|8284|3240|1588|1397|1767|2157|2480|1476|1275|1544|3753|3272|1128|1744
2651|0|407.8413|Unknown|3673|3136|6245|4900|5353|3929|3706|2877|3255|3930|5255|3975|3777|2909|3785|7509|3392|3894
2652|0|408.012|cyclic Adenosine diphosphate|5361|6111|12026|8015|5428|5909|4119|5473|3814|7807|6243|7560|6842|8069|7213|7886|7173|7074
2653|0|408.1895|Unknown|1992|1317|2012|2215|1381|1903|1869|1151|2171|1763|1576|1609|1209|1314|2245|3625|870|1122
2654|0|408.2686|Unknown|3177|521|1085|651|6036|825|1201|575|918|841|769|651|573|268|1810|1024|465|763
2655|0|408.8453|Unknown|4513|3458|6544|6124|6093|3942|3866|3057|3894|4111|7302|3600|3877|3345|4814|7694|5621|4396
2656|0|408.9666|Unknown|1426|1044|2267|1772|1823|667|1488|1530|1455|1358|1243|1839|991|1415|1824|2637|1427|708
2657|0|409.0083|Unknown|2202|2501|4720|2336|2480|1839|1904|2183|1903|3174|2846|2774|2142|2198|2613|3098|1910|1953
2658|0|409.0422|Unknown|2343|1848|2334|1818|3619|1350|1368|1607|1425|2060|2159|1493|1400|2124|2374|1844|1273|1186
2659|0|409.1166|Unknown|855|1506|1954|1265|1441|2010|1489|1684|1200|1575|1383|1405|1542|2291|1620|2714|1898|1350
2660|0|409.1452|Unknown|3909|2972|2681|2003|4367|6507|2101|1924|2252|1867|2231|1815|2859|2872|6477|12805|2926|3367
2661|0|409.1868|Unknown|860|1544|2686|1524|2200|1808|1246|1916|663|1967|2318|1066|1479|2109|1647|2743|1811|1489
2662|0|409.2265|Unknown|2785|3321|6898|5465|5446|3649|2275|5491|3703|8411|6803|5127|3415|4492|4077|4062|5885|4987
2663|0|409.2419|Unknown|4972|5786|28428|22334|6922|4732|4204|13242|7330|24367|22757|13303|8378|10407|5011|5182|16274|15978
2664|0|409.2605|Unknown|3760|2753|9906|7782|3748|4159|2576|4536|2893|10038|7127|4688|3963|4707|3862|4754|6523|6477
2665|0|409.3084|Unknown|1955|1326|4052|2249|2609|1593|1193|2096|1833|3469|2164|1290|2043|2521|2666|2678|1712|1612
2666|0|409.3313|Unknown|1143|1485|3868|2487|1775|1260|828|1901|1468|3697|1816|1611|1466|1433|1751|1617|1192|1389
2667|0|410.0271|Unknown|1471|2462|3068|2118|1167|1433|1091|3577|1353|2138|1934|2825|2325|2237|1219|2186|3066|1752
2668|0|410.0756|Unknown|1188|1507|3006|2003|990|1482|1406|3433|2026|2143|1467|2608|1416|2655|2194|3985|2301|536
2669|0|410.1488|Unknown|1702|859|1866|884|871|2079|714|2368|1422|1094|560|1513|652|1522|2318|3206|1485|1120
2670|0|410.245|Unknown|1608|1170|7455|6046|2019|2007|1515|3868|2012|5043|5343|3691|2270|2873|2338|3250|5850|5131
2671|0|410.838|Unknown|1210|2131|2552|2253|1616|1789|1748|751|2668|1334|1947|1182|1219|1659|1478|1166|2070|2395
2672|0|410.8657|Unknown|1818|2620|2935|2554|2017|2505|1871|1235|3418|1840|2558|2033|1668|1839|2101|2877|2875|3130
2673|0|410.9993|Unknown|1918|1716|3497|2949|1704|1778|1870|1205|2459|1905|2982|2491|1119|2741|2620|2969|2128|2545
2674|0|411.0409|Unknown|1783|1929|2121|1854|1773|1704|1747|1236|2148|1668|2058|1884|962|1923|1770|2781|1982|2163
2675|0|411.1427|Unknown|2043|2457|2326|1767|2155|2435|1638|1200|1986|2772|2631|2142|1702|2699|3231|4333|2343|2733
2676|0|411.1638|Unknown|1648|2248|2466|3790|1461|2071|2106|1140|1918|3007|2384|2763|1668|1983|3049|3034|1620|1933
2677|0|411.2025|Unknown|2659|3047|3971|3711|2717|3340|2383|3371|3069|3172|3442|3863|2554|2908|4809|3726|3194|3121
2678|0|411.2223|Unknown|1888|2299|2575|2938|2486|2570|2173|2567|2328|3258|2702|3118|1386|2467|3012|3408|2776|2668
2679|0|411.24|Unknown|3261|3895|6726|6566|3042|3242|2528|3434|4326|5669|5575|5020|2516|3388|3519|3962|4631|5135
2680|0|411.2746|Unknown|1144|1659|3074|1945|2264|1906|999|1871|2003|2832|3287|1944|1302|1511|1917|2476|2675|1472
2681|0|411.311|Unknown|1936|1908|3680|3327|1854|1808|1558|1578|2179|4309|3115|2913|1187|1640|2441|2840|2773|2815
2682|0|411.3481|Unknown|2102|1971|10123|7247|1954|1507|1478|1937|2233|6287|5157|3070|1443|2303|11925|8577|3614|2667
2683|0|411.3841|Unknown|2399|691|33415|25287|2624|1836|1770|3327|2953|6237|5941|5163|1349|6824|10021|12066|5281|5345
2684|0|412.0358|Unknown|525|1163|3355|2594|1836|1743|1616|2216|518|2239|1271|2524|1837|2872|5252|5290|3096|2390
2685|0|412.1229|Unknown|1005|2071|2285|1478|1346|1824|1063|1732|683|1824|2029|2401|1746|1883|2057|3548|1072|1095
2686|0|412.1609|Unknown|641|1204|1255|582|1048|2114|539|1591|1953|1420|1638|2115|1075|1217|1420|2259|926|1103
2687|0|412.2193|Unknown|1429|1041|1603|2078|1268|2552|1984|1767|804|2180|1403|2435|1044|1390|3026|2410|1082|1578
2688|0|412.2462|Unknown|1814|1817|2989|2442|1807|2818|2091|3353|2288|4018|3367|3176|1736|3156|3229|5093|2618|3178
2689|0|412.2685|Unknown|2285|883|1432|1200|1362|1747|1697|2178|1195|1630|1722|2447|727|1677|3775|4182|1389|1377
2690|0|412.3431|Unknown|3455|3469|1802|1518|3524|2999|2135|3508|2148|718|1052|3658|3528|2384|4467|3498|2953|2410
2691|0|412.3874|Unknown|784|113|8153|7868|104|753|436|1414|1388|1119|1002|1898|727|1893|3672|3187|1452|1263
2692|0|412.8122|Unknown|1976|1215|2690|1837|2379|1251|1186|1068|1403|1904|2318|2283|1354|939|2361|1556|1282|1923
2693|0|412.8271|Unknown|2295|1473|3426|2757|1834|1541|1686|1968|2159|2223|2852|3238|2327|1188|3810|2944|2800|2559
2694|0|412.9673|Unknown|7852|8351|5183|3546|10852|6435|3792|4989|6136|7153|8114|10079|5377|4839|8161|8021|9370|9964
2695|0|413.011|Unknown|3326|1678|1778|1598|2493|1116|1283|1484|1330|1106|2363|1721|1079|1155|1882|2518|813|1607
2696|0|413.1096|Unknown|2979|2152|1281|1101|2564|2206|1229|1894|810|1850|2222|2430|1833|843|2458|2647|1587|1918
2697|0|413.1285|Unknown|1861|2514|1528|1656|1557|2568|1857|1752|567|1718|2333|1848|1470|1051|2440|2732|1629|1418
2698|0|413.1611|Unknown|2514|3256|3451|3187|2271|4494|3480|3905|2419|3185|3371|5581|2936|5057|6548|7795|3741|3005
2699|0|413.1791|Unknown|1978|2202|2947|2475|1563|3355|2205|2147|1358|2464|2506|3954|1696|1698|4159|3200|2028|1897
2700|0|413.2187|Unknown|1547|2475|3014|1977|1540|2707|1653|2479|1531|3155|2686|2727|2255|1449|3646|3832|1855|2098
2701|0|413.2337|Unknown|1304|1848|3175|2696|1363|1973|1046|1969|919|3418|2601|2679|2376|2017|3098|3049|1805|2215
2702|0|413.2514|Unknown|698|1341|2958|2222|1025|2017|889|1889|803|2898|2929|2369|2174|1505|2684|2722|2049|1761
2703|0|413.9697|Unknown|2228|1165|1600|782|1791|3553|1430|1854|1676|1415|1715|2427|1453|1181|1135|1612|1392|1667
2704|0|414.1632|Unknown|1664|709|2211|1466|279|1841|1700|1868|1263|1919|1540|2071|2168|2070|1748|2834|1298|1479
2705|0|414.2135|Unknown|1697|673|2112|1492|366|1726|1320|2175|2973|1073|1612|1784|2160|1581|2143|1640|1807|2299
2706|0|414.2857|Unknown|3235|763|2090|1879|3563|2002|2122|2360|1873|2342|1818|3697|2200|1093|3046|3433|1064|1606
2707|0|414.5468|Unknown|586|2331|1751|1928|915|1317|953|643|346|4451|2586|976|2363|948|508|1189|1241|753
2708|0|414.8243|Unknown|2891|2054|5542|4222|3401|2425|2390|2336|3343|3493|4046|3901|3852|2746|3845|4139|2583|3603
2709|0|414.8825|Unknown|2268|1267|1789|1661|1651|1920|1429|1354|1548|1586|2221|2101|1844|1522|2055|1689|2136|1997
2710|0|415.0094|Unknown|3512|1190|1679|2181|3669|796|1327|1735|1323|1269|1858|1307|1436|1589|1882|2200|1216|1024
2711|0|415.0353|Unknown|6429|4199|2650|2078|10473|1517|1499|2059|1275|2084|1288|1615|1960|1730|1499|2360|1746|1942
2712|0|415.1104|Unknown|1936|1602|1755|1486|1793|1974|1651|2065|979|1291|1396|1750|2465|2054|1945|1519|1864|1430
2713|0|415.1404|Unknown|2657|2372|8978|7014|3379|5868|3720|7797|4155|6047|5586|14994|7552|15082|14258|15441|6214|5741
2714|0|415.2328|Unknown|2505|2655|3736|3012|2759|1855|2365|3068|1988|2560|3079|2959|1259|2782|2555|2360|2584|2078
2715|0|415.2694|Unknown|1969|1175|2630|1959|2435|1060|743|1367|309|2077|2074|1276|883|1756|2024|1772|1575|1477
2716|0|415.3062|Unknown|2729|1723|3149|2953|3269|2244|1313|2765|1077|4475|3555|2672|1377|2841|3378|2570|3798|2279
2717|0|416.0362|Unknown|1594|2007|4845|3688|3220|1314|2787|5586|1465|2731|3053|7052|1195|2306|3302|3054|2987|2095
2718|0|416.1414|Unknown|1957|2549|7859|6991|1685|7547|4024|8342|2577|3369|4267|11087|6787|20791|27694|30624|6275|5544
2719|0|416.1814|Unknown|2299|2216|2844|2316|1760|2236|1403|2394|2024|1579|2794|3003|2074|2059|2574|3000|2142|778
2720|0|416.2107|Unknown|3464|2300|5433|3377|3001|2625|1500|1912|1977|2292|3081|4020|1708|1870|1219|2980|3099|1190
2721|0|416.8238|Unknown|2911|2274|4476|3113|2384|1439|3394|1426|2523|2696|2965|3005|2496|2445|2769|3218|3064|2790
2722|0|416.858|Unknown|2475|1538|1825|1003|1936|733|2550|914|2001|2049|1719|2860|1122|1299|1723|1723|1826|2163
2723|0|416.9192|Unknown|2761|1967|2906|1895|3246|704|2458|1214|2159|1713|1311|2138|1374|1696|2278|1549|2099|1702
2724|0|417.0067|Unknown|4475|1863|3862|3351|4244|425|2383|1381|2064|2951|3546|3756|2115|1989|2938|2710|3160|2481
2725|0|417.0184|Unknown|2825|1684|2696|2236|2456|556|2056|878|1360|1750|2048|3183|2022|1643|1943|1780|2435|1790
2726|0|417.0416|Unknown|2084|1952|2118|2206|2245|159|2150|1142|1439|2022|1503|2982|1761|2410|2720|1890|1859|2286
2727|0|417.0759|Unknown|1921|953|1578|1388|1258|341|2002|1038|1468|1183|1314|2028|1274|1670|1525|2183|2230|1578
2728|0|417.2104|Unknown|5421|4542|5716|4310|5558|8675|3542|2866|4054|4134|5259|5338|3495|3879|9274|19603|5824|4627
2729|0|417.2678|Unknown|2025|2227|8548|7009|2230|1988|2209|3348|3467|8143|9111|5530|2663|3115|3345|2387|6399|4446
2730|0|417.2859|Unknown|2101|1739|7026|5030|1871|1656|1696|2544|2708|6048|6814|4345|2291|2357|1834|2036|4894|3583
2731|0|417.322|Unknown|81408|71964|490617|351442|93815|65604|42940|176189|92376|418029|316120|187003|110805|167372|58428|75672|274571|231324
2732|0|418.0091|Unknown|1711|1605|978|777|1307|675|1930|1384|1452|1259|559|2254|1000|731|1431|1208|1013|629
2733|0|418.0972|Unknown|1015|1279|1082|703|758|1623|2113|1714|1253|895|750|1705|1269|1347|1436|1095|902|1376
2734|0|418.16|Unknown|1344|1824|2701|2391|688|1326|2688|2340|2334|2042|2093|2145|1572|2039|2012|2844|2597|1579
2735|0|418.2139|Unknown|1127|2625|2948|2323|2259|3801|2619|3145|2167|3126|1713|2451|2282|2685|3437|6190|1900|1340
2736|0|418.2711|Unknown|1467|1342|2487|3035|904|719|1478|2914|1512|2171|1766|1582|1766|1561|1253|1406|1595|1758
2737|0|418.2868|Unknown|852|1309|1973|2282|447|859|1202|2492|1441|1987|1495|691|1471|1290|984|1754|1267|1196
2738|0|418.3254|Unknown|20124|17265|121501|96526|22709|15733|10746|51467|25293|103653|77861|47345|32154|45863|16677|19567|69043|56076
2739|0|418.826|Unknown|3633|3076|6399|4880|3650|3484|5022|2388|3923|3729|5086|3075|3176|3523|2895|5013|2961|3401
2740|0|418.9583|Inositol triphosphate|3123|2879|969|1091|3982|1111|2171|1047|1708|1593|1161|509|848|867|836|722|778|522
2741|0|419.0036|Unknown|3570|1541|1706|1395|3474|1053|2294|1228|2120|1905|1961|897|693|1651|1785|1675|1250|1256
2742|0|419.0779|Unknown|3610|3536|31708|24513|4328|14456|12392|18732|5924|9286|9374|25656|22272|33165|50859|61284|33375|30505
2743|0|419.1607|Unknown|924|2526|2950|2448|1343|1932|2965|2037|2542|2449|1961|2099|1144|2082|2206|2336|2278|1405
2744|0|419.19|Unknown|3362|2680|3357|2549|3957|2573|2961|1722|2810|2899|1893|1692|2180|2276|2570|3309|2491|2034
2745|0|419.2027|Unknown|1735|2280|3292|2143|2283|2085|2319|2175|2703|2516|2272|2425|1576|1763|1551|3272|2915|1673
2746|0|419.2632|Unknown|1485|1341|5502|3693|1685|2187|1588|3142|2115|6013|3918|2078|1775|2170|933|1741|3419|3117
2747|0|419.3285|Unknown|3864|3111|20687|13585|5179|3704|2529|9036|5570|20764|13828|8925|5234|8602|3590|3808|11774|12038
2748|0|420.0814|Unknown|1869|1689|6795|4169|1705|2858|4005|3752|2831|3927|1707|2949|4289|5189|9238|10538|5748|4323
2749|0|420.331|Unknown|1632|1479|3045|2216|868|484|2301|2090|1669|3633|2009|2015|2284|1110|869|930|1879|2056
2750|0|420.8285|Unknown|4128|3495|4541|4017|3533|2271|2756|2963|3922|2643|3616|3955|3870|3157|2851|3322|3802|2592
2751|0|420.903|Unknown|2728|2584|2025|1977|2099|746|1938|1655|2367|1605|1562|2532|2040|1173|852|821|1181|1497
2752|0|420.9537|Unknown|2732|2513|2038|1909|2032|938|2557|2241|2902|2015|1407|3358|1760|1348|1332|1092|1599|1042
2753|0|420.9806|Unknown|3174|2999|1756|2266|1994|484|1805|1938|2716|1907|1562|2786|2270|2268|1760|3230|1414|1229
2754|0|421.0005|Unknown|3984|2736|1767|2250|2739|282|1518|2178|2344|1996|1563|2806|2037|1818|1347|1869|1514|1221
2755|0|421.0531|Unknown|2599|3706|5670|4916|1801|2523|2474|3144|3313|3260|3390|5741|5359|4484|7353|9231|5061|4394
2756|0|421.0817|Unknown|13622|16407|54124|42162|17153|49922|26895|34984|16818|25239|24669|45084|56581|84374|100475|144088|76798|66800
2757|0|421.1424|Unknown|3381|4290|7200|5457|2993|3617|3319|5948|11541|4550|2672|6186|4529|5018|5106|6153|6786|5240
2758|0|421.1648|Unknown|2197|2704|3842|3594|1867|2628|2672|3594|4271|3300|2356|4438|2809|4081|5367|5201|3236|2012
2759|0|421.2017|Unknown|2835|2956|3548|3606|3267|4809|2879|2518|4366|3260|2711|2630|1884|2211|5225|9274|3829|2343
2760|0|421.2248|Unknown|3177|3398|6654|5219|3790|3186|2730|3504|3443|4747|3577|3222|1682|2557|4111|6313|4190|3003
2761|0|421.245|Unknown|4544|2956|5193|3614|5486|3754|3637|6263|5667|4765|3557|6545|4218|5032|5617|7576|7746|7272
2762|0|421.2584|Unknown|2236|1885|4018|3286|2892|1886|2625|3137|3288|3346|2188|3620|2275|2213|3681|2996|4656|3565
2763|0|421.2985|Unknown|3032|2739|8850|5948|2991|3279|2500|2749|4166|5688|5155|3874|3035|3507|5838|9451|6444|5088
2764|0|422.0839|Unknown|3755|3966|11746|9956|3602|9621|6669|6143|4144|4386|6928|11076|12098|14959|18631|24911|14541|12325
2765|0|422.1459|Unknown|2377|1144|4001|2040|556|2376|2653|2008|3870|1449|1130|1881|2337|1535|1643|2088|993|2222
2766|0|422.1648|Unknown|2815|2800|7051|5529|2017|3911|3084|3740|3737|2808|2262|4541|3141|2748|4716|5026|2557|2740
2767|0|422.204|Unknown|2776|1389|2128|2056|1324|1994|1898|1256|2481|1369|1300|1450|1275|1053|798|4221|639|1622
2768|0|422.2291|Unknown|2714|1775|2412|1863|1569|1985|1746|1171|1967|927|1217|1066|910|494|1297|1944|595|1235
2769|0|422.2486|Unknown|3546|1640|1368|1135|2362|1556|2098|1780|1958|766|976|1580|1311|2010|1404|1946|1766|2022
2770|0|422.3014|Unknown|2108|1066|2056|1467|1279|1184|1472|1040|2059|1319|1064|1272|1464|1303|2301|3297|1550|1769
2771|0|422.8261|Unknown|3553|1847|2028|2660|2253|2474|2180|1749|3119|1265|2642|1595|2243|1287|1655|2479|2487|2074
2772|0|422.8476|Unknown|4079|2349|2620|2962|2602|3815|2596|1701|3385|2087|3025|1769|2338|1863|2226|2848|2718|2885
2773|0|422.8626|Unknown|3675|2740|2509|2696|2950|2571|2788|1573|3308|1854|2356|1792|2311|1711|1705|3636|2351|2747
2774|0|422.8933|Unknown|3308|1631|1739|1611|2485|1490|1513|1500|2237|847|1293|1570|1411|1381|1185|1251|1408|1804
2775|0|422.9966|Unknown|3476|2422|1946|2349|1855|1729|1947|2110|2033|1733|1233|1482|1272|2293|2164|1385|1877|1644
2776|0|423.0303|Unknown|6584|6101|12625|10581|5818|7732|4695|7505|5895|5380|6269|8330|9201|9039|11558|13903|9515|8699
2777|0|423.0577|Unknown|4775|4070|11228|9859|4787|9950|7071|8424|4270|4957|5056|7649|10097|16465|17113|23063|15673|13985
2778|0|423.0781|Unknown|7719|6536|11123|9958|8025|11407|6634|7388|4124|4815|4794|10898|12146|17088|21692|27771|16534|14656
2779|0|423.1007|Unknown|6019|8827|10584|9348|6750|21114|9726|11438|4535|5479|5499|15534|23563|26019|24790|34648|26333|24615
2780|0|423.1112|Unknown|9405|10489|26817|21952|10283|35405|20068|22148|9143|13308|14604|30181|41210|49739|58067|78763|54206|48177
2781|0|423.1385|Unknown|3630|3884|6294|4997|3292|6780|3345|5009|4987|2808|3349|5797|6287|7404|8175|9913|9910|8140
2782|0|423.1605|Unknown|5801|4873|4120|3606|5416|10363|2783|3160|3230|2531|3155|3818|4478|4936|8065|20292|4633|4433
2783|0|423.2013|Unknown|2862|2295|2161|2371|1550|2382|1594|2085|2997|1283|1859|1918|1500|1620|1467|2932|1675|1926
2784|0|423.2449|Unknown|3463|2062|2885|2471|2368|2392|1663|2720|2939|2186|2051|2863|1497|1909|2528|3007|2568|3157
2785|0|423.2751|Unknown|2044|1861|3421|2839|943|1776|1089|1982|1825|2319|2795|1670|1425|1391|2013|2392|2253|2094
2786|0|423.2937|Unknown|3086|1868|4889|3233|1492|2579|1355|2063|1940|2630|2415|2006|1664|2110|2037|4351|2596|3512
2787|0|423.3104|Unknown|2983|2412|5786|4800|2018|2808|1748|2448|2671|5623|3811|2679|2424|2410|2433|3667|4085|3141
2788|0|423.384|Unknown|2199|2471|4224|3876|1282|1780|1407|2211|1581|4735|4594|1824|2172|1233|1192|1937|2295|1545
2789|0|423.4203|Unknown|3291|998|6227|5393|597|1391|1137|2217|1989|4174|3172|1441|1201|1461|2079|2142|1537|1680
2790|0|423.549|Unknown|1911|3015|5121|3772|2480|7429|1657|1252|632|962|1928|2892|6343|10546|15743|18309|7494|8536
2791|0|423.9035|Unknown|2976|2243|1951|1760|2582|1772|540|1447|2099|1603|996|2088|726|1300|1365|1075|473|1674
2792|0|423.9939|Unknown|2890|2244|4373|2840|2141|2702|3794|3968|3273|3985|3893|5608|2909|3705|3093|4222|3300|2875
2793|0|424.0253|Unknown|1810|1833|2305|1930|1689|1714|1380|1779|2019|2300|1238|3338|1332|2156|2319|2397|1882|1665
2794|0|424.0328|Unknown|2029|2315|4156|2341|1831|2187|1697|1938|2215|2620|2006|3318|1983|2331|2804|3282|2241|1992
2795|0|424.0583|Unknown|2450|2136|3186|3524|2283|3512|1996|1881|2529|2827|1828|3411|3439|5056|5711|6385|4476|4941
2796|0|424.1145|Unknown|2541|3023|5600|4243|2304|8414|4634|4241|2780|3444|3393|7318|7247|8925|10522|13406|10198|8474
2797|0|424.1429|Unknown|1887|1806|1817|1569|1501|2528|1668|2088|2606|2040|1584|2382|2119|2289|1478|2938|2035|2926
2798|0|424.1637|Unknown|2130|2251|2081|1336|2095|3867|1335|1864|3020|1462|1363|2508|1407|2301|2114|5255|1913|2307
2799|0|424.2826|Unknown|1759|1949|2761|1687|1513|1984|632|1529|1393|1788|2091|1824|1178|1325|1969|2993|1707|1738
2800|0|424.3031|Unknown|2240|1494|3796|3141|2015|2738|913|1979|2219|3401|4003|2560|1109|2035|3264|6000|4419|2515
2801|0|424.8437|Unknown|2212|2462|2028|2285|3393|2022|1355|1508|2281|2360|1826|1777|1967|1768|1788|2266|2565|3279
2802|0|424.8639|Unknown|5292|4205|5569|5544|6216|4406|4788|2843|4497|4586|6010|3158|4971|4021|4533|7199|5694|5011
2803|0|424.9771|Unknown|3173|5323|8526|6292|5116|3917|6763|7558|4175|5870|6928|9752|5329|3333|6748|6633|5715|4234
2804|0|425.0547|Unknown|1960|1795|3349|3011|2191|3719|1776|2500|2321|2605|1785|3454|3020|4158|5576|6848|5079|4965
2805|0|425.0737|Unknown|5545|6869|20033|19021|7963|30342|12447|17005|6615|9466|10596|20737|34593|43426|54081|74978|44057|41670
2806|0|425.1297|Unknown|2183|2352|6793|4220|2326|4121|1908|3269|2158|3569|1798|4674|2932|5561|7771|8203|3638|2851
2807|0|425.1588|Unknown|1895|2159|2378|1710|1939|2871|1807|1388|2032|2692|1128|2158|1585|1755|3260|4472|1670|1160
2808|0|425.178|Unknown|1792|2395|4846|4522|1667|1860|1919|1864|5041|3564|2308|2578|2165|1879|3396|3241|2410|1668
2809|0|425.2184|Unknown|1634|2823|3341|2771|1727|1532|1896|2396|2471|3364|2509|2635|1672|1651|3216|2374|2192|2205
2810|0|425.24|Unknown|1801|2201|3862|3508|2333|2937|2337|2922|2271|3379|2585|4674|3247|2699|3099|2893|2321|2553
2811|0|425.2574|Unknown|8533|11997|12581|9978|12780|11610|6599|11556|6642|12529|9669|12730|10827|11408|21690|21255|15365|12103
2812|0|425.2867|Unknown|2159|2978|4247|3028|2662|2505|1559|1878|1870|4178|3100|2714|1944|2504|5129|4229|3378|2708
2813|0|425.3057|Unknown|2205|1877|6189|4752|2562|1397|2288|2912|1957|4925|3867|2871|2402|2252|3889|4437|3600|1933
2814|0|425.3254|Unknown|1407|1601|3610|3845|1669|1000|1597|1545|1450|4195|3005|2400|1741|1578|3203|2479|2479|1315
2815|0|425.3634|Unknown|2093|1139|13845|11874|2548|1230|923|1818|2491|6511|4335|2155|1078|1926|12611|6006|3201|1907
2816|0|426.0221|Adenosine diphosphate|68016|100141|225220|148952|82375|98481|103764|125360|78572|132524|115159|193889|156807|90435|112978|145225|144256|121430
2817|0|426.0619|Unknown|3009|4030|8151|5101|3778|4884|3623|5338|3614|4534|4511|7401|5259|4523|5147|7913|5910|4779
2818|0|426.076|Unknown|2265|2647|6536|4287|3350|6697|4453|4124|2943|2093|3304|6414|7865|8459|12086|16133|9882|8671
2819|0|426.1275|Unknown|1262|2181|3288|1984|1317|3129|1422|2396|2527|1768|1763|3318|2110|3568|4567|5210|3183|3070
2820|0|426.2604|Unknown|3248|3279|4219|4664|3806|3364|2150|3806|3432|3854|3298|4791|3278|3533|6476|7287|5051|3248
2821|0|426.3218|Unknown|2875|1075|2302|859|2404|1362|553|2664|1014|1172|1196|2017|1190|981|2651|3249|982|763
2822|0|426.3663|Unknown|664|382|4646|3443|716|403|744|684|1048|2263|1850|922|480|699|3612|1546|860|969
2823|0|426.8599|Unknown|5316|3746|6802|4553|5743|4488|3372|2799|5661|4555|7147|4385|5176|4014|4794|6940|3644|3620
2824|0|427.0249|Unknown|9969|13995|28849|22867|12063|14027|14175|16769|9956|16353|15030|26236|22471|12400|13713|21016|21838|18781
2825|0|427.053|Unknown|3141|2484|4557|4338|2850|3076|2242|3264|2642|2961|2530|4149|3102|2677|3104|4264|4024|3136
2826|0|427.0729|Unknown|2169|1590|3642|3230|1456|3838|1877|2455|2766|2799|2543|3271|4223|4216|4201|7182|3844|4088
2827|0|427.1243|Unknown|1979|2739|2649|2890|1608|8093|3743|2857|2732|2184|1854|5292|7475|9501|8919|11460|7979|8465
2828|0|427.1766|Unknown|2750|2520|4999|3481|2530|3130|1741|3236|2309|2835|1929|5648|2295|5985|6219|10759|2644|1832
2829|0|427.2327|Unknown|1997|1487|3123|1859|1826|2905|1597|2418|3235|3262|2449|2008|1615|1904|2682|2268|2488|1592
2830|0|427.2666|Unknown|1680|1580|3366|2954|1239|2775|738|2337|1737|1565|1803|2439|1552|1757|2684|2826|1265|1753
2831|0|427.3216|Unknown|8617|5153|15728|14586|8509|4162|4516|6845|7425|10229|9338|8667|5166|3538|4139|5603|4582|4746
2832|0|427.379|Unknown|1921|483|20694|16417|1597|1870|917|2744|3048|5110|3923|2875|1827|1508|1791|3947|3331|2436
2833|0|428.0271|Unknown|3209|5195|8672|6108|3165|3617|4054|6009|4653|4467|4397|7603|5666|3205|4381|6354|5589|4719
2834|0|428.0576|Unknown|2207|3754|7178|7042|1987|2622|4302|5818|3415|5548|4875|9135|3730|3922|3444|3768|3404|3454
2835|0|428.1257|Unknown|1582|1750|1405|1603|824|2493|1326|1903|1706|1703|2289|2477|3369|3375|3096|3869|3257|2267
2836|0|428.1762|Unknown|1938|2253|3113|2453|1247|1284|1253|1862|1871|1623|2249|3000|1458|2611|2643|3726|1182|995
2837|0|428.2312|Unknown|2090|1911|2361|2205|1889|2551|1549|1972|2115|2840|2437|2778|1809|1886|3188|3133|2480|1363
2838|0|428.325|Unknown|2529|3255|5758|5573|3453|1139|2107|2665|2801|3750|3452|3857|1713|1663|1992|2401|2612|1622
2839|0|428.3375|Unknown|4444|2500|2855|3359|4232|1169|1977|5459|1868|2143|1386|5886|1089|1546|3082|4069|1709|1164
2840|0|428.3826|Unknown|1526|962|5641|6631|759|887|971|1394|1459|1714|1290|1379|375|689|1020|1482|1409|1251
2841|0|428.8523|Unknown|3852|3354|4805|4100|3810|2923|2338|1903|3671|2681|4505|4989|4298|2387|3582|4082|3193|2742
2842|0|428.9825|Unknown|2980|2327|2700|2377|4018|1191|604|1135|1849|1011|1482|2085|1316|1115|946|1557|1231|1362
2843|0|429.0254|Unknown|2922|1619|2861|2623|2036|2533|1187|1607|2811|2440|1693|3950|2047|1703|1764|2059|1722|1388
2844|0|429.0512|Unknown|13325|7266|2808|3031|16294|2258|1157|1204|2391|1621|1690|3340|1389|1496|1585|2539|1650|1346
2845|0|429.1243|Unknown|4840|5431|6383|4735|3966|13877|8686|11022|4053|4196|3547|16626|30597|30185|27524|33458|22492|18170
2846|0|429.1491|Unknown|2520|1970|3635|2986|2353|4523|2310|3042|2214|2189|1886|5235|6212|5315|5182|7479|4445|4088
2847|0|429.1731|Unknown|1910|1800|2594|2522|1466|2731|742|1666|1973|1423|2202|3616|1376|2030|1842|3731|1658|1204
2848|0|429.2219|Unknown|1827|1498|3421|3709|2518|3317|736|2623|4134|3034|1765|4059|1616|2126|2022|2976|1849|1856
2849|0|429.2377|Unknown|1258|1294|2689|2925|1982|2581|1233|1956|2686|1606|1694|3953|1168|1701|1901|1764|1805|1571
2850|0|429.2475|Unknown|1509|1837|3516|3516|2251|2739|1514|2585|3483|2156|2119|4271|1446|1785|2225|2173|1721|1675
2851|0|429.2853|Unknown|1801|1634|3650|2536|2246|2833|1502|1945|1548|3038|2251|2898|2080|1836|2334|2853|1431|1828
2852|0|429.299|Unknown|1512|853|2710|3216|2090|2203|998|2029|1436|2522|1845|3409|1865|1510|3635|2637|1855|1860
2853|0|429.3337|Unknown|1802|1593|2247|2942|3242|1922|1469|1977|1904|2122|1790|3488|1427|1506|4597|3284|1230|1376
2854|0|429.9947|Unknown|640|1387|2842|1706|2109|1079|863|1899|1399|1904|1361|2916|1253|1460|2373|1883|1469|1743
2855|0|430.1283|Unknown|490|1523|3617|1148|1726|3671|2067|2526|1764|1525|1633|3822|6581|6820|7020|5998|3616|4022
2856|0|430.1564|Unknown|1343|1631|7271|6375|2694|10867|5251|7764|1709|2369|3325|12735|13531|36141|44504|50715|14011|11690
2857|0|430.2063|Unknown|1926|1056|2990|2147|1541|2545|1995|2205|2265|2036|2185|4660|1676|2061|3096|4164|1329|1861
2858|0|430.24|Unknown|2267|1690|4702|2891|2487|1934|1631|2169|2734|3020|2560|4744|2186|1218|3099|2489|1585|1279
2859|0|430.3532|Unknown|3332|524|1371|819|4082|1999|1516|1380|674|534|456|1974|790|456|4473|4762|582|870
2860|0|430.8489|Unknown|2320|1512|2556|2281|1786|2829|2682|1998|2271|2193|2418|1489|1560|1675|2814|2385|1655|3051
2861|0|430.9072|Unknown|1218|769|1297|1256|697|1677|1719|949|1226|1153|1230|580|588|847|2210|967|684|1841
2862|0|430.974|Unknown|3304|3059|7822|6051|3498|4516|2998|2825|3257|3816|5159|4187|1989|2949|4552|5502|4604|4160
2863|0|431.0221|Unknown|2400|1642|2575|2113|2082|2551|1607|1368|2670|2121|2331|1949|1382|1884|3043|1881|1359|1903
2864|0|431.0473|Unknown|2988|1658|1942|1630|3042|2256|1411|1669|2458|1895|1530|1329|1077|1053|3092|1677|1047|1400
2865|0|431.0665|Unknown|2388|1259|2116|1584|2262|2389|1279|1581|3982|1651|1586|876|649|1400|2924|1736|939|1608
2866|0|431.1057|Unknown|1627|1764|1938|2023|1680|3630|1581|2031|1806|1663|1889|1656|2515|3878|4534|5727|3222|2210
2867|0|431.1594|Unknown|2302|2129|4347|3524|1982|5503|2557|3417|2359|2761|2339|3825|3980|10122|11023|12166|4935|3541
2868|0|431.2248|Unknown|3641|3838|7918|6603|3477|6055|3295|4207|3465|5466|4651|4624|3489|3443|5308|6271|3826|3782
2869|0|431.3009|Unknown|1497|2394|3301|2893|1726|2292|1120|3954|1817|4315|3011|2753|1251|1819|2859|1959|1813|2399
2870|0|432.112|Unknown|1102|2077|2175|1850|1491|1620|2479|470|1858|2496|2647|2008|1654|1360|2004|1931|1226|1186
2871|0|432.1614|Unknown|845|2022|2408|1807|1534|2468|2733|1165|2213|2323|2951|2788|1716|2212|3283|3421|1862|569
2872|0|432.208|Unknown|1937|2635|3215|2860|2672|3107|3595|1735|3153|2630|3477|3005|1818|827|2702|3405|2171|1315
2873|0|432.2234|Unknown|1316|2232|2784|2268|2051|2880|3426|1094|2780|2428|3202|2658|1586|906|2696|2174|2044|1479
2874|0|433.0189|Unknown|2204|1848|1701|1254|2597|2140|1826|2304|1274|1981|2611|1827|757|1075|1606|1828|859|1734
2875|0|433.0585|Unknown|1228|1202|1090|983|2156|1983|1517|2218|1332|1265|1641|1541|743|1006|976|1109|186|1287
2876|0|433.1391|Unknown|1310|1551|2085|2409|1869|2383|1787|2618|1603|1654|2437|3073|922|2546|3320|4625|1281|1890
2877|0|433.2159|Unknown|1583|1097|2378|1780|2473|3464|1622|1650|1553|2261|2083|2466|1342|1363|2188|2936|1481|1704
2878|0|433.2399|Unknown|1629|1351|4621|3334|2364|3087|1857|2428|1602|3331|3582|2284|1363|1770|2393|2782|2940|2764
2879|0|433.2584|Unknown|1038|771|1981|2378|1267|2540|1581|1105|1095|1734|2262|1405|612|806|1971|2422|1507|1501
2880|0|433.3162|Unknown|1322|1573|1879|2110|1141|2611|1306|1213|1453|2326|2452|2377|1339|1564|1775|1833|1649|1900
2881|0|433.3318|Unknown|1916|2571|4527|4488|1976|2913|1630|1982|2032|3222|2848|3007|1862|1558|6013|3936|1753|2552
2882|0|434.1359|Unknown|946|606|1589|1570|392|1713|2147|1248|862|1376|1543|1548|2298|1611|1585|1987|510|1342
2883|0|434.1948|Unknown|1056|767|1794|2059|488|2055|3262|2191|1324|1811|1973|2638|2080|1820|3142|2799|775|1208
2884|0|434.5372|Unknown|145|161|1889|534|247|1162|1005|193|166|1013|606|955|2272|2126|4491|4653|3351|2455
2885|0|434.8016|Unknown|2317|1736|3381|2433|2482|1390|2039|2008|1959|2292|2302|2317|1946|1942|1710|2367|4427|1943
2886|0|434.835|Unknown|2646|1938|839|1564|1715|1420|1913|1801|1944|1355|2434|1936|1612|1748|1495|1658|3610|1676
2887|0|434.8721|Unknown|2298|1601|860|858|1295|1269|1390|2018|1957|1042|2130|1798|1630|1514|1434|1295|3566|1841
2888|0|434.9546|Unknown|5536|3096|1734|1249|4774|1607|2095|1996|2526|1789|2663|3281|1469|1431|1817|2076|4007|1884
2889|0|434.998|Unknown|3628|2855|2902|2110|2175|2530|3719|3417|2859|2017|3660|3373|2413|2421|2648|3627|4563|2086
2890|0|435.0442|Unknown|2112|2345|1978|1267|3193|1712|2534|2474|2129|1207|2034|2493|2848|2522|3498|3806|4965|2472
2891|0|435.0881|Unknown|2006|2020|1179|1216|1755|2106|1392|2344|2156|1461|1876|2362|1401|1280|865|2440|2965|1513
2892|0|435.1215|Unknown|2732|3027|1400|1355|1598|2474|1140|1778|2698|1874|2283|2316|1274|1996|1700|2055|3359|2092
2893|0|435.168|Unknown|1982|2644|1564|1844|1488|2385|1187|1750|2301|1643|1893|1207|1485|1382|2398|2109|3456|1198
2894|0|435.2099|Unknown|3143|2484|2573|2201|1877|2404|1357|2514|2567|2208|2444|2049|2456|1805|3375|3173|3423|2077
2895|0|435.2957|Unknown|31675|14930|7595|7787|41531|6478|3598|3546|10037|6471|6595|5938|5674|7304|10706|17498|9564|6567
2896|0|436.1811|Unknown|795|1444|1601|1421|1105|2148|1662|307|1306|1432|1382|1946|1393|1210|920|1662|1566|1037
2897|0|436.3|Unknown|8045|3729|2933|2619|12178|2830|1681|1489|3953|3279|2679|2944|1953|2249|2831|5597|3302|2800
2898|0|436.8042|Unknown|2064|2018|3324|2010|1639|1317|2695|2890|2332|1778|1878|2665|2310|2118|1857|2184|3231|2337
2899|0|436.952|Unknown|10558|3524|2994|2580|11280|1839|3210|3058|3245|3724|4170|3346|2121|2077|2466|3310|2516|2505
2900|0|436.9949|Unknown|2536|1577|2165|1775|2096|1034|3160|2575|2913|1967|2054|2835|2098|2301|2610|2206|2150|2128
2901|0|437.0208|Unknown|1838|1244|2539|2044|1701|1453|1996|2587|2317|1877|1966|2314|2110|2173|3224|2770|2516|2129
2902|0|437.0972|Unknown|1298|781|1177|1152|1294|2214|2114|2873|1886|1002|1743|2060|2287|2673|4338|4176|3210|2504
2903|0|437.176|Unknown|2897|2019|2186|1649|2904|5486|2473|2296|2473|2095|1495|2292|2949|1778|4938|9410|2306|2653
2904|0|437.2174|Unknown|984|775|2144|2124|1425|1629|1720|1619|2029|2109|1557|1652|2049|1185|2626|2761|2009|1531
2905|0|437.2571|Unknown|2342|1353|5533|5652|2288|2106|1724|2828|2573|6949|4656|4080|1827|3098|3662|2475|3236|2431
2906|0|437.2738|Unknown|3843|3162|20133|18614|4024|3479|3740|7071|6335|19397|20717|7455|5787|8377|4492|4357|11209|11318
2907|0|437.3115|Unknown|1643|1427|2549|2425|2684|1235|1827|1254|12391|2103|2288|1748|1854|1962|3326|4059|2591|2053
2908|0|437.3274|Unknown|1843|802|2122|2216|1635|886|1563|842|5018|3159|2286|1420|1554|2165|3479|2125|1662|1354
2909|0|437.3632|Unknown|1172|1846|3858|4052|1540|1154|1575|569|2122|4596|4057|1615|1586|1644|2037|928|1636|1223
2910|0|437.9556|Unknown|2417|1176|587|1346|1511|831|1067|1665|1666|1539|1373|976|731|1084|1569|1227|1255|1246
2911|0|438.0977|Unknown|1219|1169|910|1695|937|1186|1318|1228|1731|2382|1006|1182|930|1738|2806|1876|1483|160
2912|0|438.1218|Unknown|636|802|1994|2417|922|1642|967|1121|1930|1930|1242|1281|811|1674|2211|2259|844|157
2913|0|438.1795|Unknown|1538|813|671|1202|1036|1785|1010|1834|1602|1487|1341|1231|1474|889|1701|3297|1130|92
2914|0|438.2768|Unknown|1139|2314|6044|6021|2528|1683|1628|3908|2508|4951|5503|3278|2471|3366|2315|2432|4659|3456
2915|0|438.8015|Unknown|1351|2187|2171|3608|1844|1092|1974|1734|2414|1958|1767|2055|2209|1698|1112|2628|1598|1230
2916|0|438.8414|Unknown|2115|3052|3029|4877|3058|3032|2979|2354|3271|3484|3246|3458|3226|2490|2398|4241|2814|2798
2917|0|438.8995|Unknown|1625|2520|1564|2881|1729|1362|1518|1298|2602|2136|916|1861|1888|1462|1247|1688|1320|1160
2918|0|438.9486|Unknown|6744|3246|3141|3677|7393|1649|2364|2005|2073|3124|3330|3338|1978|2104|2211|3584|2072|1428
2919|0|438.9921|Unknown|1813|2531|1660|2950|2174|1853|1422|2052|2387|2678|1827|3597|2886|2777|2352|2733|2384|1760
2920|0|439.0312|Unknown|2330|4078|9454|7999|2848|5061|3996|6505|2825|5033|4178|7783|6701|9685|9807|11642|7997|8496
2921|0|439.078|Unknown|80661|79969|77760|58600|103659|85985|55283|66976|26164|32626|30361|98313|135273|134475|197291|216943|126624|108623
2922|0|439.1376|Unknown|1368|1887|2554|2768|2247|2197|2302|1812|2296|1579|1718|2512|2720|3648|3888|4411|2402|2426
2923|0|439.1749|Unknown|1786|1991|2902|3027|2066|2739|1709|1952|1864|1643|1720|2289|1772|2364|2728|4120|1811|1388
2924|0|439.2193|Unknown|1886|3029|3669|3812|2424|3597|3268|4356|2458|3382|2873|4589|2707|1911|2709|2948|2357|1777
2925|0|439.2326|Unknown|1049|2863|2962|3695|2423|2887|2530|2751|2638|3206|2469|3537|2160|2097|2578|3552|2640|1730
2926|0|439.2703|Unknown|1635|2750|5948|5485|1923|3069|1538|2077|2036|5366|4348|3638|2038|2859|3272|3769|3853|2907
2927|0|439.2785|Unknown|1415|2082|5070|3747|1725|2865|1355|2232|2037|3479|3941|2909|1988|2806|3220|3364|3452|2367
2928|0|439.3062|Unknown|10861|3825|5744|5587|12609|8415|7391|12219|12502|7009|6238|15802|7214|13677|12338|15284|18713|15251
2929|0|439.3419|Unknown|1226|2549|3829|3046|2178|2651|1500|1692|1705|3150|2130|2212|1744|1952|2364|2597|2315|1204
2930|0|439.3786|Unknown|2150|1801|10898|7867|2068|2115|1425|1693|2048|6574|4762|2106|2954|2248|6849|4584|3195|2339
2931|0|439.9525|Unknown|1653|907|2091|1060|1871|1579|1426|1483|1047|1098|1827|1831|981|682|1062|1330|643|689
2932|0|439.967|Unknown|1466|1385|2626|1599|1467|2620|2369|3125|2083|2479|2380|5071|1709|1189|2022|2854|1272|1699
2933|0|440.0347|Unknown|1455|824|1770|1740|1493|1425|1569|1549|774|1953|1409|2376|2256|1538|2989|2843|2251|1333
2934|0|440.0812|Unknown|12390|12542|13326|9959|15877|12890|9377|10354|3750|5742|5556|13879|20807|21628|33355|33327|19868|15733
2935|0|440.2229|Unknown|1369|1135|1936|1905|1811|2271|2169|2379|1655|2398|1373|2279|1737|748|1854|1462|907|454
2936|0|440.2424|Unknown|1562|1027|2423|2296|1322|1809|1753|1871|1812|2631|1507|1928|2204|1482|2673|2532|1604|558
2937|0|440.277|Unknown|2314|1728|3879|3590|2301|1848|1892|3284|2592|4016|4096|3589|2319|2765|4346|5493|3720|2236
2938|0|440.3096|Unknown|3878|987|2824|1887|5235|2451|2880|4608|3728|2481|2089|6505|3015|4016|4610|4482|4938|4889
2939|0|440.8169|Unknown|2361|1705|2907|2709|2838|2116|2927|1166|1620|1747|2714|1819|2130|2083|1898|2496|1989|2488
2940|0|440.8381|Unknown|3129|2755|4407|3990|4277|3721|3883|1652|2913|2885|3808|3420|2504|2685|3030|3127|3161|3650
2941|0|440.9458|Unknown|6956|3292|4343|3694|5307|2380|3315|4567|2094|2921|4043|7650|2747|3188|2936|3939|3334|3956
2942|0|441.0064|Unknown|2368|1589|1655|2374|2926|1321|2283|1048|1011|1196|1694|1494|1219|1945|1397|1470|995|1888
2943|0|441.0304|Unknown|2215|1920|2561|2871|2415|2714|2599|1748|1438|1202|1710|2098|1669|3081|2461|4566|2467|3099
2944|0|441.0797|Unknown|7776|6667|7586|5687|7589|7234|4738|5295|2867|4009|2749|7665|9660|11525|14805|18205|11091|9404
2945|0|441.1808|Unknown|2777|1682|2547|2771|2782|2208|2298|2525|2610|1556|1098|2901|1778|3816|3215|3840|2768|3332
2946|0|441.2113|Unknown|1372|1141|2545|2218|2244|2745|2082|1289|2182|2066|1607|2224|2152|2817|1865|2261|1159|2203
2947|0|441.2525|Unknown|11037|15033|13893|11902|13496|14775|8459|13399|8520|10647|10950|15562|13203|11792|30432|30120|15438|13281
2948|0|441.2798|Unknown|1976|2149|4629|4329|3608|3144|2879|3133|1887|3910|3052|2918|2545|4602|3823|4718|3284|3476
2949|0|441.3372|441.3372|5954|2807|12806|10988|5241|2509|2988|4585|5698|7615|5948|7223|2929|4009|3590|3865|3549|4278
2950|0|442.0013|Unknown|4436|5592|6361|5577|6262|3011|2986|4508|2936|3829|3785|6896|4601|3865|4203|5948|4673|2995
2951|0|442.0173|Guanosine diphosphate|8769|14378|25565|16245|14284|13507|16463|23250|9882|17273|14785|37413|19856|11641|18791|23420|19792|17343
2952|0|442.0807|Unknown|1801|1691|2227|2293|2488|1704|1989|1695|1432|1764|1668|2222|2388|2643|2997|3192|2012|2077
2953|0|442.1551|Unknown|1472|1944|1400|1575|1612|1732|1739|1203|1435|2082|2091|1231|1924|2108|1803|2193|1553|2229
2954|0|442.1872|Unknown|979|1539|2111|2037|2399|1486|1281|1850|1872|1789|2169|1877|1166|1777|1177|1782|1338|1770
2955|0|442.2561|Unknown|3365|5269|3889|3085|5671|4656|2828|4440|3268|3155|3502|4814|3446|2859|8074|7825|4185|3990
2956|0|442.3173|Unknown|3418|718|827|961|3858|1647|1222|2382|930|650|1793|2737|1016|618|4136|4845|819|958
2957|0|442.3406|Unknown|1904|936|4172|2904|2431|745|1277|2500|2044|2347|2547|3403|1499|1162|1492|2212|1634|1492
2958|0|442.8104|Unknown|3439|2091|2800|3322|4403|2909|1608|1529|1875|2121|2631|1738|3266|1558|1633|2346|2244|2029
2959|0|442.8341|Unknown|2523|1630|2644|3123|3572|2737|1834|1759|2375|1989|3859|1299|3578|1587|1853|2529|2191|2381
2960|0|442.9436|Unknown|2065|985|1511|2079|2757|1888|1326|1553|1945|1641|1950|1618|2879|792|1285|1207|1671|1567
2961|0|443.0036|Unknown|3738|2489|3202|3560|4844|1817|1416|2416|1336|2134|2305|2805|2639|1827|2281|2590|1626|1498
2962|0|443.0214|Unknown|2533|3116|4209|4058|4091|3229|3850|4628|2420|3954|4157|6623|5283|3822|4527|4073|4907|4117
2963|0|443.0633|Unknown|3622|2693|7679|7273|4970|8923|4011|5425|3530|4404|5175|6403|8437|11427|12662|16844|11355|10001
2964|0|443.118|Unknown|4722|5379|20671|17380|7669|27024|14159|15342|7816|9486|12121|23211|26531|32373|44453|56650|35819|35633
2965|0|443.1386|Unknown|1564|2589|5844|5765|3274|7799|4542|4171|3121|3648|4153|5769|7635|9727|10314|15944|9981|8364
2966|0|443.1908|Unknown|1014|1418|2325|3139|2359|2939|1340|2582|1761|2040|2007|2565|2391|1556|1993|2895|1351|2015
2967|0|443.2305|Unknown|2544|2739|6678|5993|5728|4678|2946|4681|4333|5751|6578|5845|4074|3122|3961|4908|3631|3430
2968|0|443.2459|Unknown|2768|3284|8438|7869|5186|3985|2538|4157|3661|7241|5571|4463|3346|3296|4403|5088|5038|3863
2969|0|443.3006|Unknown|2085|2239|4279|3760|3093|3632|2269|1966|1967|2356|2759|2651|3654|1765|3188|3070|2560|1443
2970|0|443.3159|Unknown|4306|7555|11271|8164|4821|7468|7355|4687|3393|5949|6620|5968|13824|3688|5544|4956|5631|4392
2971|0|444.0019|Unknown|1428|2176|1937|2178|1573|929|1290|2614|1539|1872|1157|2344|1203|1124|944|2204|1136|1284
2972|0|444.0319|Unknown|2247|4033|9146|5929|3046|2658|4219|10059|3369|4070|4626|13824|4354|2982|3499|4628|4292|3727
2973|0|444.067|Unknown|1399|1383|2758|2295|1349|2400|1738|2725|1334|1670|1807|3162|2332|2608|3154|3688|3584|3731
2974|0|444.1212|Unknown|1064|2103|4090|3600|1921|5155|2877|4517|2274|2387|2839|4272|4909|5431|8870|10217|7109|6487
2975|0|444.1725|Unknown|716|1431|1599|1615|643|2826|2336|1969|1636|1463|1484|2485|2500|2315|2299|2045|2126|3182
2976|0|444.231|Unknown|1344|1884|3321|1795|2056|2981|2480|2009|1490|2310|1547|2258|1575|1553|2718|2111|1543|2115
2977|0|444.2481|Unknown|1566|1762|5426|4659|1984|3226|2344|2726|1739|4278|2032|3223|2197|2086|2602|2413|2596|2399
2978|0|444.3194|Unknown|1407|2622|3991|2824|2260|2870|3467|1508|1205|2654|1966|2335|5686|1283|1614|2076|2382|1559
2979|0|444.806|Unknown|1798|1803|2569|2348|2526|911|2033|933|921|1460|964|1276|1318|941|1135|1785|1516|1334
2980|0|444.8385|Unknown|1732|1307|2175|2459|2302|1901|2024|1467|1151|1871|2415|1698|2279|1603|1523|2578|1931|2200
2981|0|444.9768|Unknown|3265|2923|5805|4540|3791|3187|2843|2929|2464|3698|3859|4698|2851|3008|3246|5091|3854|3429
2982|0|445.0003|Unknown|2841|2391|3833|2910|2819|1370|1743|2375|1259|2435|2011|2733|2086|1779|2686|3414|1827|1710
2983|0|445.0349|Unknown|2528|2205|2682|2999|1681|2009|2119|3082|1520|2296|1946|3756|1643|2232|2428|3076|1967|1955
2984|0|445.0548|Unknown|5196|6590|9144|6028|4730|5463|4550|6908|4375|6090|4955|7768|5598|5676|6787|8890|7347|6446
2985|0|445.0801|Unknown|4364|4060|14759|12076|4783|17132|8906|10050|4820|6595|8039|12755|19026|24542|33569|42552|26171|25411
2986|0|445.1294|Unknown|3309|4190|8143|5877|4927|5100|3947|5613|8452|5987|3327|3849|4330|7082|7547|12953|6061|5222
2987|0|445.1478|Unknown|3159|2882|6300|4541|2629|2737|2918|3315|5411|4566|3232|2418|2532|4395|4090|7331|3083|3461
2988|0|445.1869|Unknown|56701|72139|245227|185798|61945|53230|64772|106651|344612|144966|58637|78973|115113|123175|111718|149187|124145|107146
2989|0|445.227|Unknown|3574|4198|8733|8426|4163|3728|4072|5030|11646|6547|4424|4931|4467|5390|5742|7153|5513|4800
2990|0|445.2428|Unknown|2166|2737|4128|4666|2152|2518|2493|3784|3912|4536|3666|2904|2305|2736|3205|4265|2749|2226
2991|0|445.3316|Unknown|2574|3973|4932|3888|1583|3229|3508|3344|1652|3557|3044|3514|3736|2402|1971|4348|2835|2410
2992|0|445.3526|Unknown|1814|1678|4605|4241|2002|1622|2001|2976|1462|4532|2802|2223|1890|2647|1175|2859|2375|2149
2993|0|445.9832|Unknown|1767|2004|1569|2389|1808|1922|1319|1213|1549|1703|3493|2414|1444|1518|1773|1856|1989|2540
2994|0|446.0568|Unknown|1963|1625|3074|2932|1851|1953|1702|2416|1251|1738|2939|2383|1498|1633|2804|2649|2926|2065
2995|0|446.0821|Unknown|2601|1759|3716|3305|2072|4555|1927|2882|1465|2295|3600|3266|4301|5816|7935|9492|6862|5227
2996|0|446.1353|Unknown|1967|1989|3504|4389|1710|2298|1582|2286|3399|3464|2476|2539|1885|3167|4320|4355|2722|2483
2997|0|446.1516|Unknown|1972|2309|6071|5523|1896|5980|2898|5049|2328|3086|3278|6115|7052|29737|38535|38871|8108|5454
2998|0|446.1902|Unknown|16510|20087|63980|51674|16545|15536|18153|29542|91559|43061|17653|25587|29882|34334|29372|38713|35569|29443
2999|0|446.2211|Unknown|3597|4119|8679|7355|4453|6105|3260|3972|7755|5083|5011|4850|3346|5707|7616|14781|6851|6529
3000|0|446.3512|Unknown|2407|1502|3141|2366|3009|2303|1424|1804|733|1755|1736|2250|975|1834|2508|2093|2552|2255
3001|0|446.8354|Unknown|1692|2156|2686|2213|1830|1575|1313|878|1313|1859|2097|1035|932|1711|1934|2224|1865|2542
3002|0|446.8929|Unknown|2873|2803|3293|3275|2781|2548|2050|1378|2031|3056|3144|3074|1849|2465|2712|3473|2053|3028
3003|0|446.9772|Unknown|1729|2027|2822|2355|2774|2146|1719|1078|1675|2381|3526|2094|1531|2195|1877|2050|1752|2600
3004|0|446.9976|Unknown|2113|1596|2386|2027|2140|1547|1506|764|1063|1867|1918|1790|1019|1836|1794|1537|1248|1815
3005|0|447.0562|Unknown|2362|2864|5044|4128|3199|5351|2679|3310|2873|2698|3146|4114|4435|6033|7840|10174|6582|7836
3006|0|447.0901|Unknown|2607|2449|2091|1851|3051|3114|1624|1505|1580|2021|1668|1438|2135|3573|4783|7061|3458|3543
3007|0|447.0999|Unknown|2255|2461|2107|1871|2816|2573|1456|1611|1757|2329|1909|1865|2012|2734|4660|5714|3360|3133
3008|0|447.1548|Unknown|2380|2700|4070|3044|2539|4369|2035|2755|2420|2700|2872|2647|3465|8615|9043|9892|2571|3420
3009|0|447.1931|Unknown|4234|4330|14374|10070|4322|5040|4299|6556|18481|10362|5079|5743|7648|6501|6658|8838|5580|7346
3010|0|447.2243|Unknown|2168|1947|4444|3120|2607|4125|2136|2064|3824|3432|2882|3149|2480|2694|3011|5692|1710|3133
3011|0|447.2715|Unknown|1301|1293|2162|1366|2019|1320|843|776|1505|2019|1851|1264|880|1942|2411|2374|1248|2300
3012|0|448.0045|Unknown|15335|20207|46684|32257|16080|21768|24185|23588|17879|30035|26582|28781|27721|21561|19855|27269|27774|22370
3013|0|448.0599|Unknown|1780|1351|1840|1504|1216|2496|1255|1343|1170|1993|1739|1696|1359|2337|2458|2313|1836|2197
3014|0|448.1435|Unknown|1671|2378|2379|2747|1419|2032|1544|1783|2907|2570|2346|2692|2355|2634|2113|2416|1985|1934
3015|0|448.1961|Unknown|1628|1155|3518|2895|1141|1901|1431|1993|4392|2058|1388|1902|1987|2807|1887|2525|1438|1886
3016|0|448.9459|Unknown|2139|2398|1954|1736|2230|1390|1572|1544|1611|1671|2150|2004|1903|1266|2100|1516|1516|1430
3017|0|448.9708|Unknown|5155|1699|3027|1811|4578|1262|1440|742|2256|1864|2145|2912|881|1847|2189|1596|1430|1809
3018|0|449.0075|Unknown|4233|4763|7210|5923|3293|3429|4028|4202|3986|5208|4647|4238|5460|4146|4198|3715|3913|4348
3019|0|449.1313|Unknown|2335|2836|2325|1535|736|2470|2052|1444|2189|2626|1991|1761|1452|1699|2575|2885|1617|2065
3020|0|449.1471|Unknown|2202|2873|2433|1513|1187|1555|1828|1045|2608|1952|2048|2494|1498|1760|2883|2364|1051|2810
3021|0|449.1862|Unknown|2421|2263|2356|1671|1182|1961|1570|946|2092|1799|1879|2634|1460|1957|3081|2681|1858|2029
3022|0|449.2555|Unknown|2688|1966|3106|1705|1712|1829|1324|1480|2212|3579|2626|1840|1169|1775|3483|2119|1960|2636
3023|0|449.3264|Unknown|3168|2437|3543|3508|1810|1511|1188|942|2623|3233|2528|1670|1725|1430|3990|3886|1208|1352
3024|0|449.9738|Unknown|2344|1729|1064|1481|1346|1120|1196|599|939|1207|1367|1347|523|1596|1990|786|700|868
3025|0|450.0093|Unknown|3057|2672|2841|2024|1311|1866|1701|909|1662|2757|1930|2002|1950|2199|2248|2251|1848|1909
3026|0|450.0305|Unknown|2290|2327|2225|1909|687|1413|1277|989|1348|2246|1345|2514|1661|3023|2983|2511|1633|1292
3027|0|450.1706|Unknown|1469|2382|1051|1732|949|1816|1016|712|2345|1052|1180|1892|1428|1175|2317|1686|1012|1333
3028|0|450.2622|Unknown|6795|7344|10917|7983|7810|3440|5428|8965|8338|8756|7359|10945|7541|2480|4153|3682|8349|6474
3029|0|450.287|Unknown|2617|2695|2590|2883|2544|1568|1868|2997|2848|2211|2262|5294|1645|1115|2704|2649|2165|1900
3030|0|450.9043|Unknown|4418|4009|1530|2957|4064|1290|1516|1059|1123|926|1841|1861|964|1120|998|479|1468|866
3031|0|450.9574|Unknown|5001|3564|2741|3779|4986|1015|1375|1394|1717|2089|3075|2903|845|1764|1874|1756|1463|768
3032|0|450.968|Unknown|9341|3554|3549|4355|9811|1233|1291|1477|2545|2818|4984|4963|850|2021|2503|1941|1465|1123
3033|0|450.9938|Unknown|3264|2606|3979|4463|2541|1560|1571|2059|1349|2364|2548|2786|1030|2363|2270|2060|1471|1151
3034|0|451.1226|Unknown|1808|2892|2278|3427|1692|9410|4196|4499|1519|1254|2222|6157|11733|13198|10794|8002|8906|7177
3035|0|451.1867|Unknown|2047|2079|2689|4011|1395|1919|1576|1672|1526|1464|2518|2576|1428|2517|2555|2471|1632|1445
3036|0|451.2669|Unknown|2855|3382|4977|5119|2437|2114|1954|2249|1841|3195|4996|3228|3099|1551|3449|2279|1946|3083
3037|0|451.3277|Unknown|2879|2395|4642|4882|2294|2114|1388|2224|1844|2937|3645|2255|1303|2008|4012|4916|2445|2649
3038|0|451.3419|Unknown|2072|2472|5247|5219|1538|1893|1161|2029|1415|4324|4555|2202|1391|1220|2385|3192|2029|1699
3039|0|451.3788|Unknown|1468|2101|4898|4293|769|795|457|1743|457|4163|3521|1997|927|811|1621|1338|791|910
3040|0|451.971|Unknown|2511|1727|1372|2463|2228|1104|626|146|375|409|1638|1993|297|969|1647|847|712|1793
3041|0|452.0461|Unknown|1344|1068|2210|3814|1419|1520|373|462|297|888|1649|2268|521|1307|1478|1578|977|2255
3042|0|452.1385|Unknown|1469|2000|1957|2959|1487|2180|320|1414|382|1312|1343|2434|2109|3401|4167|4955|1988|2527
3043|0|452.2082|Unknown|1159|2140|2022|2856|1741|2538|991|1242|1128|1145|1080|1499|898|1362|2629|4950|1094|1732
3044|0|452.2668|Unknown|2243|1676|2574|4119|1841|1299|1333|1679|1165|2198|2368|2147|1582|1652|1628|1232|1586|1190
3045|0|452.2985|Unknown|2044|1835|3742|5204|1912|1972|1405|1774|2229|2569|2323|2051|1648|2268|3529|3354|2589|2445
3046|0|452.9236|Unknown|2295|1414|1005|1657|2170|1121|1897|1512|1183|625|1405|815|931|2050|2150|770|904|3517
3047|0|452.9647|Unknown|9126|2251|2696|2504|7612|1871|2514|2412|2298|2817|3550|3349|1497|2535|3958|2353|1513|3884
3048|0|452.9901|Unknown|4072|2035|2115|2726|3486|1966|2191|2268|1819|2047|2395|1983|1612|3153|3305|2370|1601|3524
3049|0|453.0792|Unknown|2799|2805|2021|2340|2199|2934|2894|2683|1252|1592|1617|2148|4206|4861|5562|6061|3292|4276
3050|0|453.1017|Unknown|2429|2302|3567|3457|1992|6615|5095|6744|2058|1687|1935|8818|17443|10106|14213|16104|12838|11711
3051|0|453.1332|Unknown|1686|2274|2142|2464|1502|2479|3042|2920|1848|1813|1898|2390|3203|3664|5070|3333|2725|4160
3052|0|453.1806|Unknown|2367|2220|1887|1853|1765|2161|2259|2371|1904|1749|2488|1698|1594|2289|3324|2982|1948|3451
3053|0|453.2116|Unknown|2443|2683|1811|2725|2083|2983|2404|2757|1883|1591|2080|1991|1431|2259|4121|3238|1967|3221
3054|0|453.2502|Unknown|2209|2564|2480|3213|1695|1624|2831|3234|2160|2428|3805|1911|1970|2374|3154|2591|2578|2796
3055|0|453.2869|Unknown|2568|2457|3522|3396|3306|2577|2100|3739|2812|3894|4541|4433|2423|2868|4161|4660|3637|4000
3056|0|453.3204|Unknown|1578|2300|2376|2699|2020|1124|1978|1996|1814|2462|2952|1731|1094|1882|3266|3229|2036|2061
3057|0|453.358|Unknown|1288|1950|3364|3492|1776|1833|1894|1973|1916|4444|3806|1564|1271|1482|2224|2469|1788|2842
3058|0|453.3949|Unknown|1335|1207|9185|7360|1556|1379|1472|2179|2033|4378|4247|1911|1221|1959|7192|3639|2073|2576
3059|0|453.9505|Unknown|5064|3485|5166|3226|4178|4771|3368|3525|4981|4075|5281|3219|3093|4739|2813|5144|4648|3576
3060|0|453.9675|Unknown|4235|2213|2053|1668|3226|2835|1926|2523|2798|2532|3516|2249|1953|2099|1263|2559|2939|2034
3061|0|454.1048|Unknown|2130|1815|1827|1047|1477|2428|1357|2456|1422|1003|1629|2465|2946|2113|3160|4185|3099|2550
3062|0|454.5715|Unknown|1115|1560|3364|1032|1740|2295|1517|1377|974|1967|1892|2657|1680|3031|2429|3579|1466|1215
3063|0|454.8147|Unknown|2172|1844|3093|2472|2048|3284|1158|1341|2132|1361|1737|1736|2075|2194|1710|3411|1491|2743
3064|0|454.9617|Unknown|5298|2277|2533|2197|4811|2273|1015|1206|2059|1903|2318|3124|1825|1708|1085|1672|994|1873
3065|0|455.022|Unknown|2180|1819|1386|1843|2118|2384|1081|1310|1833|1243|1460|1248|1588|1820|942|1490|1026|1801
3066|0|455.0738|Unknown|1322|2034|1934|1800|1483|2383|1574|1478|2116|1865|1364|2567|2363|3007|2349|3242|2020|1661
3067|0|455.1019|Unknown|3299|5035|9432|6799|3592|14722|16854|8694|4772|5022|4538|10277|28446|19289|25265|24701|12248|12451
3068|0|455.1677|Unknown|1527|1968|1589|1554|1530|1649|850|1439|2698|1022|944|1996|2087|1481|1924|2454|975|1715
3069|0|455.2301|Unknown|1827|2649|3281|3073|2141|3166|2365|3152|2954|2689|1110|2521|2637|3075|2451|3307|2009|1937
3070|0|455.2667|Unknown|2575|1848|3754|2777|2853|2662|2242|2952|2511|2409|2578|2668|2791|3441|2384|2781|2416|2614
3071|0|455.3004|Unknown|1549|1614|3260|1924|1068|1782|1381|1739|1978|1038|2865|1354|1933|2153|1760|2032|968|1221
3072|0|455.3485|Unknown|2319|1263|2427|1570|1783|1113|1964|2549|1225|1272|1829|1692|1365|1518|2242|2882|886|923
3073|0|455.9652|Unknown|1478|1317|789|876|1600|1704|1207|910|562|1242|907|1508|2026|1191|1206|836|635|1124
3074|0|456.0192|Unknown|3545|3275|1684|1626|4787|1738|1402|1316|770|1900|1392|1378|2039|827|1238|1488|787|1363
3075|0|456.1051|Unknown|885|2720|2886|1943|1721|3779|4258|2664|1407|1975|2215|3713|6792|4665|6349|5359|1881|3086
3076|0|456.1717|Unknown|965|2896|2404|1286|1439|3963|2375|1125|1359|2839|2120|2597|5486|10825|15709|15745|1802|3210
3077|0|456.2091|Unknown|649|2579|2492|1915|1537|3115|2079|1325|1702|2414|2040|2669|1802|1776|3318|2458|712|1301
3078|0|456.2425|Unknown|820|2051|2729|1891|1485|2078|2509|910|1791|2217|2213|3977|1741|1580|3249|2655|1505|1704
3079|0|456.2824|Unknown|875|2378|2446|1727|1393|2260|2605|931|1482|1950|2234|3269|2078|1827|2347|2694|1436|1587
3080|0|456.8173|Unknown|2620|3866|2998|2839|3240|2134|3391|1946|3296|2774|3333|2213|2105|1925|2863|3185|2682|2725
3081|0|456.8756|Unknown|2284|2500|2941|2434|2916|2771|3166|1974|2444|2224|3441|2233|2438|1833|2669|3633|2469|2387
3082|0|456.9111|Unknown|3224|2280|1388|1317|3046|1188|1998|1443|1455|1252|1413|819|850|720|622|871|629|1436
3083|0|456.9591|Unknown|2080|1024|1574|674|2572|855|1489|932|1324|944|1312|1418|594|524|1211|879|437|1084
3084|0|457.019|Unknown|2061|1596|1872|1025|2445|784|1750|1374|1602|1483|1939|1608|1033|1230|2166|1663|751|1852
3085|0|457.108|Unknown|1327|1647|1448|1038|1954|894|2373|1655|1063|384|1405|1101|2613|1939|2311|2218|730|1831
3086|0|457.1308|Unknown|884|1927|4098|3189|1582|1480|1930|2790|1431|696|2200|2361|2090|2040|3068|3893|1816|2292
3087|0|457.1494|Unknown|690|2315|2991|1749|1592|1513|1664|2272|1578|633|1469|2484|1182|2589|4137|3405|1020|1923
3088|0|457.1757|Unknown|742|1647|1405|1048|1777|1359|1706|1808|1314|725|1303|1158|1248|2636|2998|4837|1055|1811
3089|0|457.2449|Unknown|19190|23716|14925|10596|24199|8055|5313|7031|10050|8102|7254|7311|6790|6612|8964|11677|7465|6897
3090|0|457.2943|Unknown|3357|1918|4110|2892|5119|2519|2831|2964|3841|3818|4095|4017|2782|2744|3901|3798|3247|3618
3091|0|457.3154|Unknown|1925|1998|5408|4804|3234|3259|2434|2953|3066|4794|3681|3435|1632|2317|3728|3263|2626|2760
3092|0|457.7482|Unknown|583|423|2608|1587|1470|1246|1031|1385|1449|1247|954|1057|1184|1539|1161|1564|1242|2067
3093|0|458.152|Unknown|647|869|1789|1358|1282|2196|2013|1748|855|1055|530|2329|2191|3190|4988|4338|1235|2557
3094|0|458.1879|Unknown|6612|9309|10011|7454|7406|30624|21420|22254|3309|5563|4864|27414|38206|65896|80323|78344|30998|26065
3095|0|458.2478|Unknown|7713|7000|3890|2905|7609|3115|2958|4009|3017|3293|2450|2690|2201|2938|4077|4391|2984|3874
3096|0|458.8159|Unknown|2147|2173|3705|2971|3038|1549|2097|2216|2518|1970|2986|2251|2399|737|1793|2765|2372|3251
3097|0|458.9385|Unknown|5504|5604|4193|3437|5568|1681|2517|3570|2750|3775|4078|2884|1546|1337|1569|1942|3042|3330
3098|0|459.0162|Unknown|2646|1441|2956|2533|2703|960|1327|2045|1290|1927|2276|1497|720|1298|1441|1568|1848|2608
3099|0|459.0376|Unknown|1447|1688|6252|5169|2265|3037|2556|5151|1202|2676|2837|4998|3702|5026|6855|7453|5986|6303
3100|0|459.0917|Unknown|5290|6214|26875|19036|6654|21766|14358|26390|6767|9171|8606|35467|40153|53038|64695|74188|50121|43181
3101|0|459.1359|Unknown|2248|3133|4059|2689|2282|12044|4028|5866|1741|2632|2997|5599|20999|14563|14760|14863|13531|13247
3102|0|459.1642|Unknown|1374|2027|3030|2250|1707|3669|1842|3087|2129|1736|2507|2058|3375|3303|3102|3386|2983|4390
3103|0|459.1907|Unknown|2101|2693|4590|4332|3143|7248|5056|6181|2166|2758|3356|6967|8357|16027|18808|18120|6555|7555
3104|0|459.2611|Unknown|2475|2481|3995|3343|2787|3397|2341|3430|7345|2702|2224|2663|1485|1781|2179|2554|1974|3069
3105|0|459.294|Unknown|1398|2148|3466|2616|2312|1814|1898|2761|2391|2975|3021|2358|2079|1791|1879|2468|2005|3305
3106|0|459.3267|Unknown|16834|4097|10361|7366|19294|2198|1896|3891|16925|12849|13916|2951|2192|3380|6841|40719|5909|5808
3107|0|460.0401|Unknown|614|582|1905|744|747|1479|1120|998|1138|453|681|1319|608|915|2052|2214|830|2692
3108|0|460.0954|Unknown|848|1560|5601|3176|1186|5088|3530|3648|1932|2206|2375|6174|6058|8952|10795|13390|8301|9093
3109|0|460.1672|Unknown|23116|32681|133795|102267|25324|194793|116919|205270|29196|57137|48917|294166|417942|749594|769686|802856|359080|299054
3110|0|460.2078|Unknown|1928|2401|6582|4457|3095|7446|5674|7544|2243|4224|3263|10372|15192|28621|28365|31993|12477|10915
3111|0|460.2368|Unknown|3179|3194|4561|2772|3751|5734|2214|2321|2554|2789|2769|3581|3151|4818|9377|15571|4872|5607
3112|0|460.2598|Unknown|1947|1058|2409|1512|2623|2309|1668|972|2595|1445|2285|1915|1523|2824|4626|6056|1486|2582
3113|0|460.3298|Unknown|6066|2073|3760|2825|9138|508|1484|1604|5060|5823|5179|1520|842|1050|2900|16186|1731|2545
3114|0|460.8138|Unknown|2839|2112|3039|1893|3817|2596|2446|1958|2197|1973|3304|1856|1729|1911|2070|3199|2026|2660
3115|0|461.0152|Unknown|5509|2330|2527|1265|5421|1414|2433|1558|1689|1722|1581|2149|675|1258|2519|1671|1658|2058
3116|0|461.0428|Unknown|3599|3020|4886|3104|3866|4117|4055|3174|3057|2965|2541|4460|5934|6522|7029|9574|6939|6541
3117|0|461.0602|Unknown|9857|9442|16571|9978|11795|12379|10525|11538|6653|7041|8128|14001|18832|16959|25122|27468|21317|17405
3118|0|461.0908|Unknown|3184|3048|5538|3919|3675|4664|4874|5692|2933|2874|2670|5981|7687|8915|10897|13715|9017|8022
3119|0|461.107|Unknown|4013|3487|3825|2085|4062|4422|3610|3202|2758|2505|2163|3038|4303|4343|7215|9734|4214|4999
3120|0|461.1403|Unknown|2054|1877|2652|2032|1569|2021|2401|2887|1845|2021|1834|3067|3227|5047|4529|4969|3973|3121
3121|0|461.17|Unknown|5487|7234|29358|20488|6931|37077|24990|37429|9052|12901|13031|54777|81339|146651|148384|151338|70779|53450
3122|0|461.2409|Unknown|3263|1667|2875|2283|2429|2723|2937|3007|2781|2390|2048|2449|2400|1771|3261|5801|2588|2500
3123|0|461.2708|Unknown|2775|1232|4204|4321|2602|1729|2665|2598|3148|3049|4929|2241|2080|2315|1445|2731|2633|2516
3124|0|461.3119|Unknown|3534|1646|2946|2357|2350|1022|1814|2224|2804|1509|2294|833|1420|1762|1886|2998|1634|756
3125|0|461.3263|Unknown|2909|2463|3544|2566|2602|2360|3107|1969|3149|2984|3234|1642|3122|1407|2578|3514|1647|1134
3126|0|461.3336|Unknown|3055|1835|3028|2727|3397|1665|2521|1768|3236|2781|2684|1551|2202|1075|2287|3458|1834|834
3127|0|462.0175|Unknown|1076|1413|1899|1315|1974|743|800|2169|1831|888|1250|1959|816|1020|1393|730|425|702
3128|0|462.0636|Unknown|1710|3176|5102|3384|3253|3823|2290|3741|2712|2620|2292|4768|4509|4913|5496|6136|3179|3387
3129|0|462.0966|Unknown|392|1599|3233|1663|2114|2748|955|2952|2122|1840|1991|3568|2109|2666|3149|2768|2264|1483
3130|0|462.1278|Unknown|348|1533|2090|1179|1730|2794|1389|3237|1965|1493|1231|2110|2602|5412|4329|3520|1849|733
3131|0|462.1719|Unknown|1239|3770|7751|5286|3169|10319|6489|9510|3272|3835|3865|14364|19826|33733|36419|37460|14151|13315
3132|0|462.2201|Unknown|619|2052|2669|1260|1456|2593|1668|3184|2500|2139|1846|2578|1632|1532|2078|3334|981|1336
3133|0|462.2735|Unknown|134|1515|2037|1580|1481|1533|1106|2418|2238|1839|1700|1628|1208|800|1190|1151|797|973
3134|0|462.8032|Unknown|2568|3968|2243|2005|4038|1539|1466|1227|3083|1458|2155|1924|1477|757|1892|622|954|1809
3135|0|462.987|Unknown|2111|1926|1597|2164|2575|1316|1504|1552|2382|1459|1636|1148|773|781|1754|994|857|1882
3136|0|463.0118|Unknown|6449|3031|1546|2995|7778|1353|1733|1285|3191|2112|2222|1875|1095|1368|3484|2103|1552|2263
3137|0|463.0666|Unknown|1328|2339|4017|4765|2297|3334|3355|2125|2800|2308|2955|3487|5022|4980|7607|6769|4433|5792
3138|0|463.1124|Unknown|1604|2622|2331|2666|1723|6875|4091|1835|3449|2160|2077|4024|5986|6113|5945|8119|6733|6370
3139|0|463.1521|Unknown|682|1625|1573|2476|750|1637|1908|727|3098|1742|1861|1106|1413|2013|2421|2347|942|2131
3140|0|463.1758|Unknown|1101|1376|2743|2765|902|2743|2331|1749|2428|1314|1896|3179|2863|6898|6297|8100|2055|3764
3141|0|463.2425|Unknown|1206|1792|2248|2237|1436|1980|1662|1158|2505|2292|2061|2371|508|1979|3688|3694|1300|3470
3142|0|463.3273|Unknown|53371|27808|25019|16522|74841|10208|5638|7198|22077|14084|11043|11460|9728|13409|17413|28306|19026|16092
3143|0|463.379|Unknown|1990|1062|6332|5340|2546|111|1207|2469|3483|5691|4786|2427|598|1788|1718|2808|2233|2137
3144|0|463.9788|Unknown|5199|12128|31957|18461|9590|9825|13017|21966|10528|12551|11391|28633|18181|11482|12810|15112|18391|17363
3145|0|463.995|Unknown|3759|8928|17382|11074|7275|5860|8573|12321|7645|8280|7745|17857|10155|7987|8350|9654|10373|8989
3146|0|464.0149|Unknown|2578|3550|3894|3071|3768|2476|4238|3074|3487|2956|3753|4603|3414|2841|3594|3063|3121|3479
3147|0|464.0671|Unknown|977|2174|1990|2320|1440|1169|2428|1109|2420|982|2563|2437|1805|2157|3000|2282|2626|2213
3148|0|464.1147|Unknown|953|2192|1263|1385|1508|2195|2479|1824|1780|1346|2621|2566|2969|1989|2998|3808|2606|2721
3149|0|464.3311|Unknown|14481|7526|7660|6419|20975|2533|3342|3139|5989|3316|4165|3344|2977|3607|5023|9077|4280|4444
3150|0|464.8102|Unknown|2706|2234|2029|2053|3334|1490|1882|1018|2917|1825|2120|1716|2108|1424|2074|2906|1551|2347
3151|0|464.8356|Unknown|2322|2189|2551|2017|2738|1524|1976|919|3331|1854|1733|1644|2058|1543|2000|2255|2128|2336
3152|0|464.9223|Unknown|2080|1704|1521|1344|2722|687|1403|1225|3117|1682|1585|1249|1470|713|1505|1518|1343|1798
3153|0|465.0084|Unknown|8202|3021|2780|2504|7175|2103|2069|2673|3973|3338|2890|3493|2103|2150|3545|3913|2166|3211
3154|0|465.0452|Unknown|2091|2340|5026|4052|3129|4024|3206|3253|3142|2453|2443|3239|5046|5701|6493|9982|6289|5853
3155|0|465.086|Unknown|9254|9958|16400|14257|10572|55551|28466|16758|11001|9262|9833|25545|55427|60742|75514|95774|56091|58733
3156|0|465.1224|Unknown|2121|2755|3336|2980|3148|4291|2817|2666|4100|3025|2615|3476|4501|5144|5474|7674|4717|4714
3157|0|465.1382|Unknown|3983|5219|17689|12216|4277|4257|4903|5937|20449|8690|5594|4336|5741|6924|7538|9994|6936|6874
3158|0|465.172|Unknown|2659|2903|3301|2912|3360|2398|2385|2482|4137|4655|3004|2080|2323|2261|2762|3535|2809|2502
3159|0|465.2458|Unknown|1774|2047|1706|2434|3259|1650|1389|1534|2819|2102|1624|1722|1624|1281|2236|3403|1969|1692
3160|0|465.304|Unknown|3753|1994|12477|7350|3831|2045|1501|1663|3835|2858|3284|2709|2556|2534|11894|5644|2549|2262
3161|0|465.3215|Unknown|2547|2563|5413|4982|2743|1347|1364|1114|3063|3626|4044|1301|2230|1891|4911|3157|2235|1694
3162|0|465.3429|Unknown|2973|2443|4306|2828|4585|2390|768|641|16786|2709|2320|1151|1532|2950|2809|4602|2883|2460
3163|0|465.3563|Unknown|2076|1813|5703|4225|3160|1697|817|1107|8158|4459|2649|1561|1871|1978|2192|3507|2956|2035
3164|0|465.431|Unknown|1080|2070|5998|5008|1809|1095|1010|1529|2056|6411|4523|1782|1330|1519|1485|1483|2154|1392
3165|0|465.9854|deoxy-Cytidine triphosphate|3308|3273|4697|3603|4921|2343|2010|3288|2574|3527|2598|3897|2841|3531|3634|4721|3078|2325
3166|0|466.0116|Unknown|1850|3677|5748|4817|4176|914|3045|3746|2825|3157|2878|4973|1981|3229|2157|3261|3375|1734
3167|0|466.0502|Unknown|522|1769|1621|1644|1799|1790|1343|1773|1428|1561|1219|2021|1608|1892|2304|3594|1950|1540
3168|0|466.0885|Unknown|1903|3649|4786|4868|3206|10252|5451|3760|2211|2654|3173|5012|10780|11606|13362|19823|11856|11541
3169|0|466.1411|Unknown|1147|2818|5351|5048|2813|1728|1896|1757|5739|3087|2139|2014|2502|2772|2997|3451|2860|1994
3170|0|466.1875|Unknown|904|2103|1825|2070|2098|1691|973|1149|1973|893|1307|1537|1766|1360|2163|4235|1926|1205
3171|0|466.202|Unknown|1381|1752|1857|2129|1994|1237|1075|1218|1862|1008|1355|1596|1696|1495|1819|3595|1891|1361
3172|0|466.2241|Unknown|1081|1978|1840|2433|2086|2016|1257|1168|1611|966|1631|1453|1481|1802|3179|8298|2035|1525
3173|0|466.3076|Unknown|1187|1614|4173|4097|1819|1418|433|1330|1162|895|1802|2171|1248|1439|4317|3083|1620|1408
3174|0|466.3465|Unknown|731|1449|1672|1082|1653|739|77|439|5137|683|1266|703|1094|811|1005|1648|1285|391
3175|0|466.8089|Unknown|6950|8548|8628|5406|8657|4093|3354|2235|4246|5379|7957|4044|3923|3584|4923|7194|3422|2966
3176|0|466.9185|Unknown|3093|4032|2266|1927|3975|1836|1649|1221|1843|1487|2164|1609|2010|1725|1028|2254|1283|1575
3177|0|466.9804|Unknown|4054|2662|4479|3592|5388|1123|1386|1543|2208|3098|3459|3760|2001|2314|2451|2265|1970|1654
3178|0|467.0052|Unknown|3342|2464|2874|2327|4536|1035|1562|2029|1635|1880|2646|2690|1683|1762|2313|2086|1742|1544
3179|0|467.0407|Unknown|1787|2849|3680|2937|3085|2638|1905|2289|2338|1878|2996|2837|3615|3534|3454|5079|4077|3140
3180|0|467.0615|Unknown|2499|3473|5622|4957|3953|6030|3057|3223|3476|3070|3563|4394|5719|7132|7367|9988|6683|5691
3181|0|467.0841|Unknown|2461|3017|4242|3162|3465|5683|3341|2407|2104|1784|2237|4315|6448|7507|7287|10438|5983|6321
3182|0|467.1074|Unknown|2643|3389|2918|2613|2914|8584|3345|2895|1907|2256|1859|5822|8191|8137|7937|8360|7339|7714
3183|0|467.1357|Unknown|1560|2849|3662|3306|2307|2643|2320|1959|4546|2663|2841|2767|3248|3291|3454|4163|2682|2843
3184|0|467.1928|Unknown|1965|2550|2319|1625|1981|2426|1644|1012|1520|1436|2333|1477|2205|2164|1473|2871|2031|1613
3185|0|467.2277|Unknown|1360|2370|2178|1920|1283|1494|1226|1104|1611|1758|1786|1616|1485|1433|2147|3271|1344|1041
3186|0|467.2642|Unknown|1524|2504|2103|1733|1882|1660|1421|1450|1369|2095|1890|1805|2182|1526|1453|2516|1865|1817
3187|0|467.2987|Unknown|1782|2183|3147|2598|2278|1162|1477|1351|1879|2602|2216|1907|2042|1917|2906|3348|1687|1497
3188|0|467.3145|Unknown|1860|1969|2397|2004|3109|617|967|852|1107|2025|1592|1804|1765|2034|3378|3004|1679|917
3189|0|467.3369|Unknown|2493|2305|4783|4262|3038|1107|2312|1835|3122|5478|4280|3713|2661|2712|3026|3328|2559|1931
3190|0|467.3732|Unknown|1405|1591|4292|3050|1484|774|1035|1285|1646|3945|2935|1550|1651|1509|1739|2056|1770|975
3191|0|467.4103|Unknown|1216|1495|5922|5029|940|457|805|1193|897|3013|2614|1296|1067|1258|3944|2295|1479|909
3192|0|467.8075|Unknown|2809|2896|2297|2142|2770|1805|1554|1298|1868|1563|2480|1687|2071|2080|1451|2321|1474|2130
3193|0|467.9841|Unknown|1547|1278|1589|1770|1394|1610|1169|629|1241|1034|1099|1990|1239|1214|1043|1429|970|1563
3194|0|467.9989|Unknown|2192|2736|4875|3320|2336|3307|2394|2524|2052|2081|2497|4609|3924|2104|1914|2120|2997|3062
3195|0|468.0629|Unknown|2091|1792|2165|2130|2170|2498|1551|1055|1678|1758|1629|1418|2259|2389|2025|3435|2241|2561
3196|0|468.1125|Unknown|1097|1257|1481|2077|1532|2629|1609|1156|897|806|389|1744|2499|3348|1947|3872|2345|3163
3197|0|468.1334|Unknown|950|1441|2224|2427|1368|2140|1788|846|2293|1611|400|1463|2300|2392|1886|3712|1779|2297
3198|0|468.1825|Unknown|1621|1770|2031|2443|1703|3016|1750|1526|1663|1783|1158|1109|1616|2918|4886|7401|1838|2223
3199|0|468.2721|Unknown|2097|1568|2579|3521|2267|2142|1262|732|1480|1097|1293|879|1473|1935|2147|4086|2518|3076
3200|0|468.8155|Unknown|2151|2433|4444|4385|3086|3391|2248|1631|2670|2798|4287|2952|2959|3161|2569|4158|3401|2965
3201|0|468.9156|Unknown|3926|1214|1928|2195|4300|2264|1675|1138|1734|1396|2478|1716|1673|2675|1310|2522|1845|1903
3202|0|468.9778|Unknown|3644|1271|2953|2294|2437|1573|1260|1016|982|1990|2162|1963|1939|2666|1620|1139|1367|1823
3203|0|468.9994|Unknown|2688|1093|2650|2105|1799|1856|1690|1045|1247|1273|2032|1449|2519|2922|1120|1679|2001|2147
3204|0|469.0379|Unknown|954|845|1759|1552|2204|1837|1257|750|988|1046|1407|1037|1979|2899|2007|2402|1637|1660
3205|0|469.1322|Unknown|743|1364|2553|2719|1320|2327|1222|1510|2363|2159|2186|1370|2538|3779|2817|3204|1748|1385
3206|0|469.1683|Unknown|641|907|2334|2544|1404|2142|1036|861|1221|1783|1599|541|2027|2753|1821|2345|1549|1807
3207|0|469.211|Unknown|2342|896|3080|2097|2719|1881|1076|2926|3197|4937|4907|2875|2357|3881|3975|3605|4380|3394
3208|0|469.2384|Unknown|1108|1340|2327|1864|1886|2152|1263|1610|1589|2236|2237|1611|1515|3823|1966|2856|1734|1520
3209|0|469.2837|Unknown|6380|7572|8177|6438|7506|8287|4698|8258|6176|8467|7268|10015|8475|7555|12802|10571|9475|6581
3210|0|469.9455|Unknown|8940|6780|12438|10393|10492|8576|7046|7222|8316|7829|10159|7676|7469|8425|6928|8649|9314|8612
3211|0|469.9879|Unknown|3277|1735|3451|2302|2530|2480|2344|2384|1613|2667|3248|2294|2488|1726|1183|1811|2039|1795
3212|0|470.1515|Unknown|4580|6758|9652|7890|3917|43637|12472|15535|2930|4942|3455|27947|58481|105976|142371|126880|45581|36754
3213|0|470.2116|Unknown|1307|1229|2108|1045|1948|1815|955|2313|1069|2290|2840|2410|1417|1983|2590|2786|2127|2080
3214|0|470.2856|Unknown|2512|2910|3606|2521|2833|3220|1633|2351|1915|2906|3037|2918|2212|3074|4724|4422|2814|2154
3215|0|470.9133|Unknown|4106|2298|2416|1804|5747|1719|1597|1648|2692|1990|2656|2592|1021|1530|1215|2677|1901|2119
3216|0|470.9743|Unknown|2557|1721|1389|1404|1869|931|578|908|715|1579|1023|1426|850|1030|901|971|940|1404
3217|0|471.0344|Unknown|1361|1018|951|1421|1799|1070|352|551|724|1579|451|1292|719|1217|1174|1379|913|1243
3218|0|471.1351|Unknown|1083|1367|1866|1157|1114|2718|714|1098|349|1305|1147|1781|1323|2913|6389|4909|2083|1723
3219|0|471.1553|Unknown|1362|2572|3316|2407|2113|9621|2624|3539|438|2154|1413|7569|12333|23456|30158|27424|10275|7880
3220|0|471.2423|Unknown|1049|1764|1464|2150|1294|1409|670|1187|920|1466|1372|1756|994|1512|1291|1840|1418|1390
3221|0|471.2628|Unknown|4195|4499|5429|4675|4680|3338|2325|3608|3091|5807|4525|4709|3221|2388|2545|4610|3024|3353
3222|0|471.2914|Unknown|1344|3358|3122|2556|1649|2110|1486|2447|1210|2762|2988|2844|1948|2025|2901|2638|2124|2215
3223|0|471.3341|Unknown|2352|2379|3955|3336|1441|2413|1504|1979|2052|3885|3541|2575|1313|1752|3647|3696|2131|2846
3224|0|471.9931|Unknown|2062|2811|1922|1392|2082|1211|1399|1754|1253|947|972|1325|1084|558|1364|1489|1376|1351
3225|0|472.1566|Unknown|1168|2485|2315|1495|405|4240|1861|2407|1544|1141|1192|2403|2760|6322|9486|10204|3015|1870
3226|0|472.2035|Unknown|5098|7730|18116|10798|7580|22692|15889|23524|5202|6992|6245|33760|31632|82475|96731|107249|25833|21940
3227|0|472.2429|Unknown|2575|2350|4630|2779|2921|3417|2155|3414|3114|2560|2462|3728|2047|3875|6208|7235|3441|2311
3228|0|472.2607|Unknown|1842|2581|3484|1681|2513|3180|1599|2753|3086|2130|1796|2624|1654|1195|3230|3861|3089|2246
3229|0|472.8493|Unknown|3645|1056|3780|2096|2576|2784|1621|1469|3364|1916|3018|2700|1825|2216|1175|2599|2824|2302
3230|0|472.8856|Unknown|5067|1656|1940|365|4095|1711|992|674|2250|949|1416|1244|914|1345|553|781|1705|1194
3231|0|472.9097|Unknown|6685|2271|3406|1637|6197|2329|1684|1419|2913|2113|4675|2430|1456|1867|1470|3063|2955|2863
3232|0|473.0325|Unknown|2929|793|1754|878|1446|1691|1006|995|1633|1160|1279|1378|879|1307|530|845|1553|1302
3233|0|473.1002|Unknown|2773|864|2230|965|1557|1898|859|507|1411|1062|1594|1165|1396|1353|1543|3206|1789|1157
3234|0|473.1624|Unknown|3701|2509|11420|7724|2881|15360|5397|10924|3212|4341|3212|16462|20728|57067|66402|69711|21093|20795
3235|0|473.1791|Unknown|3278|2462|7067|4647|2656|7794|3405|5714|3063|3342|2678|7132|7826|20698|24411|24008|8712|8685
3236|0|473.1995|Unknown|5695|5531|22668|16549|5218|27139|14733|24779|7448|9580|8874|35666|31985|65571|75171|83292|30969|28059
3237|0|473.2381|Unknown|5006|3516|5611|2776|3950|4279|2749|3124|3613|3405|3265|4044|3291|5101|5819|7153|3284|2690
3238|0|473.2818|Unknown|22183|10619|79889|60618|26448|21666|11738|33169|25806|83002|58735|40954|10801|15548|35067|42948|37968|28377
3239|0|473.3996|Unknown|23973|1444|102294|74171|19478|3390|1939|23918|26436|65088|46907|29447|1948|16528|19356|31421|37475|31372
3240|0|473.592|Unknown|1530|1219|2037|1128|2236|6918|4407|2268|413|754|708|4200|5578|11550|12625|16923|3516|4562
3241|0|474.0943|Unknown|1211|1943|1222|1476|720|3729|1488|1621|454|1877|944|2868|1964|4722|6020|6721|1767|2020
3242|0|474.1462|Unknown|4847|11387|27957|24593|5466|24753|10102|21047|6088|8847|7403|31141|39023|77942|98372|102955|39440|34998
3243|0|474.2028|Unknown|1747|2167|5188|5331|1111|6388|3020|5130|1554|3448|2885|8356|8508|15490|18304|17633|8029|7052
3244|0|474.2536|Unknown|3246|2598|2913|3582|1715|5371|920|1598|2585|3555|2472|2848|1319|1870|3803|6942|2483|2709
3245|0|474.2853|Unknown|8756|5223|25908|22879|8343|8539|3792|9255|9520|26760|15888|14818|3966|5046|11206|17384|11674|10952
3246|0|474.4029|Unknown|9097|744|35246|28515|8897|992|257|8457|9529|23654|15807|8258|1013|5752|5653|13252|12843|11711
3247|0|474.742|Unknown|2536|703|6157|4566|1270|1403|1781|2400|2662|3902|2179|3963|1317|1394|1470|2365|1865|3683
3248|0|474.9069|Unknown|4232|4181|4283|3447|5329|1481|2251|2278|2780|3063|3412|3137|2151|1240|1218|1998|2668|3032
3249|0|474.9679|Unknown|2343|1750|2843|2183|2207|1202|2005|1388|1481|2008|1872|1341|1232|1170|1485|1191|895|2657
3250|0|475.0308|Unknown|5737|1696|1581|1528|4188|1411|1180|1521|1900|1982|2341|891|595|1145|1167|1293|1071|2099
3251|0|475.063|Unknown|2526|2169|1822|1341|1435|2762|1813|2454|1420|2091|1385|2151|3238|3778|3728|4552|3250|4281
3252|0|475.1307|Unknown|2535|3971|5362|3110|1685|13248|7565|10506|2905|3596|2638|14865|22784|16795|22680|22683|21601|19025
3253|0|475.1489|Unknown|2010|3791|7770|5015|3006|9187|5392|7112|2661|4381|2475|11086|12824|20970|25845|26435|12577|11232
3254|0|475.2038|Unknown|1825|2149|3266|1559|1513|3142|2713|1943|1507|2281|1862|3009|2296|4074|4669|5781|2880|2847
3255|0|475.2444|Unknown|2001|2461|5388|3164|2198|2528|1631|2793|2656|3608|3665|3219|1515|2089|2410|2866|2243|2186
3256|0|475.2884|Unknown|2591|2733|5815|4849|1911|3175|1338|2768|2676|6064|4635|4159|1825|1670|2081|4470|3630|3900
3257|0|475.3801|Unknown|1858|1700|3648|2025|1596|1832|767|1875|1656|2727|2732|1661|714|1378|1066|1846|2745|2543
3258|0|475.4061|Unknown|2032|1013|6308|5358|1339|1308|249|1771|2553|4541|4320|2494|350|1123|1209|1565|3377|3104
3259|0|476.034|Unknown|899|789|1307|1046|1163|341|57|657|278|1448|1246|1090|433|621|1172|456|1419|1
3260|0|476.1456|Unknown|930|1682|3134|2579|838|4007|3016|3863|1202|2979|1705|5171|9843|9341|10418|9991|7516|5654
3261|0|476.1603|Unknown|503|1594|2811|2480|666|2341|1965|3127|1077|2321|1504|3627|5636|6495|7298|8600|5412|3374
3262|0|476.2094|Unknown|517|1341|1877|2191|1036|902|1|1607|783|2439|1239|2064|1576|1153|1885|2282|1717|1406
3263|0|476.229|Unknown|148|1099|1900|1722|1156|629|500|1045|340|2269|1240|1580|1188|772|1760|1790|1641|1798
3264|0|476.9041|Unknown|2804|1973|2414|1566|2912|2340|1502|1766|1310|1708|1862|1216|1076|869|1325|1233|1351|1791
3265|0|476.9198|Unknown|3145|1739|2024|1124|3014|1888|1336|2126|1200|1457|1538|1085|1497|600|1115|982|1569|1719
3266|0|476.9642|Unknown|3375|2001|1967|1576|3147|1920|1206|1453|1165|1918|1474|1229|1001|1060|1805|1688|971|1533
3267|0|477.0041|Unknown|2840|1562|2028|2334|2636|2408|1311|1547|1499|1607|2045|1422|1605|1484|1760|2175|1159|1481
3268|0|477.0337|Unknown|14746|9012|14526|11652|13500|7500|6031|10162|3838|5971|5035|14069|17857|14943|21524|22458|16118|15294
3269|0|477.1046|Unknown|2162|2055|2040|1321|1447|2266|1280|1690|897|1355|1241|1003|1231|1620|1880|2013|839|1040
3270|0|477.1518|Unknown|2156|2379|2851|2485|2014|4782|2766|2882|1316|1782|2565|3403|6652|7200|6416|7327|4242|3972
3271|0|477.1723|Unknown|1677|2378|2347|2560|2177|3186|1518|1895|1632|1636|1878|2184|3134|2751|3315|3166|2686|2713
3272|0|477.2151|Unknown|2540|2592|2655|1600|2294|2659|806|1472|1529|1988|1243|1883|1868|1417|2927|4033|1522|1468
3273|0|477.2871|Unknown|1959|2146|2439|1732|2077|2011|1107|2235|916|3215|2122|1179|1617|1487|1881|1841|2401|1756
3274|0|477.3218|Unknown|1964|2387|3242|2774|1979|1527|1178|1653|898|2078|2220|788|2377|1376|1773|1546|1526|1177
3275|0|477.358|Unknown|2191|2055|2326|2512|2082|1268|1412|1570|1006|2770|1605|1731|1017|1574|1598|1841|1887|2131
3276|0|478.0077|Unknown|1008|2917|2375|1174|776|878|707|1683|1372|338|726|979|1101|869|2694|791|679|403
3277|0|478.0371|Unknown|2875|3646|4068|2186|1899|1872|1772|2808|2442|954|1459|2347|3601|2799|5396|3094|2682|2200
3278|0|478.1538|Unknown|1360|1890|2311|955|256|1554|1188|1270|2015|708|586|2134|1916|2612|4433|3308|1486|1272
3279|0|478.1997|Unknown|2210|1848|2548|1178|539|1708|957|1565|1834|1650|671|2037|1724|977|2707|2473|1052|1643
3280|0|478.2936|Unknown|5748|6595|9973|9037|6562|4527|5255|8187|7232|6549|6542|9623|6481|3337|4063|4029|6261|8094
3281|0|478.8052|Unknown|2046|4091|2262|1150|1758|2456|1257|1973|2005|1477|1316|1355|1453|1400|2334|1432|1204|1942
3282|0|478.9017|Unknown|2169|3199|2513|1463|1435|2013|1464|2476|2829|1591|1456|1799|1223|1086|1639|1217|966|1902
3283|0|478.9613|Unknown|2396|3477|2383|1318|2501|2004|1177|2152|2437|1903|1822|2050|1204|627|2021|1586|941|2026
3284|0|479.0004|Unknown|3345|3856|3232|2097|3522|2517|724|1945|3182|1694|1706|2092|1334|1177|1960|2267|1084|2208
3285|0|479.0249|Unknown|7088|4374|4126|2507|7313|3169|1418|2295|3279|2540|2124|3611|2658|2156|4112|3830|2274|3380
3286|0|479.0384|Unknown|3691|4262|5709|3230|4785|3853|1600|3391|3060|2477|1845|5118|3718|4512|5413|6870|3915|4003
3287|0|479.1082|Unknown|1310|2952|2649|1494|1043|3267|712|1556|2878|1633|1515|2422|1291|2337|2506|3502|1712|2852
3288|0|479.147|Unknown|1291|2987|3161|1733|2051|2997|569|2294|2640|1459|1574|2842|1941|2405|3135|3274|1702|2417
3289|0|479.2197|Unknown|2022|3017|3379|1790|2413|3299|729|1740|3543|1732|1377|2319|1740|2789|4618|5698|2437|2884
3290|0|479.2839|Unknown|1309|2568|2387|1099|1988|2212|728|1554|2482|1360|1436|1278|1592|1257|5021|3504|845|2410
3291|0|479.2985|Unknown|1879|3987|5120|2485|3046|2624|2050|3744|3288|4605|3582|3038|3935|2533|5150|4211|3056|4080
3292|0|479.3187|Unknown|1536|2287|2954|1308|1957|1687|1453|1887|2290|2318|1762|1379|1588|1594|2849|2087|1450|2586
3293|0|479.3374|Unknown|1164|2331|2659|1297|1666|1814|1162|1395|2269|3323|2579|1685|1132|1159|2404|2047|1305|2159
3294|0|479.3735|Unknown|3061|2266|8217|5055|5039|3009|2128|4777|4390|7481|6011|3866|1964|3991|4560|5148|5279|5264
3295|0|479.4097|Unknown|522|1777|5038|3026|1272|1716|1348|2116|1818|4705|3389|1250|1724|809|1647|1699|1837|2399
3296|0|479.9576|Unknown|2179|2599|3082|1067|2466|753|1019|1958|2263|1780|1282|3608|1510|3398|2400|1530|2575|1883
3297|0|479.9724|Unknown|2447|2248|5111|2596|2815|1002|2361|5506|2733|3227|1942|7706|3128|4378|3254|3666|4607|2358
3298|0|480.0027|Unknown|2073|1221|1289|981|2094|25|1171|1125|1779|1425|807|2059|1040|2650|1199|1280|1446|780
3299|0|480.0275|Unknown|2177|1244|1638|1604|2722|103|968|1489|2149|1761|620|2170|1039|3003|1504|2008|1567|954
3300|0|480.0419|Unknown|1423|1282|1579|1503|1682|30|1187|1195|2029|1688|663|2583|1511|3184|1354|1894|1333|1283
3301|0|480.15|Unknown|1512|1445|1436|467|1244|1266|1608|1577|1284|1459|664|1756|922|2934|909|1523|1459|1012
3302|0|480.1697|Unknown|1117|1668|2476|1175|1439|1486|2036|2172|1340|1889|796|2344|1675|3995|2873|4273|1759|1367
3303|0|480.203|Unknown|1356|2120|1823|667|2014|2461|1339|1617|1723|2213|890|1844|988|3299|3276|7366|1729|927
3304|0|480.2378|Unknown|1164|1585|1636|792|1629|1774|936|1729|1124|1843|945|1550|1482|2270|2438|4940|1175|1271
3305|0|480.3081|Unknown|2648|2300|3974|3849|3044|1706|2500|3498|2410|3877|3027|4136|1542|2201|1766|2654|3201|3042
3306|0|480.3772|Unknown|1856|662|2514|2071|1726|758|1208|2681|1055|2713|1620|2137|301|1921|1616|2372|1791|2293
3307|0|480.76|Unknown|1289|1026|1399|2089|1245|1686|1082|1022|1111|733|644|1045|861|2326|1246|930|942|726
3308|0|480.83|Unknown|3730|2753|2392|2523|3701|3796|3307|2613|2578|2436|3263|1918|1735|4944|3021|3099|2524|3306
3309|0|480.9222|Unknown|4228|3972|3060|1875|4227|2500|2498|2597|1856|2745|3291|2058|2839|3502|2374|1000|1783|2603
3310|0|480.9619|Unknown|3190|3679|4328|3221|4011|3608|2754|2450|1807|2418|3202|3308|2406|4533|3498|3908|2161|3316
3311|0|481.021|Unknown|4379|2484|4394|3641|4041|4104|2658|2907|1966|1944|2684|3128|2745|6557|5748|4766|3626|4088
3312|0|481.0723|Unknown|2663|2557|4281|4261|2582|5769|3810|4137|1574|3092|2674|3948|5592|7552|8505|8575|6164|6600
3313|0|481.1227|Unknown|2139|1775|2777|3440|2137|5708|3227|3713|1619|2248|1465|5414|4921|8166|10914|11040|6997|6792
3314|0|481.1581|Unknown|1491|1353|1250|1634|1157|2964|2120|1587|1134|1825|1241|2249|1251|3107|2760|2734|1553|1661
3315|0|481.1745|Unknown|1654|1372|1454|2279|1322|2533|2292|1439|1320|1828|1263|1815|1274|3641|3190|3884|2046|1822
3316|0|481.2083|Unknown|1783|1665|1502|1768|1206|3223|2679|1458|1756|1719|1832|2479|1747|3439|3549|3832|2133|1593
3317|0|481.2442|Unknown|1972|2185|2120|1674|2122|2629|2327|1731|1654|2144|1775|1808|1335|2680|2698|2540|1350|1950
3318|0|481.2989|Unknown|2020|2178|2254|2102|1602|2437|2376|2298|1848|1631|1678|2677|1942|2439|6768|3503|1541|2376
3319|0|481.3156|Unknown|1840|2431|3853|2943|2132|2255|3246|2369|1832|2635|3123|2386|2144|2364|3441|2634|2171|2633
3320|0|481.3312|Unknown|1605|1872|3412|2765|2198|2143|2946|1947|1836|2756|2355|1782|1866|2676|3363|2417|2435|2515
3321|0|481.3519|Unknown|1358|2080|3072|2338|1623|1965|2352|1618|1506|2566|2625|1679|1831|1859|2885|1800|2123|2323
3322|0|481.4255|Unknown|1906|2164|8115|5197|831|1821|1890|1731|1425|5244|4823|1817|1649|2354|3583|1568|2355|2088
3323|0|481.9776|Cytidine triphosphate|16154|20630|34013|21316|20644|18784|13349|14610|14392|18408|17879|19393|17492|28837|33171|40496|17951|17322
3324|0|482.0237|Unknown|1755|1257|2952|3237|1755|1665|2251|2036|1661|1598|1922|2350|2001|1829|2596|2230|2048|3151
3325|0|482.0558|Unknown|1327|1250|2761|2934|940|1557|2490|2237|1636|1627|1348|2097|1537|2835|2985|3139|2256|3466
3326|0|482.0722|Unknown|1291|1788|2913|2229|1192|1534|2063|1940|1953|2025|1478|2198|1870|2525|2906|2953|2114|3423
3327|0|482.1296|Unknown|1434|1532|2575|3653|1140|2776|3606|3114|1915|2468|2297|3859|3331|4846|7658|6656|4144|6416
3328|0|482.149|Unknown|1612|2608|9761|8451|2372|6497|5891|7297|2958|4137|4599|9385|8878|16471|20018|24672|12469|12134
3329|0|482.1976|Unknown|1670|1116|1914|2212|1615|2501|1315|1769|1526|1780|1592|2410|1823|2475|3936|9809|2393|2138
3330|0|482.8073|Unknown|4115|3144|1897|1717|3546|1088|882|1251|1245|1411|2109|720|1603|921|812|1119|1300|2348
3331|0|482.8256|Unknown|2513|2403|3548|2966|2362|1631|1907|2262|2797|1197|3926|2264|2607|1813|1488|2800|2304|3102
3332|0|482.9318|Unknown|4682|2720|2589|2986|4706|996|1179|2157|1931|1899|2952|2846|1338|1143|1753|1672|1917|2200
3333|0|482.9617|Uridine triphosphate|32596|35863|66860|42815|39091|35088|17111|16372|22942|36133|31977|26776|29249|37837|43498|55207|27437|25833
3334|0|482.9885|Unknown|7226|8038|12453|8415|8683|6745|4188|4077|6239|7204|7458|5091|6254|7831|10414|11387|5798|5690
3335|0|483.0403|Unknown|3347|2519|4843|4243|2830|4585|2701|3865|2125|1789|3305|4101|5425|4536|5409|7525|5779|6357
3336|0|483.0778|Unknown|2477|2032|3964|2959|2896|3463|2448|3536|2739|1884|2909|3143|3945|4020|5868|7271|5554|6247
3337|0|483.1022|Unknown|1660|1629|2173|2001|1529|2364|1834|2139|2177|1855|1400|2388|2516|2423|3651|3820|3461|3292
3338|0|483.1335|Unknown|8426|8796|18383|11994|9632|40958|15767|24533|9697|11984|8928|32632|43815|48370|52747|71719|53730|48929
3339|0|483.1799|Unknown|1744|1825|2846|2813|1893|2684|1358|1948|2197|2285|2286|1857|2252|3186|3619|4462|3223|2654
3340|0|483.214|Unknown|3072|1373|3149|3444|2592|2029|1140|2249|2340|2676|2816|2467|1088|1762|2592|3653|2934|2794
3341|0|483.2553|Unknown|1776|1365|2679|2641|1147|2263|1158|1751|1826|1454|1775|1404|1178|1234|2678|2827|1550|1790
3342|0|483.2939|Unknown|1604|1877|2852|2485|1174|2050|1182|1741|1568|1811|2402|2558|1766|1224|1876|1822|1511|1765
3343|0|483.3312|Unknown|1779|1722|3384|2318|1159|1557|1749|1937|1436|3429|2317|1793|1149|1310|2220|2640|1789|1719
3344|0|483.9652|Unknown|4295|4895|8362|5629|4521|5376|2429|2937|3569|4416|4414|4685|3837|5079|6064|6206|4415|2592
3345|0|484.0465|Unknown|1385|1656|2212|1846|1298|1677|1269|1299|1056|1067|1192|2019|1392|2237|2345|1932|1282|1517
3346|0|484.1368|Unknown|1807|3441|4056|3626|2316|8820|3971|4847|2059|2880|2681|7011|9711|11402|13612|13020|11278|10610
3347|0|484.1663|Unknown|868|2096|3365|2733|1465|3796|1484|1750|797|2211|2203|2587|2873|20166|18616|19123|2371|2517
3348|0|484.8043|Unknown|2158|2691|1399|1400|2276|1533|1389|948|1666|1249|1939|986|1096|1159|1226|731|575|1007
3349|0|484.8248|Unknown|1576|2223|2183|1602|1913|2222|1746|1723|2322|1362|2606|1027|1650|1840|1579|2191|2146|1347
3350|0|484.9287|Unknown|7303|2045|2584|1508|6652|1088|1050|1741|2498|1680|2544|3342|1143|1413|1285|733|1366|967
3351|0|484.9659|Unknown|2487|2991|4057|3112|2586|2632|1653|1793|1959|1790|2604|2216|2125|2444|2954|1980|1742|1244
3352|0|485.0516|Unknown|967|2051|4504|3177|922|4218|2154|3440|1966|1712|2090|3105|4147|4826|4680|6651|4708|4707
3353|0|485.1053|Unknown|668|1637|4155|2730|939|3460|2643|2135|2373|2410|2269|2891|3914|4717|5138|7059|4656|4659
3354|0|485.1383|Unknown|1484|2938|2740|2103|1331|3830|1545|2422|1899|2320|1785|2717|3829|4270|4620|5173|2907|3532
3355|0|485.1505|Unknown|2532|4164|4408|3896|2968|5540|2518|3070|2587|4887|4881|2925|4223|4046|4935|5331|3780|4144
3356|0|485.1689|Unknown|1536|1941|2752|1918|2076|3133|1173|1889|1514|2413|2216|1504|2492|4741|5417|5808|1882|1932
3357|0|485.2821|Unknown|212685|12855|10331|8606|246220|214437|95220|8211|5537|9785|6064|9965|8963|7779|350486|448450|10594|7294
3358|0|485.343|Unknown|2251|1137|2999|2121|2667|2539|1506|1266|1256|1373|1827|1165|1473|970|3732|4121|1054|1140
3359|0|485.3791|Unknown|1257|723|1160|657|1200|1025|1093|743|560|1119|1503|567|1121|353|2201|2064|768|673
3360|0|485.9318|Unknown|1175|734|1226|1509|2781|473|682|766|650|1379|1308|1211|1012|1076|554|745|1166|614
3361|0|485.9792|Unknown|1769|2863|3706|3656|1936|1490|2251|2595|1432|2745|3222|2964|2923|2794|2835|2788|2902|2714
3362|0|486.0101|Unknown|358|959|1548|1572|1285|582|1010|1245|476|1389|1605|1935|1611|1482|1342|1723|1383|1039
3363|0|486.0539|Unknown|412|1300|2105|2051|1495|1186|1040|1702|112|1759|1998|1884|2484|1927|1869|2124|2278|1566
3364|0|486.1056|Unknown|1|1348|1654|2666|1220|1324|868|1235|450|1759|1512|2172|2276|2093|2251|2328|1670|1758
3365|0|486.1476|Unknown|1|1648|2835|2378|1529|2466|1465|2588|1722|2050|2026|3297|3823|4785|5237|5402|2517|1818
3366|0|486.1717|Unknown|1|1739|2170|2269|1577|541|700|1554|1024|2105|1835|2080|1947|3142|2658|2513|1588|783
3367|0|486.2851|Unknown|71328|3467|4377|4315|86163|70581|29532|3435|1845|3542|3206|4402|3837|3221|122672|143504|4752|2797
3368|0|486.8261|Unknown|3694|3413|3616|3558|3655|2688|3518|2093|3748|3174|4954|3411|2744|2720|2894|4500|3222|3241
3369|0|486.9258|Unknown|8927|2519|2390|2069|8865|702|966|1236|2036|2519|3266|3786|857|984|1504|1156|1217|1749
3370|0|487.0488|Unknown|1513|924|2769|1934|1039|2282|1461|1327|1313|1249|2647|2166|1991|1719|3382|3190|2316|2480
3371|0|487.0791|Unknown|1021|936|3122|3292|1386|2657|2506|2322|1492|1507|2173|2526|3324|3962|5301|6184|3479|4648
3372|0|487.0929|Unknown|1069|1043|2114|3134|1168|1880|2370|2926|1218|2177|2328|3993|2280|2286|4256|4037|3027|3358
3373|0|487.1311|Unknown|1524|1927|1786|2552|970|2531|1718|1940|883|1294|1871|2387|3330|7435|8644|8399|4002|4585
3374|0|487.1442|Unknown|1425|1522|2369|2655|854|2964|1501|1780|1056|1430|2109|1926|3416|7341|8206|7771|3295|3864
3375|0|487.1779|Unknown|5771|7539|43600|34923|5285|91981|20031|41901|7802|15900|12632|63026|133518|335691|350058|367388|133167|112118
3376|0|487.2134|Unknown|7325|9750|23891|19293|9366|18947|5868|11448|8262|13656|11709|16788|21922|27427|25142|31886|20118|19082
3377|0|487.2884|Unknown|14529|2101|2254|2511|14913|14212|7130|1405|3505|1378|2536|2019|1462|1422|23724|27262|1829|1929
3378|0|487.3049|Unknown|6620|1001|1169|1824|6679|5199|3173|817|2911|795|1969|1457|1275|973|7999|10792|1401|1853
3379|0|487.3421|Unknown|1723|1669|1565|1277|1186|1399|1720|493|1095|2648|2420|1125|4243|734|1969|1749|1183|648
3380|0|487.3787|Unknown|2568|628|5172|4293|2417|1451|705|1887|2928|4117|4181|3014|965|2097|3079|2626|3459|2903
3381|0|487.9294|Unknown|2220|1059|987|958|3039|582|492|875|1174|417|1557|864|580|781|310|954|752|1112
3382|0|487.979|cyclic Adenosine triphosphate|1668|1929|2740|1543|2624|1457|1334|1916|1389|1261|1822|1993|413|1763|872|1458|1875|2351
3383|0|488.0537|Unknown|822|377|1075|1100|1767|1014|652|652|413|471|984|850|269|877|1051|1048|1291|1840
3384|0|488.1619|Unknown|12508|22230|109865|78051|16252|121518|37131|74862|18807|39970|30331|110212|201789|391159|446386|493694|198467|163244
3385|0|488.2155|Unknown|3269|2647|9334|6573|3655|6913|3099|4019|3440|4008|3697|5471|7341|10398|9498|13228|7170|6255
3386|0|488.2591|Unknown|1528|393|3018|2963|2557|2569|1284|1852|2421|1420|2043|2648|1726|2239|3603|3755|2120|2048
3387|0|488.2914|Unknown|2728|160|1808|1039|4520|3186|1131|887|2307|942|1344|1533|1122|1275|3696|6133|970|1327
3388|0|488.3934|Unknown|825|732|5389|4974|1973|898|310|367|1974|2031|2031|1186|928|1073|1121|1078|1620|1596
3389|0|488.7581|Unknown|3578|2174|15118|11066|4151|2121|1609|2846|5401|4574|4627|3777|2695|4094|3840|8098|4188|3604
3390|0|488.8212|Unknown|4787|5497|9489|7432|7893|5506|4496|3255|6583|5593|7938|5243|5322|4426|5638|8158|4383|5024
3391|0|488.9231|Unknown|7573|1847|1814|1653|7503|1779|765|1256|2905|1577|1387|2926|587|970|985|1021|1395|1613
3392|0|488.9377|Unknown|3848|1793|1467|1411|6054|1348|717|988|2758|642|832|1534|1065|761|856|1468|1015|1378
3393|0|488.9822|Unknown|2269|1315|2234|1420|5184|1717|788|820|2500|859|1341|1473|810|965|1016|1594|1102|2214
3394|0|489.045|Unknown|2170|833|2288|1805|3190|2667|1213|1077|2199|348|1287|1326|1735|2741|2014|3520|2610|2939
3395|0|489.1457|Unknown|1236|2252|4021|3049|3086|5110|2260|3240|4245|2137|2082|4974|7283|7188|8553|9234|6185|5738
3396|0|489.1654|Unknown|4103|6083|24579|18095|5852|25110|9045|14189|6832|9267|6656|24539|44125|77469|89773|100073|39298|35065
3397|0|489.2176|Unknown|1544|1862|4074|2601|2759|3257|1540|2254|3046|2558|1470|3016|2985|2289|3557|3119|2139|2811
3398|0|489.2307|Unknown|2006|2105|4083|2905|3375|2744|1618|2166|3164|2588|1576|2475|2399|1778|2734|2526|2510|2195
3399|0|489.2602|Unknown|5510|3912|11743|11577|8216|7042|3400|7510|7844|11964|7015|8792|4250|6565|7756|9748|12573|10097
3400|0|489.2768|Unknown|10009|8204|42532|37229|13343|11220|5928|24352|25297|52999|35400|28637|8768|17659|18366|25740|35437|29355
3401|0|489.3943|Unknown|1352|595|7304|4809|1655|1524|483|1608|2108|6655|5050|1147|516|1259|1306|1238|2586|2707
3402|0|489.8212|Unknown|1752|1593|3067|2650|2060|1857|1290|1353|1659|1435|2465|1265|1566|907|2305|1895|1310|2190
3403|0|489.9263|Unknown|1555|870|1216|1797|2216|898|662|481|501|507|1345|1547|309|382|1061|499|619|1108
3404|0|489.9937|deoxy-Adenosine triphosphate|3701|4232|7919|5606|2814|4203|3458|3243|2084|4477|3968|3278|3119|3700|4802|4684|5202|3421
3405|0|490.165|Unknown|2160|2988|6891|5610|2037|11052|4805|4932|1953|3375|3205|9007|18035|28496|31773|32468|14153|11381
3406|0|490.2608|Unknown|2077|1681|3395|3098|2192|2961|1766|2193|2521|2402|2431|2990|1469|2538|2135|3171|3406|3994
3407|0|490.2805|Unknown|3278|3026|14688|10322|3820|4061|2330|6777|6876|16536|12200|9770|2802|5760|6801|8367|10224|10414
3408|0|490.8186|Unknown|2149|2537|3686|3679|3286|2631|1770|891|2422|1893|3309|2582|2473|1835|2084|3340|2236|2774
3409|0|490.9199|Unknown|2312|1257|1529|1159|3033|683|1167|44|1107|1000|1539|1727|1066|971|713|1136|1038|1094
3410|0|490.935|Unknown|2074|1161|1282|802|3486|724|1272|1|945|712|1300|1500|1097|944|975|809|965|1072
3411|0|490.9806|Unknown|2966|1917|2535|1767|3257|1001|1224|1243|1291|1984|2143|2092|1442|1183|1504|1583|1299|1231
3412|0|490.9954|Unknown|1614|1736|2783|1839|2210|1332|1306|1373|1446|1999|2308|2172|1396|1474|1503|2006|1146|1360
3413|0|491.0431|Unknown|2518|1086|1594|973|2661|609|819|997|1081|1429|1686|1614|1156|1281|1542|1452|1164|882
3414|0|491.0825|Unknown|1077|1497|2831|2157|1132|2563|1469|1947|2250|1644|2073|2400|2193|3010|2742|4427|3226|2595
3415|0|491.1664|Unknown|750|1565|2845|1897|1685|3098|1796|1333|1555|1538|1498|2642|4229|5367|6808|7182|3778|3530
3416|0|491.2315|Unknown|5395|3438|5051|3183|5622|3641|1434|1672|2441|2006|1159|2768|2561|2340|5956|9933|3552|2689
3417|0|491.2835|Unknown|1125|1408|3585|3163|2238|1416|1453|2448|2158|3521|1938|2375|1123|1161|2104|2719|2849|2657
3418|0|491.3002|Unknown|884|1594|6376|5086|1758|1689|1622|1694|2007|3686|2624|3246|1835|1696|1992|2477|2992|2619
3419|0|491.3579|Unknown|1826|1184|4368|2882|2930|761|1180|2043|2833|2921|1269|2058|1445|1789|1422|2928|2632|2516
3420|0|491.3733|Unknown|1202|1029|4248|1851|1848|1162|1013|1491|1469|3160|2204|2087|1294|1790|1323|1993|1764|1710
3421|0|491.9466|Unknown|2219|1763|3956|1997|2824|1866|2586|2046|3408|1857|2588|2143|1513|3278|1827|2459|2600|2654
3422|0|492.1623|Unknown|1042|1225|1985|1262|1248|1535|1331|1182|2253|1160|1611|1527|1741|2931|2509|2389|373|2442
3423|0|492.2357|Unknown|2484|1690|3241|1932|2246|1553|1214|1282|2758|1382|1784|1340|926|1670|1891|3041|358|1891
3424|0|492.9771|Unknown|4430|2300|2803|2240|4352|1393|614|2171|1468|2602|2193|2297|906|1734|2030|2050|1243|1626
3425|0|493.0401|Unknown|3187|1551|1339|1534|3177|1289|615|1819|1528|1378|922|1643|1165|1318|1338|1512|820|1035
3426|0|493.2466|Unknown|1595|1921|3659|1625|2788|3401|1049|1729|7480|1674|684|1300|1664|1643|2404|4837|1448|1992
3427|0|493.3157|Unknown|1840|1260|3643|1642|2230|1613|671|1183|1911|2772|1508|1053|1139|1426|2081|1498|1366|1824
3428|0|493.3692|Unknown|2222|1408|3035|2000|2784|2185|1441|1850|2155|2005|1594|1484|1616|2124|1832|2071|2273|2170
3429|0|493.3888|Unknown|1696|1293|4043|3165|2182|1658|1465|1318|1689|3222|3183|1276|1312|1663|1377|1701|1958|1860
3430|0|493.4258|Unknown|928|879|3691|3031|1638|1078|706|536|753|2670|3267|463|596|1314|1323|1138|1043|1551
3431|0|494.0464|Unknown|1049|1172|3631|2155|2521|1967|1268|1036|359|1180|2615|2639|388|2036|2139|2105|840|862
3432|0|494.1559|Unknown|604|698|1729|1023|1804|1643|786|1323|157|1719|1374|1352|535|860|497|985|710|825
3433|0|494.2185|Unknown|1792|1395|2632|795|2324|2361|1539|1730|1856|2453|2568|2337|1422|1931|3685|7720|1577|1302
3434|0|494.228|Unknown|1555|1728|2712|852|2239|2043|1786|1959|1725|2428|2694|1919|1522|1756|2655|5716|1843|1635
3435|0|494.2509|Unknown|2912|3912|6646|4203|3630|2862|3344|3652|4219|4236|4634|4223|3577|2090|2603|4138|4300|3004
3436|0|494.9757|Unknown|4172|2840|6253|4597|5888|2570|1924|3003|3294|4312|5380|3784|2972|2975|4270|4591|3049|2914
3437|0|494.9997|Unknown|1386|1629|2656|2072|2380|1955|1486|2152|1630|2117|2400|1705|1509|1630|1955|1713|1399|1172
3438|0|495.0368|Unknown|1946|1664|1778|1058|2044|1384|1322|2017|1221|2038|2007|1527|1209|1098|1678|681|882|804
3439|0|495.1819|Unknown|947|1883|4116|2808|1362|3554|2651|4082|1622|2689|2243|3614|3316|4232|6125|6645|3563|3088
3440|0|495.2106|Unknown|774|1388|2240|1134|1279|2662|1741|2101|1383|2302|1556|1475|2224|1658|2501|2039|1693|1528
3441|0|495.2234|Unknown|1379|1499|2564|1388|1161|2877|1346|2303|1618|2392|1617|2041|1908|1800|2799|2224|1738|1628
3442|0|495.2574|Unknown|1788|2300|4400|2907|1746|2796|1985|2910|1977|2952|2798|1870|2387|1270|1966|1566|2704|1859
3443|0|495.3023|Unknown|1501|1012|2332|1753|1855|3047|847|1939|1281|1735|2259|1342|1973|1321|2460|1675|1173|1090
3444|0|495.332|Unknown|1184|1220|4184|2100|1137|2283|849|1827|1345|2474|3019|1271|1387|1562|2440|1937|1812|1156
3445|0|495.347|Unknown|1261|656|5260|2085|2280|2195|614|1966|1260|1980|2252|1465|1208|2320|3329|3444|2263|1842
3446|0|495.3678|Unknown|1551|666|4974|3229|1954|2194|893|1895|1079|4231|3273|1566|1585|1501|2540|1814|2859|1918
3447|0|495.4046|Unknown|834|1109|4348|3283|907|1876|910|1387|625|4002|2444|1043|1160|1202|1440|1081|1759|1577
3448|0|495.4412|Unknown|818|784|5473|3353|1049|1792|708|1156|1031|3232|2625|734|1013|887|2995|554|1912|1395
3449|0|495.9785|Unknown|1399|2405|2704|1413|1114|1462|804|1197|545|1027|1544|1346|645|654|1207|828|781|842
3450|0|496.128|Unknown|1902|3116|8763|6049|1904|6004|2529|3297|1412|2977|3598|5310|5863|9429|11184|14415|6124|4414
3451|0|496.1441|Unknown|1669|2448|4553|3712|1824|3752|2263|2460|1246|1918|2137|2972|3433|5458|6399|7871|3786|2058
3452|0|496.1782|Unknown|3047|5994|23347|15783|4614|39133|9986|26249|4491|9676|4988|38885|59999|89265|90931|101555|57118|45586
3453|0|496.2678|Unknown|4880|3312|8936|6546|4786|2561|3113|4368|4721|6160|5499|4953|3878|2076|2606|2660|4134|4262
3454|0|496.8044|Unknown|2011|2533|2699|2585|2219|2080|1733|1438|1799|2127|1868|2453|1694|2020|1795|2417|1791|2218
3455|0|496.8964|Unknown|2648|3097|3573|3039|3403|1782|1887|2542|1436|2437|1981|3068|1830|1117|1597|1065|1512|1583
3456|0|496.948|Unknown|2631|1405|1844|2181|2547|949|942|1265|1234|1677|1317|2538|1364|970|1447|1334|467|912
3457|0|496.9725|Unknown|6675|2509|2733|2080|6604|1463|1034|1373|1298|2321|2420|2670|1256|1778|2371|2450|1937|1659
3458|0|497.0474|Unknown|1252|1276|3533|2680|1362|1516|1250|1697|986|1593|1103|3602|3394|2467|5119|4128|3981|2582
3459|0|497.1024|Unknown|1666|1549|4322|3011|1699|2701|1134|1153|1425|2136|1548|2346|2500|2519|3057|2920|2617|2402
3460|0|497.1259|Unknown|1831|2343|5196|3316|2090|5876|1991|3907|1918|2348|1619|4408|35976|6701|9469|6523|39495|34225
3461|0|497.1809|Unknown|2627|1948|5935|5358|2925|12537|2970|6081|3052|2842|2069|11027|14234|20162|25972|25281|12250|10938
3462|0|497.2294|Unknown|3400|2487|3131|2662|2602|2424|1177|2580|2472|2413|2625|3072|2599|3280|4649|4977|3334|2994
3463|0|497.273|Unknown|2333|1908|4028|3772|2752|2346|1705|2902|2228|2875|2872|3117|2286|1817|3006|3012|2426|1903
3464|0|497.3125|Unknown|1780|1741|3219|2650|2547|2410|1078|2783|1957|2680|2469|3385|2302|1856|4154|2980|2342|1620
3465|0|497.3837|Unknown|1250|950|3275|1948|1417|1439|408|1716|686|2353|1788|1045|1311|1429|3072|1404|923|1678
3466|0|497.9758|Unknown|1592|1031|751|866|1718|700|115|2032|224|1003|422|1034|758|645|248|1050|673|793
3467|0|498.125|Unknown|1045|2045|7260|3921|674|3452|1241|5563|1271|2480|2420|6910|9805|9768|9776|12131|11222|11265
3468|0|498.1548|Unknown|772|1169|1677|1483|947|2332|1|2672|800|1216|1039|2094|2284|2378|2042|3225|2974|2188
3469|0|498.1802|Unknown|1164|1473|2053|1668|1167|4717|213|3388|757|1451|1606|2498|3506|5708|6217|6696|3550|2639
3470|0|498.2895|Unknown|1815|2279|2658|2601|3086|2109|2145|2602|1454|3223|2152|2090|1926|973|2704|2511|1817|1711
3471|0|498.8057|Unknown|2348|2214|3389|2467|2791|2842|2675|2435|1678|2156|2711|2424|1734|1400|2412|3300|2557|1926
3472|0|498.8638|Unknown|1482|1766|2071|2145|1631|1864|1776|1753|1438|1478|1717|1358|1201|1075|1084|1654|2131|2098
3473|0|498.9446|Unknown|4946|2213|2817|2149|4683|1547|1539|2141|1469|2268|1857|2935|1074|1292|1695|1904|1261|1568
3474|0|498.9695|Unknown|7233|2971|1785|2164|7412|1319|1411|1561|1337|1691|1646|2078|751|1118|2074|1905|1537|1090
3475|0|499.0152|Unknown|2554|2322|3775|2922|2774|1605|1713|2040|996|1961|1432|2909|3149|3042|3126|4612|3374|3430
3476|0|499.0377|Unknown|1937|2256|2711|1524|2484|1554|1558|1386|1152|1290|1236|2127|2362|2544|2886|3601|3029|2074
3477|0|499.0518|Unknown|1715|2445|2932|2564|2245|4012|2547|3490|1390|2163|1631|4816|4246|5938|5447|7849|5412|5453
3478|0|499.1071|Unknown|10809|17032|20073|14816|14937|61682|26754|49339|8324|13337|7317|70962|104096|121365|123097|129535|102559|84821
3479|0|499.1403|Unknown|2136|2735|3203|2301|2070|6571|2968|3848|1757|2365|1537|5157|18088|10078|12227|11490|16552|14832
3480|0|499.1751|Unknown|1215|1589|1609|1722|944|3450|1060|1430|1657|1459|1074|1943|2132|3540|5697|4989|3360|3308
3481|0|499.2562|Unknown|1810|2554|2861|1665|1680|2055|1394|1568|820|2148|1622|2281|1546|1831|2707|2851|2520|1459
3482|0|499.2956|Unknown|2761|3348|2996|2586|3285|2488|2394|2012|1830|2756|3294|3170|2095|2399|3390|4145|3682|2018
3483|0|499.3635|Unknown|1317|2107|3679|3138|1535|1908|1904|1640|851|2772|2768|1973|1449|1776|2391|3103|2271|1600
3484|0|499.9481|Unknown|1439|704|899|97|1073|1216|1047|1398|677|1236|390|1300|589|2190|1480|595|1077|937
3485|0|499.9722|Unknown|1754|841|1398|376|1935|1507|1021|1283|487|1487|493|1274|494|2056|1660|721|1227|909
3486|0|500.1105|Unknown|3203|3239|4443|2932|2497|13608|4070|11751|2148|3591|986|13418|18696|24267|26506|23100|18268|16837
3487|0|500.1432|Unknown|973|1054|988|1358|1073|2925|811|2565|443|1408|590|2500|3686|4444|3882|3086|3059|4481
3488|0|500.1741|Unknown|1424|1336|1838|2513|956|4013|1573|2794|1009|2148|918|2749|1832|6303|5368|5549|2176|2791
3489|0|500.2331|Unknown|1442|1364|2163|1749|1137|3514|813|2599|1267|1660|1063|1689|837|2039|1840|2315|1634|1869
3490|0|500.8056|Unknown|2563|1517|2160|1886|2913|2548|2794|1733|2102|1858|2473|1062|1844|2056|2291|1746|2088|1550
3491|0|500.9415|Unknown|4668|1535|1005|1404|6636|1038|1450|1764|1824|2193|2045|1894|904|762|1277|1014|977|1287
3492|0|500.9656|Unknown|5680|2050|1101|1062|5997|763|1552|1789|1963|1833|1997|1560|1165|1158|1658|1772|1141|1321
3493|0|501.106|Unknown|2134|3032|4053|3586|2474|10088|4460|7549|2187|3616|2440|10408|15850|15094|16244|18601|15509|12330
3494|0|501.1247|Unknown|1866|1666|2023|1739|2217|4799|2261|3935|1888|2983|1899|5116|5695|6726|7898|8412|4738|5678
3495|0|501.1466|Unknown|2092|1925|2187|1853|1813|2235|1853|2201|1269|2427|1994|1915|3194|4379|3974|4319|1583|2760
3496|0|501.1762|Unknown|1299|1681|2059|1778|1560|2396|1630|2369|1819|2223|1809|1665|2093|2081|2915|3570|723|2007
3497|0|501.2829|Unknown|2027|1522|3230|2327|2406|1261|1417|1745|1675|2589|1587|1788|1581|1044|1739|2490|1069|1577
3498|0|501.3072|Unknown|2332|2036|4545|3735|2955|1970|1288|2814|3250|3490|2571|2649|1536|1402|2440|3215|3154|2303
3499|0|501.665|Unknown|5830|3941|9043|5515|7953|4901|4630|5608|3919|7591|6630|8077|8378|6248|6551|8038|8228|7067
3500|0|501.9451|Unknown|1908|2011|1915|3687|1864|755|849|1679|1655|1909|1333|3800|1656|670|1458|922|1075|1647
3501|0|501.9682|Unknown|1737|1522|957|2656|1760|17|773|873|1183|1001|913|1577|1118|605|1060|643|1020|663
3502|0|502.0585|Unknown|820|1948|1028|2896|653|153|863|477|993|1015|671|581|1304|1005|1417|1528|1201|907
3503|0|502.0929|Unknown|529|1290|2146|3250|803|2563|1036|1367|752|1071|689|2327|3207|3374|4757|5575|3891|3228
3504|0|502.1079|Unknown|421|1306|1818|2551|1030|2145|1442|1736|765|1455|767|1891|3473|3496|4187|3901|3141|3514
3505|0|502.1777|Unknown|3491|6070|12633|10324|4921|20946|14279|20008|4935|8530|7501|29926|52160|150882|163799|161454|37350|29089
3506|0|502.2426|Unknown|1039|2085|2115|2794|832|2348|1329|1923|2291|2181|1177|2088|1965|2126|2623|2765|1601|1289
3507|0|502.9391|Unknown|5819|1949|1317|1965|3650|1044|832|1762|1322|1015|2372|1469|899|1127|1428|1124|386|878
3508|0|502.9609|Unknown|3928|1389|2137|2116|3560|1824|773|2016|1295|1313|2165|1841|1286|2487|1587|2233|627|1098
3509|0|502.9976|Unknown|1538|1342|1850|2168|1291|1730|430|1635|770|889|1447|1167|945|2276|1874|1458|1071|1146
3510|0|503.0243|Unknown|1262|2003|3043|3244|1539|2596|1301|3271|1320|1613|2125|1560|2830|3606|3350|4310|2133|3142
3511|0|503.0516|Unknown|3140|2619|4536|4162|2301|3917|3177|3449|1315|2998|3191|3838|5306|6051|6041|8426|6142|5285
3512|0|503.0807|Unknown|1511|2144|3564|3092|1423|3439|2326|3534|1933|2005|2554|4338|3691|3977|4504|6284|5024|3836
3513|0|503.1263|Unknown|1210|1294|951|1773|1302|1932|400|1818|1219|753|1398|1547|2106|2435|3529|2810|2427|1640
3514|0|503.1621|Unknown|7088|10241|12290|10189|7166|11153|5266|8613|4949|13200|12605|9695|12693|14170|18890|21388|13211|10308
3515|0|503.1803|Unknown|3366|4319|5258|4861|3713|8363|4370|7477|2071|5118|5941|9938|14258|36665|39626|37904|10003|9201
3516|0|503.3375|Unknown|1596|1934|2088|2331|977|1794|1375|2265|1118|1842|1387|1187|1309|1169|1029|920|1281|916
3517|0|503.4115|Unknown|1840|825|15372|12941|1700|521|549|5023|2409|5588|5739|3921|1211|1706|1962|3517|3976|2708
3518|0|503.9422|Unknown|2566|2315|2974|1841|2541|1455|2375|2720|1426|1923|2246|2099|1414|2392|1504|2224|1207|1964
3519|0|503.9596|Unknown|7042|7508|12767|6729|7969|6610|4918|5119|5314|8525|7357|5973|6339|9815|9628|12876|6515|5329
3520|0|504.0519|Unknown|1864|1600|1967|1135|1628|804|2498|3061|1324|1171|1158|1043|1457|1824|1454|2391|1246|1592
3521|0|504.1338|Unknown|1480|1056|1474|1212|745|1659|2730|3210|918|662|1113|1959|1677|2685|3155|3242|1998|1424
3522|0|504.1651|Unknown|2355|2800|4005|3380|1811|3243|3427|3867|1282|2554|3266|3669|3776|4565|4553|6656|2982|2286
3523|0|504.1818|Unknown|1726|1582|2753|1930|1327|2220|3265|3848|1134|1740|1704|3137|4142|8285|9346|9001|2774|2529
3524|0|504.4148|Unknown|1415|226|4643|4699|892|274|1088|2391|604|2286|2233|1393|221|567|570|1014|1540|1186
3525|0|504.8739|Unknown|2594|1395|2616|1497|2256|721|2105|1553|2084|1518|1605|1125|837|793|1254|1801|1360|845
3526|0|504.9437|Unknown|10216|12268|19208|15553|11309|11673|7321|5880|8088|13060|12302|8344|8520|10641|11861|14007|8163|8772
3527|0|504.9956|Unknown|2160|1312|2381|1590|2245|1056|2573|995|1604|1962|2005|2138|1262|994|1966|1249|1390|2001
3528|0|505.058|Unknown|2112|1066|3352|2531|1678|1634|3709|1175|2336|1952|1746|2627|2027|1811|3210|3355|2855|3381
3529|0|505.1131|Unknown|1716|1690|2733|1865|1421|2679|2928|1658|1858|1914|1397|2940|2345|2761|4142|4396|3721|3649
3530|0|505.1361|Unknown|1610|1517|2190|1649|1162|2150|2432|940|1615|2000|1571|1718|1693|2447|3433|2817|2051|2068
3531|0|505.1609|Unknown|1850|2719|3365|2075|1714|2238|3129|1665|1908|2423|2251|2557|2246|3838|6422|5375|3026|1967
3532|0|505.1828|Unknown|1144|2312|2249|1780|1184|1950|2671|1213|1738|1592|1847|2016|1771|2140|3160|3347|1944|1713
3533|0|505.2472|Unknown|6951|3802|4870|4113|6626|3772|2644|2076|2650|2542|2239|2387|1620|1879|7185|11215|2606|2259
3534|0|505.3521|Unknown|1658|1880|3165|2662|1326|1940|3029|1862|1842|2727|2612|2489|2364|1156|3100|1731|1285|1820
3535|0|505.9889|Adenosine triphosphate|146672|160283|283302|190675|177346|215161|73503|66900|104449|181454|159095|91401|182827|233502|240841|282694|195674|165625
3536|0|506.0525|Unknown|1895|2089|2476|1970|2049|2426|1567|1986|1591|1502|2032|1825|2168|2230|2045|2954|2974|2023
3537|0|506.1033|Unknown|1371|1313|1895|1450|1208|1641|1268|1668|1454|978|1424|1673|1595|2026|1156|2926|3085|2040
3538|0|506.1563|Unknown|1494|1475|1728|1186|1149|2126|1366|1670|1261|782|1372|2012|2541|2959|4760|4716|2916|1706
3539|0|506.1877|Unknown|4850|6542|9652|6728|4624|20021|9652|11404|3396|4660|4495|17951|26496|73565|70525|70927|20975|15622
3540|0|506.2502|Unknown|3168|1780|2331|1871|2538|2281|825|1857|1394|1500|1287|1476|1536|1532|2441|4601|1947|1783
3541|0|506.8329|Unknown|1435|1686|1893|1464|2217|1450|1473|1326|1847|1905|1870|1126|1164|1884|1610|3114|1170|1201
3542|0|506.8708|Unknown|1448|1381|1893|1113|2100|1248|1074|954|1673|946|2004|1341|1068|907|839|1109|1124|1237
3543|0|506.9916|Unknown|22767|22564|38033|24076|23477|32099|9437|9699|14592|24948|20007|13287|24836|29512|32938|39757|26558|21637
3544|0|507.0359|Unknown|1439|1347|1861|1452|1222|2332|974|1205|1062|1431|1334|1694|1799|2217|3183|3349|1686|1928
3545|0|507.0559|Unknown|1283|512|1982|2061|1097|1657|1550|1639|1300|1334|1255|1830|1355|1966|1945|3451|2451|3231
3546|0|507.0738|Unknown|1150|1327|3305|3203|1736|4921|2783|1906|1634|1750|1744|3568|4712|5051|7513|10456|5785|5877
3547|0|507.1555|Unknown|863|873|1788|1258|1187|3687|1459|2075|2200|1241|1322|1384|3689|2612|3492|3827|2235|2115
3548|0|507.1913|Unknown|1281|2340|1925|2101|1507|5558|3431|3752|2384|2055|1656|5053|7154|16029|19834|17820|4107|4316
3549|0|507.2625|Unknown|679|787|2146|1033|1466|2540|674|925|6113|1513|563|1343|1079|906|2270|4780|1912|1322
3550|0|507.3681|Unknown|1668|1619|6489|5775|1933|1420|562|2808|2754|7011|4220|2195|1005|2167|2525|2702|3277|2444
3551|0|507.4775|Unknown|181|665|4200|3108|521|761|149|1202|911|5612|3352|833|274|1489|1658|712|1359|1370
3552|0|507.9934|Unknown|5336|5961|11237|7736|6503|8126|3523|3346|4220|7267|6223|3584|8812|8965|8734|12130|5967|7074
3553|0|508.0761|Unknown|436|852|1795|1361|347|1307|909|882|899|723|787|1464|1095|2050|3536|2884|2594|1713
3554|0|508.1936|Unknown|855|1461|1199|1057|618|1596|1076|945|580|1249|461|2236|1865|3983|4926|3918|1368|1809
3555|0|508.2339|Unknown|992|834|1128|1041|1330|1693|931|951|1547|928|1014|1189|1030|1484|2335|5402|1162|941
3556|0|508.828|Unknown|2815|1803|3468|2470|3761|2324|3341|2313|2508|2838|3787|2715|3389|2300|2322|4728|2468|1986
3557|0|508.8678|Unknown|1918|1028|2078|2012|1972|960|1391|1600|1482|1305|2417|1584|625|999|697|2486|1212|1112
3558|0|508.8845|Unknown|1716|1051|1174|1080|1561|585|955|1219|862|495|1230|1288|579|888|365|1589|633|1068
3559|0|508.9915|Unknown|4924|1937|2430|1179|7118|931|1010|1920|1452|1849|1856|1918|1251|2162|2080|2073|1277|1544
3560|0|509.0492|Unknown|1167|1031|1542|1829|1296|1724|1429|2189|1486|725|1564|1556|1754|2621|2020|4403|2659|2438
3561|0|509.0654|Unknown|924|890|1751|2114|1221|1506|1475|1526|1100|1034|1125|1678|1446|3038|2297|4267|1915|1490
3562|0|509.1596|Unknown|1320|1116|3770|3487|1358|2168|1029|1603|1938|1587|1767|2589|2889|6083|8228|10338|3552|3319
3563|0|509.1959|Unknown|1588|1800|2999|2506|1712|2549|1434|1397|2052|1972|2027|1699|1372|2000|2291|3366|971|1911
3564|0|509.2103|Unknown|1416|1300|1740|1803|2200|2439|1686|1146|2299|1580|1750|1742|1010|2409|3356|6054|199|1325
3565|0|509.383|Unknown|1243|1333|3024|3244|1544|1105|899|1384|819|3375|2560|1268|926|1389|1310|2004|2321|1258
3566|0|509.4199|Unknown|1030|1314|3530|2629|492|555|977|1771|806|3098|2196|746|816|994|1500|1326|787|1053
3567|0|509.9945|Unknown|2261|1063|710|1557|1328|601|1120|1682|1364|992|1553|1440|690|1079|1219|931|1650|1185
3568|0|510.1441|Unknown|3581|4173|25913|19924|3843|16846|6939|11788|5146|8943|9746|14223|22797|40786|51790|64839|27047|23817
3569|0|510.1918|Unknown|1301|1445|3785|3382|1242|2100|1584|1712|1770|1007|2207|2095|1760|2940|5510|12149|2157|1990
3570|0|510.8236|Unknown|1950|1750|3443|2021|2037|1483|3106|1635|1922|2077|3050|2460|1301|1679|1736|3377|1712|3193
3571|0|510.9642|Unknown|2687|1381|2961|2276|2062|914|1731|1245|1470|765|1802|2017|709|900|826|1264|1401|2118
3572|0|510.9885|Unknown|9501|1904|2269|1297|9575|758|1481|1576|1950|2049|3109|3409|931|575|1983|1671|1263|2124
3573|0|511.1079|Unknown|1830|2783|5859|4050|1015|4418|2869|5406|1309|1868|2512|10881|7580|6137|8264|8865|5441|5592
3574|0|511.1475|Unknown|1719|2009|6691|4712|1379|4863|2134|3924|2162|2909|2858|4639|5975|10564|12009|17326|8562|6945
3575|0|511.1949|Unknown|2234|1122|2503|821|903|1418|1600|2101|1529|1413|2206|2235|1367|1878|3215|4804|1774|1720
3576|0|511.2467|Unknown|1910|1508|2251|1677|2326|1473|2328|1604|2020|1736|2559|2216|1056|2067|1651|3404|1977|1988
3577|0|511.4716|Unknown|904|405|2252|1924|498|1380|666|446|682|1211|1245|664|502|492|2035|3790|787|869
3578|0|511.9758|Unknown|1500|1085|1745|1976|1572|1325|1253|1233|975|2574|1578|2092|1153|872|1786|1816|973|1673
3579|0|511.9919|Unknown|2615|1126|1126|1362|2323|751|724|605|898|1418|1208|1742|1085|488|1677|1085|551|985
3580|0|512.1021|Unknown|1740|2082|7747|5440|1253|4667|3749|6135|1406|3633|1853|8722|8769|14404|17717|20493|8401|6756
3581|0|512.1534|Unknown|675|1134|1749|2316|255|2052|1425|2344|847|1980|1355|1984|2519|3591|6163|7423|1939|2048
3582|0|512.2679|Unknown|4523|4145|4317|3996|5085|3842|3353|3817|4225|3986|3764|3939|2693|3685|4669|5900|3434|3421
3583|0|512.9618|Unknown|2506|1077|1041|1133|2839|513|448|872|1083|979|1436|1112|286|1073|641|1332|745|979
3584|0|512.9853|Unknown|8094|2254|1600|1512|7649|593|389|1455|1178|1539|1651|2144|513|1162|959|1723|844|1126
3585|0|513.0669|Unknown|683|1408|5087|3033|954|1589|1004|1855|1918|2325|1270|2068|1444|2395|1778|2893|1406|1236
3586|0|513.1053|Unknown|1231|2189|4196|2754|988|1060|726|3356|1421|1601|1725|2555|2403|3147|3965|3863|2549|1806
3587|0|513.1921|Unknown|545|1191|1294|1264|805|2279|1074|2305|1086|926|869|2420|3554|4327|4618|4635|2434|1733
3588|0|513.2725|Unknown|2092|2349|2996|2212|2352|2335|1477|2347|1590|2167|2370|3118|1873|1665|2646|2397|1830|1764
3589|0|513.3098|Unknown|4034|5665|4373|4379|3802|6220|4026|5318|3681|5087|3734|5285|4797|4612|9584|7994|6030|4456
3590|0|513.9631|Unknown|1308|476|70|359|1642|614|229|674|625|389|340|618|1|1|521|1|532|487
3591|0|513.9885|Unknown|1971|626|262|445|1814|1154|405|813|424|636|234|586|115|48|418|331|364|418
3592|0|514.1185|Unknown|498|268|1387|1002|398|1814|892|2541|1208|1173|461|2298|2223|2919|3598|4252|1769|1646
3593|0|514.1917|Unknown|1033|1483|2342|1516|1802|1921|1377|2399|1431|1293|1690|3607|2406|3871|5321|6371|2879|2367
3594|0|514.2124|Unknown|1862|1808|3946|2077|2017|2587|1242|2282|2565|1737|2092|2915|1999|2213|3317|4652|2694|2608
3595|0|514.2847|Unknown|478749|471192|723284|579021|574882|558468|458323|402546|490653|490741|600857|510203|522403|522353|569884|770915|549688|544405
3596|0|514.3837|Unknown|1348|986|2031|1446|1967|1918|1371|1461|1403|1404|2036|1014|978|1097|2245|2143|1372|1664
3597|0|514.9586|Unknown|2270|627|837|1108|1859|64|436|126|502|804|649|553|179|662|830|1052|316|551
3598|0|514.9824|Unknown|5543|735|1412|706|4939|220|361|682|932|1090|635|2221|606|908|1522|1120|525|813
3599|0|515.1883|Unknown|855|1818|2655|2057|604|2677|1928|1972|1002|1521|1159|3136|2663|4316|7567|8039|2814|2014
3600|0|515.2205|Unknown|6667|9873|28971|24065|8860|31294|10789|21213|7183|10010|8465|29372|28060|110160|126693|134664|27196|26000
3601|0|515.2878|Unknown|151879|143603|213969|171582|173224|173921|138740|119903|148759|151203|176858|150024|147017|151713|173438|229399|168546|163360
3602|0|515.6806|Unknown|3200|1008|3955|2611|3430|1749|1435|2482|2235|3774|2997|3172|2440|4178|2394|2550|4280|3622
3603|0|515.9603|Unknown|1342|278|306|139|1626|475|363|411|402|312|520|284|135|172|171|583|195|138
3604|0|515.9848|Unknown|927|401|775|551|1199|371|370|383|537|473|280|112|306|451|362|856|533|528
3605|0|516.1451|Unknown|1006|530|1606|1518|98|2174|700|2216|799|606|467|3544|2136|4777|6009|7182|2085|1820
3606|0|516.2043|Unknown|1424|1126|5695|3614|1589|9195|5354|8283|1908|2954|3242|11571|19307|15597|19809|20688|18385|15492
3607|0|516.2227|Unknown|2468|3231|7734|6712|2679|9447|4358|6938|2196|3573|3208|11094|10134|27883|31221|35208|11464|10589
3608|0|516.288|Unknown|42982|39032|58272|45082|47484|47848|39560|34226|42789|40115|51054|42374|40767|41881|51475|62791|47168|45843
3609|0|516.9559|Unknown|1064|947|1382|949|2095|289|502|351|783|722|935|701|195|448|763|1664|557|495
3610|0|516.979|Unknown|2800|502|952|1157|2271|546|710|373|418|544|762|723|432|514|1205|1444|503|296
3611|0|517.0546|Unknown|757|865|3062|2265|662|1397|1670|2455|849|878|778|3467|3040|3663|4495|5744|3853|2539
3612|0|517.1517|Unknown|704|1070|1090|1210|427|867|945|982|657|535|710|1384|2729|1636|1786|2701|2097|2587
3613|0|517.1784|Unknown|570|647|1289|1650|684|3764|1185|2144|764|1108|1335|2570|8354|8447|8173|7840|4739|4769
3614|0|517.2248|Unknown|1444|1592|2605|2239|1293|3712|1450|2748|1373|1517|1590|3989|3424|7192|8174|8146|3808|2156
3615|0|517.26|Unknown|1048|1999|2860|2426|1517|1818|1221|1749|2120|2100|1952|2595|991|1647|3101|2843|1204|1439
3616|0|517.2876|Unknown|11684|9126|14658|10926|10091|11322|10751|8231|9691|9391|13198|10576|9211|10310|11450|13510|9703|8949
3617|0|517.9578|Unknown|1086|509|897|618|566|174|298|753|207|425|409|593|687|517|717|588|143|253
3618|0|518.1285|Unknown|1085|1456|7817|6227|1578|2600|3623|7750|1812|2858|3055|8451|7231|13397|17610|18469|8229|8727
3619|0|518.1538|Unknown|822|1305|4279|2975|1553|4433|2475|3090|997|2237|1467|5324|5237|5256|6937|7792|4791|4017
3620|0|518.1809|Unknown|672|781|1489|1304|1050|2131|1089|973|922|1247|945|2466|3376|3440|3643|3700|2606|1512
3621|0|518.2888|Unknown|2384|2329|3240|2277|2930|2230|2559|1939|1969|2639|2686|2391|1779|1692|2691|2640|2619|1629
3622|0|518.8893|Unknown|2295|1369|1011|1244|3203|493|799|1265|1234|1399|1960|1888|448|280|729|836|892|634
3623|0|518.9528|Unknown|1508|1060|1430|1266|1382|1064|598|426|858|1282|435|881|715|515|982|866|870|753
3624|0|519.0237|Unknown|1507|1948|3894|3609|2109|1938|2229|2506|914|1758|1691|3373|4378|3278|3925|5623|3471|3658
3625|0|519.0531|Unknown|1479|2028|4936|2697|1749|2837|2484|4571|1579|3392|1789|5641|3218|4176|5094|6010|3409|3929
3626|0|519.1041|Unknown|649|1088|919|1384|614|1306|1196|867|878|859|1028|980|1315|1375|2057|1902|1746|1198
3627|0|519.1318|Unknown|414|1067|1673|2365|889|1197|1479|1770|1240|1799|1482|2655|1903|3443|4732|4551|2231|1545
3628|0|519.1581|Unknown|1461|1994|2514|1555|1066|4671|1691|2834|1380|2088|1469|3643|3327|3759|5928|7279|3276|2760
3629|0|519.2624|Unknown|4288|2191|1766|2688|3352|2190|1256|1258|2655|2190|1499|1781|1282|1208|2775|6101|2209|2282
3630|0|519.3476|Unknown|1380|734|1716|1961|1835|720|896|426|1386|2121|1492|766|758|524|1225|2648|1210|1150
3631|0|519.3686|Unknown|3676|2060|6129|4412|3186|2916|2885|4810|3262|7273|5854|6376|3063|2715|4045|5001|4919|5755
3632|0|519.9333|Unknown|2627|2737|6704|5288|2903|2688|2012|2673|2076|2643|2831|4096|2231|5068|7075|7344|3488|4242
3633|0|520.1296|Unknown|620|654|1512|1814|912|1267|1556|1522|817|796|826|1754|1577|2102|3313|3899|1364|1598
3634|0|520.8868|Unknown|3679|1243|1928|664|2936|840|578|681|1313|1313|1220|1684|654|581|968|1223|1395|640
3635|0|520.903|Unknown|3734|1828|2751|2075|2678|1447|854|1222|1767|1269|1413|2281|925|1066|1586|1916|1421|1019
3636|0|520.9177|Unknown|4934|6290|17379|10718|7025|6186|2582|4836|4034|5893|4721|8067|5589|7374|10381|10166|5667|4511
3637|0|521.03|Unknown|1632|2099|2921|2324|1950|2091|1727|2310|1242|1710|1396|2967|3148|3038|4469|4642|4298|3798
3638|0|521.0853|Unknown|3416|3474|4411|3630|3895|6383|3627|5358|2213|2709|2590|5978|9281|8136|8448|11250|9384|7950
3639|0|521.1378|Unknown|908|1514|3201|2006|202|2393|1329|1404|1632|2531|1256|1781|1843|2975|3577|3418|1385|1651
3640|0|521.1501|Unknown|928|2128|2668|1764|777|2197|1427|1475|1497|2270|1730|2029|1915|3531|4377|4974|1511|1940
3641|0|521.1727|Unknown|14646|14363|14278|11873|16871|9255|7882|9824|4931|6272|5794|9416|21057|20563|27726|36398|18918|16252
3642|0|521.1927|Unknown|4342|4325|3947|3135|4652|2906|2420|2867|1675|2231|2093|3006|5650|5509|8223|10278|5160|3841
3643|0|521.2293|Unknown|418|1333|1558|516|438|949|753|767|569|1529|1261|1464|770|609|1133|1249|540|668
3644|0|521.2778|Unknown|1055|1389|2517|1027|746|2015|626|1071|4415|1436|1282|1431|554|1144|2331|4391|895|795
3645|0|521.3836|Unknown|706|736|3421|2210|920|930|939|1311|1329|2661|2345|1561|929|835|1995|1987|1421|1334
3646|0|521.4572|Unknown|679|1185|2814|2766|1192|558|971|679|1001|4462|3997|1101|916|1354|1058|895|1407|1267
3647|0|521.984|Guanosine triphosphate|21518|25492|41444|27658|28294|26046|13974|15896|18592|26148|22230|21558|28376|36171|38108|49332|31598|26079
3648|0|522.0456|Unknown|901|1159|2209|1737|1197|898|1035|1081|1199|1298|1867|1883|1228|1201|1355|2055|1157|1413
3649|0|522.0897|Unknown|1195|1567|1468|1387|1100|2205|1660|1468|1082|1470|1037|1319|2450|2446|2836|3418|2835|2707
3650|0|522.1508|Unknown|997|952|1596|1619|775|1798|1029|1307|1358|1121|1216|2139|2002|3322|5040|5984|2371|2223
3651|0|522.1822|Unknown|4226|4828|6737|6379|5219|16832|7629|11322|3305|3325|2284|14267|19641|68705|71749|76631|14365|12467
3652|0|522.2464|Unknown|802|1103|1421|1637|961|1291|920|1235|1214|1557|726|965|1175|1114|1601|2333|889|1470
3653|0|522.2831|Unknown|2320|3191|4621|3868|2373|2075|2710|3464|4436|3548|3557|3613|3167|1301|2233|2742|3392|3147
3654|0|522.8843|Unknown|2073|836|731|1344|2469|374|748|760|1229|1045|1208|1424|532|138|957|695|654|1006
3655|0|522.8992|Unknown|3293|1338|426|1087|3371|527|731|597|1257|950|978|1035|379|451|461|612|779|1215
3656|0|522.9872|Unknown|4375|4430|6989|5254|5466|4051|2234|3012|3483|3760|3846|3279|4503|5407|5319|6504|5354|4419
3657|0|523.0067|Unknown|3765|2323|3471|3117|4043|2228|1496|1319|1997|2055|1525|2609|2435|2565|3530|4036|3657|2523
3658|0|523.0212|Unknown|1956|1871|3163|2149|2523|2490|1653|1816|1562|1631|1600|2537|2601|2439|3514|3501|4121|3134
3659|0|523.0478|Unknown|1225|1821|4209|3043|2307|4466|3436|3283|2131|1575|2930|3981|6146|6745|6915|9985|7097|5370
3660|0|523.186|Unknown|1213|2817|3022|1841|2078|3924|2801|3797|4623|1153|2185|4934|4690|17819|18962|19653|4463|3629
3661|0|523.2315|Unknown|681|1626|1602|733|1206|1441|963|889|972|822|1140|1778|1076|829|2483|3478|1245|1415
3662|0|523.2567|Unknown|1593|1726|1470|1507|976|1380|1177|1462|1368|1342|1044|2216|857|456|1774|1892|1278|1396
3663|0|523.3991|Unknown|1653|1256|3622|2073|1055|1078|841|1299|721|3261|3345|1824|448|1265|1121|1598|1758|1596
3664|0|523.4731|Unknown|1145|1414|4354|3513|1329|965|701|772|895|4729|3012|1649|871|607|1201|1405|1658|1081
3665|0|523.9887|Unknown|3333|3978|4453|2908|4399|1708|2188|1841|2223|2019|2703|3720|3549|2734|2245|2946|2693|2502
3666|0|524.0511|Unknown|519|1334|2089|1818|1051|1363|1424|1098|938|997|1077|1645|2028|1302|1862|2508|2144|2559
3667|0|524.1593|Unknown|64|1097|2074|1560|1088|1328|2006|1091|824|1476|1694|2261|2244|10549|15598|18666|1711|1656
3668|0|524.186|Unknown|710|1183|1717|1600|1607|2844|1798|691|721|581|1114|2314|1456|5780|7456|7540|1708|1813
3669|0|524.207|Unknown|5749|5008|1717|1774|5913|9024|3426|3741|3621|917|1256|5158|3785|7066|8643|10416|6249|5132
3670|0|524.29|Unknown|2711|1213|3653|3047|3089|7110|2910|766|1591|2407|1425|2144|1307|1108|8399|9760|1802|1792
3671|0|524.374|Unknown|539|428|1680|1472|696|732|1808|333|400|1165|1009|1240|675|83|1464|1195|649|815
3672|0|524.8977|Unknown|2332|1452|1010|1445|2924|560|1548|890|773|935|888|1270|583|659|826|547|358|865
3673|0|524.9402|Unknown|3012|3041|5393|3428|3026|2507|2675|1860|1450|2518|3071|3159|1732|2189|1927|3418|2553|2768
3674|0|525.004|Unknown|4783|1235|2514|2030|4451|1008|1807|1428|1025|1934|2307|2450|1011|1859|1728|1948|1760|2099
3675|0|525.0243|Unknown|1893|1319|2737|2049|2179|1931|2282|1495|1165|1143|1646|3073|1616|2257|2933|3703|2825|3066
3676|0|525.044|Unknown|1104|1285|2792|2183|1423|1873|2410|1853|1188|1334|1581|2374|2196|3370|2818|3751|2233|2868
3677|0|525.0643|Unknown|1056|1002|2381|1602|961|2259|1739|1795|1264|1165|1373|2065|2041|2409|2768|3004|2394|2359
3678|0|525.1622|Unknown|947|1353|2759|1795|1273|1436|1653|1092|754|1683|1169|1263|848|3514|3784|6154|1886|1274
3679|0|525.2038|Unknown|1277|1670|1747|1266|1863|2498|1856|1462|892|1294|1266|2562|1355|2439|2636|2936|1538|1898
3680|0|525.2111|Unknown|1517|2193|1644|1189|2302|3630|1951|1379|2519|1377|1424|3301|1842|2533|3169|4103|2460|2138
3681|0|525.2933|Unknown|741|1588|2573|2176|2552|2915|1463|970|637|1808|1432|1259|1144|1085|2977|2988|789|1396
3682|0|525.9408|Unknown|2598|3067|3924|3887|3150|3856|2279|2073|2590|4935|4174|3036|3434|4479|4207|5076|2537|2218
3683|0|526.0069|Unknown|1708|1030|1168|1045|1493|957|1150|1158|589|1035|672|941|1003|623|759|994|800|1537
3684|0|526.0776|Unknown|168|792|1062|913|710|802|709|1203|666|1145|608|1073|1148|1424|1476|1731|1289|1484
3685|0|526.1176|Unknown|2487|5563|30893|21387|3938|16481|7269|16477|5371|9497|5784|22424|38057|74021|84570|94121|42869|32859
3686|0|526.1614|Unknown|644|747|1691|1415|790|1314|850|1008|1206|1179|1352|1576|2466|3557|4487|3790|2443|1774
3687|0|526.2156|Unknown|1107|1511|1406|1116|1089|1544|804|1108|713|994|1200|1832|949|1359|1706|1600|1295|939
3688|0|526.9257|Unknown|4434|5562|7843|5215|5268|4549|3838|3497|2866|6766|5743|3399|4446|5073|4169|4747|2794|2846
3689|0|527.0015|Unknown|3074|1064|1595|953|3485|514|918|1171|1230|1228|941|1807|1437|996|1485|1932|1302|1604
3690|0|527.04|Unknown|1159|1572|1410|1443|1090|1439|1287|1580|1291|1060|1321|2530|1978|2850|2360|4124|2570|2327
3691|0|527.0985|Unknown|630|789|2272|1176|1297|1800|1437|1454|872|1704|1318|1961|2927|2249|4020|4720|2805|2419
3692|0|527.1215|Unknown|1322|1733|6176|5748|2025|5292|2651|3805|1585|3294|2578|6717|8693|16010|19921|19330|9973|8306
3693|0|527.2103|Unknown|1057|472|1899|1358|986|1653|1092|1020|468|1210|836|1700|1842|2161|2061|2810|1680|1320
3694|0|527.4464|Unknown|3537|614|94112|72277|2573|290|1190|12324|3337|20779|20254|10146|937|2035|4868|4437|2911|3548
3695|0|527.9246|Unknown|1600|1657|2000|1927|2064|1520|994|795|846|1313|1635|1254|1181|1933|1652|2090|1317|2003
3696|0|527.9701|Unknown|42542|47858|71425|54744|49496|57261|24554|17110|34514|54405|52687|22812|52450|63321|58102|71583|48498|45399
3697|0|528.0155|Unknown|2102|2291|2414|1638|2808|2273|1718|1085|1499|2427|2408|1638|1789|3199|2395|3014|1865|2418
3698|0|528.0841|Unknown|777|1158|1271|1241|1044|678|1136|984|1056|1043|1058|1316|1313|2086|1539|2373|1182|1116
3699|0|528.121|Unknown|889|1584|4068|3607|1150|2409|1584|3052|1654|1831|1573|2625|5440|10022|10544|11834|5407|5806
3700|0|528.1667|Unknown|539|1734|1876|1561|1323|1467|1366|1817|941|1305|1145|1085|1282|3399|2434|3973|1836|1779
3701|0|528.2637|Unknown|2062|2156|2514|2945|1858|2014|2600|2188|1901|1923|2226|2423|1465|1849|2660|3397|2305|1918
3702|0|528.4501|Unknown|1234|346|37403|28849|1113|190|1152|5381|1546|9501|7587|4502|422|719|1508|2212|1269|1342
3703|0|528.937|Unknown|2358|1855|1037|673|1646|755|390|361|1290|578|1144|1252|599|403|503|1112|398|1487
3704|0|528.9735|Unknown|6809|7320|11727|8911|7924|7885|2998|3358|4741|7915|7703|4628|7363|8732|8439|10965|7079|6351
3705|0|528.9976|Unknown|3172|2218|2708|1649|3589|1670|1045|1200|1741|1885|1721|1372|1445|2066|2120|2306|1884|1770
3706|0|529.0436|Unknown|1049|2238|2983|2424|1394|2384|1087|1685|1332|1784|877|2200|2045|3714|3160|3700|3303|2934
3707|0|529.12|Unknown|813|1571|1016|51|640|1463|1210|1214|359|638|289|1843|1602|2270|3456|3466|1391|1786
3708|0|529.1657|Unknown|946|1490|1551|1844|444|3076|1828|1564|1088|805|870|2088|3117|5486|6749|8907|3504|3816
3709|0|529.2016|Unknown|1324|1823|1533|748|918|1831|734|1511|1201|815|533|1733|2443|2375|3025|3405|2352|2431
3710|0|529.2242|Unknown|1415|1682|1886|1316|1233|4944|1513|2833|783|984|462|5468|6083|9756|9739|8589|3751|5410
3711|0|529.3047|Unknown|4646|6533|5940|3850|5915|7005|4345|4800|4484|3875|3478|6299|4765|5507|12849|10546|6061|6372
3712|0|529.4626|Unknown|85295|2482|1829256|1410671|27911|2963|32174|197736|58018|466159|392679|147625|15698|28872|65798|86742|56579|52934
3713|0|529.5104|Unknown|1524|311|60054|43984|644|163|665|4296|1121|8991|8261|3002|367|500|1195|1515|1346|1146
3714|0|529.5253|Unknown|534|185|13955|9729|166|34|350|918|261|1836|1501|576|156|242|454|376|381|425
3715|0|529.5649|Unknown|158|115|5992|4135|95|29|49|385|154|815|427|146|21|189|87|65|57|78
3716|0|529.5984|Unknown|1|1|2221|1194|28|1|1|227|139|162|185|1|1|201|45|203|76|44
3717|0|529.6221|Unknown|1|1|487|1|1|43|41|27|1|1|1|1|1|1|3|1|1|6
3718|0|529.6493|Unknown|1|86|167|1|1|204|1|31|234|1|1|1|93|1|18|129|1|115
3719|0|529.668|Unknown|103|32|656|436|1|96|135|1|89|1|51|1|1|1|1|1|1|285
3720|0|529.7057|Unknown|188|20|1301|280|39|1|202|1|110|347|219|156|170|5|127|62|176|195
3721|0|529.7232|Unknown|112|196|1157|1310|36|1|150|1|4|1|286|1|88|72|1|1|65|1
3722|0|529.7417|Unknown|1|1|766|600|1|1|21|104|1|180|112|1|1|1|23|1|36|156
3723|0|529.8014|Unknown|127|1|1272|870|154|14|55|138|1|214|250|352|390|13|411|131|208|1
3724|0|529.8593|Unknown|308|426|1783|1474|239|90|246|112|208|434|333|600|325|287|300|343|81|41
3725|0|529.9539|Unknown|1273|1583|3391|2317|1211|1926|1492|720|1084|1055|1603|1474|1400|1582|1610|1700|1652|1843
3726|0|529.9745|Unknown|1946|2694|5094|3206|2848|2394|1937|838|1723|2834|2283|1674|2513|2502|2368|3409|2651|1856
3727|0|530.0051|Unknown|2196|1396|3027|2948|1335|2177|1146|1270|1395|2025|1966|1927|1421|1294|1317|1780|1929|1823
3728|0|530.0848|Unknown|533|1166|1868|1035|1|635|557|525|731|513|152|1032|872|289|628|1428|1682|1081
3729|0|530.1721|Unknown|894|2004|4893|4309|1306|8325|6384|6341|2117|2702|1918|11031|8628|10385|9734|12882|7192|5488
3730|0|530.2072|Unknown|656|992|1558|2046|440|2870|1422|1429|1025|1358|1182|1804|3238|2346|3268|3702|1916|1650
3731|0|530.2237|Unknown|803|927|1605|997|585|2941|1248|1143|720|795|552|2008|2163|2884|3673|4044|1499|1437
3732|0|530.2774|Unknown|2280|2292|3855|2917|2343|2945|2018|1581|2316|1829|1703|2481|1940|2346|2282|4336|2144|1399
3733|0|530.3066|Unknown|1602|2862|2327|1848|1826|2927|1703|1851|1433|2061|1761|2626|2067|1921|4352|2792|1911|1763
3734|0|530.4663|Unknown|34165|860|694488|550852|10195|1428|12379|74112|22174|174747|142893|52064|6073|12950|24752|36384|23670|20681
3735|0|530.5188|Unknown|234|1|9462|6806|196|549|575|670|196|1281|1105|237|135|417|426|652|251|382
3736|0|530.5676|Unknown|49|31|1298|1471|106|82|176|1|1|297|67|1|1|328|198|115|1|206
3737|0|530.6025|Unknown|36|201|448|548|1|1|1|1|1|1|1|1|1|224|50|5|1|181
3738|0|530.9336|Unknown|2942|686|1137|567|2794|1209|568|648|1044|774|583|1492|435|921|793|1236|786|965
3739|0|530.9673|Unknown|1641|1761|4366|4309|2533|2904|2061|2789|1987|2513|2389|3501|2107|2030|3389|4152|3482|3108
3740|0|530.9938|Unknown|2064|1216|1442|1694|1735|1359|799|1263|1162|1279|753|1063|660|719|953|1557|1015|1009
3741|0|531.1624|Unknown|692|1079|2667|2019|621|2838|1106|2446|437|791|612|3525|2338|4147|5083|5107|2499|1935
3742|0|531.1737|Unknown|990|1191|1946|1403|814|3240|2291|3015|1159|1402|735|4124|3326|4244|4933|4448|3218|2543
3743|0|531.2031|Unknown|781|1183|1557|1092|530|3339|970|2474|1062|1299|714|2661|3748|5037|5202|5104|2847|1661
3744|0|531.2776|Unknown|1762|1749|2449|1786|1788|2456|1810|2140|1532|2432|940|2240|1550|928|1776|2281|1004|1261
3745|0|531.4049|Unknown|597|304|2895|2050|706|960|437|1436|762|3750|2562|827|454|470|631|893|1132|983
3746|0|531.4439|Unknown|2913|505|23353|18086|1746|874|533|4436|2505|7692|5510|4719|904|1244|2285|3916|4075|2137
3747|0|531.4693|Unknown|6419|154|149317|110655|3147|915|3627|17624|5932|38727|29985|11778|1586|2651|5814|8003|5220|3646
3748|0|532.1257|Unknown|477|1259|2741|2691|1332|1749|1069|1247|852|771|1707|1726|2829|3177|4378|5382|2790|2422
3749|0|532.1729|Unknown|772|1581|1364|1168|1328|2987|1878|1313|1071|697|1324|2683|2826|2848|2926|3204|1921|1403
3750|0|532.4463|Unknown|979|570|8959|6102|1252|419|174|1160|796|2511|2020|1155|430|763|1260|906|1649|1795
3751|0|532.4725|Unknown|1188|453|20657|18219|752|71|691|2465|1181|5064|4792|1476|350|799|918|774|1040|659
3752|0|532.9056|Unknown|1798|1330|891|1145|2938|95|583|826|1769|904|1373|888|1471|434|648|830|834|867
3753|0|532.9309|Unknown|3204|1679|1820|1143|3350|387|547|1032|1713|1566|1387|1385|1395|831|1174|1053|728|1380
3754|0|533.1811|Unknown|453|945|1433|853|1087|1462|1316|1309|1534|874|1387|1009|2338|2707|2226|3028|2128|1718
3755|0|533.4202|Unknown|1528|527|3903|2783|1136|589|1073|1417|1687|4267|4934|1316|687|238|951|834|1472|1674
3756|0|533.4542|Unknown|1014|449|3520|2467|927|235|995|560|1564|2733|2824|606|518|505|1285|1565|706|897
3757|0|533.4749|Unknown|418|96|2631|2902|299|408|851|425|983|1132|2217|816|184|134|769|529|138|205
3758|0|534.0999|Unknown|950|1470|2196|952|885|1009|1840|1443|506|1097|1127|1617|2281|2094|2380|2961|1758|814
3759|0|534.1344|Unknown|617|1164|1983|2058|467|1934|1386|711|817|1818|1010|1150|2646|2924|3563|4923|1875|1548
3760|0|534.1857|Unknown|717|1181|1463|1372|508|2676|1377|2299|938|1200|1373|3506|4912|7219|5057|5801|3712|2531
3761|0|534.2155|Unknown|722|972|1558|1175|915|1837|1057|1031|1346|1396|1461|1554|1651|2224|1969|1768|1625|1345
3762|0|534.9031|Unknown|2381|1579|1358|953|2388|79|816|775|1088|1224|1642|1767|769|846|310|732|885|970
3763|0|534.9264|Unknown|2884|2104|1575|1145|3370|218|816|632|1059|1796|1026|1948|732|929|159|742|1143|626
3764|0|534.9964|Unknown|1030|1243|2358|1447|1445|909|1563|2025|931|1195|602|1756|2366|1899|1994|2674|2819|1461
3765|0|535.1225|Unknown|1373|1478|840|926|1381|3258|1071|1224|1258|454|946|1047|1754|1453|4677|4464|1165|971
3766|0|535.1503|Unknown|880|1079|1240|674|1072|2813|1520|1503|1099|652|646|1305|1867|2275|2986|2891|1231|1094
3767|0|535.3401|Unknown|1757|1446|3386|3128|2312|1355|1653|1627|2511|3244|2487|2407|1844|749|1010|1425|2543|1262
3768|0|535.4354|Unknown|749|869|3032|2553|1033|1312|258|1136|983|3648|2255|1719|1209|1183|768|844|1028|641
3769|0|535.472|Unknown|492|1116|2844|2255|604|906|267|617|936|3354|2415|1446|1030|576|1122|891|1510|790
3770|0|535.9054|Unknown|93|563|174|907|1246|187|486|813|769|420|614|747|238|511|71|782|1|346
3771|0|536.2661|Unknown|6695|6487|10387|7204|7349|9299|6208|6128|7957|6834|9641|8625|7144|6768|6216|10216|7075|6958
3772|0|536.8998|Unknown|2336|1209|1072|605|2733|725|922|177|1228|1605|984|1183|422|473|625|597|750|202
3773|0|536.9202|Unknown|2459|1094|769|254|2711|693|774|53|456|771|622|1080|232|601|501|452|732|143
3774|0|537.0049|Unknown|1285|1463|2721|1370|1093|1507|1529|1767|607|1072|1328|2711|1985|1977|3407|2441|2156|1634
3775|0|537.0574|Unknown|2310|5234|4140|2934|3096|4414|3972|3999|1292|2178|1474|6784|10440|7772|9297|10341|7879|7185
3776|0|537.1068|Unknown|1|1119|1461|902|983|1271|604|1164|150|517|1159|692|790|1339|1829|1852|1239|1063
3777|0|537.1691|Unknown|481|1703|1387|1012|527|2347|855|1592|439|1697|995|1814|2516|2414|2531|3534|2904|1993
3778|0|537.2014|Unknown|923|1259|2600|2294|645|2829|1066|2390|549|1141|1278|2428|1408|5537|6100|7290|2355|2050
3779|0|537.2488|Unknown|1015|1915|1666|1534|1491|2493|1290|1338|574|1248|1811|2427|1159|1575|3351|3466|981|1187
3780|0|537.2691|Unknown|2783|2842|4288|4043|2820|3856|2722|2695|3675|2855|3835|3408|2371|3012|4043|5276|2813|4038
3781|0|537.3786|Unknown|738|1515|2418|1549|1264|1810|1579|1720|1064|2989|2710|1864|925|1244|1862|1433|1728|1396
3782|0|537.4523|Unknown|602|1542|2981|2560|647|1379|627|1626|531|3409|2285|1485|537|584|1374|805|678|1198
3783|0|537.4874|Unknown|1355|977|3850|3840|371|1563|726|1177|631|3052|2198|1413|407|994|1383|1357|1021|1428
3784|0|538.0618|Unknown|574|1356|1447|835|1522|743|1676|1456|872|124|1135|1368|2115|1532|3416|2624|1132|1692
3785|0|538.1868|Unknown|449|1049|4379|3621|1426|2139|1363|1223|869|887|1334|2252|2052|3518|3274|4102|2237|2670
3786|0|538.202|Unknown|568|824|2755|2170|1242|1195|1122|1220|727|680|1300|1445|835|2836|2805|3716|1567|1723
3787|0|538.8986|Unknown|2777|1179|1139|759|2138|1160|852|880|1549|1689|954|1098|787|1158|645|1036|1180|1125
3788|0|538.9147|Unknown|3038|1808|905|1419|2707|1386|1115|881|1735|2054|1057|1282|917|968|550|1223|1022|1262
3789|0|538.9569|Unknown|2568|1188|1718|1431|2315|1670|1478|916|1699|2330|1335|1357|1028|1177|1686|1977|1554|1409
3790|0|538.9996|Unknown|1811|1347|2118|1303|1761|1922|1221|1867|1528|2014|1078|2261|1137|1768|1806|2072|1707|2302
3791|0|539.02|Unknown|2967|1336|2093|1604|2849|2114|1652|1523|1398|2079|1289|2331|2749|1778|3079|3645|2117|2989
3792|0|539.1377|Unknown|1677|2341|1423|899|907|2466|1311|1287|1499|1559|1592|613|1297|935|2034|1659|1289|1331
3793|0|539.3587|Unknown|1569|1059|1532|2420|1531|1455|685|1647|13389|2992|2891|503|1579|989|1390|1964|1208|1277
3794|0|539.5027|Unknown|1484|7|6888|4392|1494|793|414|1269|1738|2925|2399|1105|1089|979|1835|6099|2798|1875
3795|0|539.9651|Unknown|1017|1196|1801|1960|717|1568|753|1384|808|1174|1939|606|1600|950|688|788|814|685
3796|0|540.0024|Unknown|797|2227|1198|2576|1418|2618|1351|1492|1250|1230|1425|1598|1943|1664|1285|2028|1449|856
3797|0|540.0532|cyclic adenosine diphosphate ribose|94473|129477|185617|149784|101913|84049|60381|74585|81824|113788|96645|97416|104013|100233|119339|123340|93365|92418
3798|0|540.0977|Unknown|3040|4610|6622|6183|3739|4294|2680|3602|3141|4053|3729|3678|4005|5349|5988|5703|4693|3748
3799|0|540.1333|Unknown|853|1926|3215|3706|1060|2308|1833|1967|1256|1857|2156|1860|2516|19147|22738|23161|1961|728
3800|0|540.1561|Unknown|561|1770|1799|2118|910|2036|1516|1253|1023|1330|1791|929|1719|5778|6314|7164|1353|557
3801|0|540.1906|Unknown|984|1226|1888|2082|872|3002|1827|2269|1015|1416|1415|1971|2583|3634|3726|3846|2749|1450
3802|0|540.2429|Unknown|1488|1329|1285|1801|1069|2601|1654|1741|803|632|1278|1302|1369|1161|1282|1849|1819|536
3803|0|540.2691|Unknown|1455|1739|1808|2480|704|2114|1342|2354|1320|999|820|1463|1214|1239|1447|1656|1629|609
3804|0|540.3617|Unknown|1186|826|1243|1263|897|1382|828|1445|4162|707|1171|953|1147|1074|1032|1327|974|729
3805|0|540.4268|Unknown|2397|1017|1166|759|2392|1500|1791|1157|1002|603|1266|486|833|962|2309|3319|863|1065
3806|0|540.5062|Unknown|662|330|2213|1473|120|984|525|586|890|1164|1470|1|783|683|717|2565|983|382
3807|0|540.7968|Unknown|1011|1825|1954|2056|1162|1571|1056|1068|1443|1131|2059|1575|1317|1456|1317|2478|1573|2427
3808|0|540.9544|Unknown|1720|925|640|1002|1326|702|342|305|548|595|968|1236|579|949|1147|1435|85|1165
3809|0|541.0032|Unknown|832|1310|1335|1704|1305|1008|740|1035|519|1225|1379|1716|1648|2090|3022|2865|1408|1967
3810|0|541.017|Unknown|1916|1604|2289|2335|2524|1304|1070|1929|1053|1212|1494|2156|1531|2003|2670|2724|2159|2046
3811|0|541.0564|Unknown|15498|23524|35722|28920|20268|18605|10899|14253|15523|21140|19733|20452|20924|20411|22469|24614|21295|18661
3812|0|541.0937|Unknown|1953|2396|5371|3510|1670|5929|3485|5372|1874|3189|2770|7195|7545|8786|10155|13287|7352|8356
3813|0|541.1364|Unknown|697|1474|1560|1407|863|1733|861|1248|534|1307|1172|1856|1539|5069|5249|8417|1182|1434
3814|0|541.2145|Unknown|846|1067|1012|1202|664|2614|725|1063|1008|1443|875|1686|1712|1533|2342|2699|1486|1266
3815|0|541.2791|Unknown|913|1446|1529|815|164|2161|688|1254|916|1969|1030|1489|845|1297|1547|1812|1118|516
3816|0|541.9152|Unknown|1545|1810|2903|2357|1562|1520|1481|1156|1184|1990|1366|2400|975|2375|2771|3043|1458|1406
3817|0|542.0582|Unknown|3837|4932|9817|7362|5430|3826|3619|2585|2970|5848|4379|5344|5036|5837|4232|6998|5475|3265
3818|0|542.1335|Unknown|384|738|1169|758|676|1030|954|1|473|487|999|1068|787|4377|3845|4578|1105|810
3819|0|542.1698|Unknown|1483|1443|4005|2878|1013|5886|2924|5310|1906|2918|1467|7790|6547|12356|12888|14617|9408|6472
3820|0|542.218|Unknown|2647|2524|1626|1026|3137|4929|1821|1421|2638|829|993|3967|2332|3067|3430|3606|3915|1598
3821|0|542.8986|Unknown|3119|3697|7181|5036|3088|3413|2196|3068|2739|3275|3644|4061|3636|4444|3763|4610|3702|2454
3822|0|542.9522|Unknown|2932|1271|1756|1282|2492|874|680|1686|1265|1654|1387|1757|705|1329|1322|847|998|936
3823|0|543.0169|Unknown|2114|1485|2573|2142|1593|2114|952|2556|1476|1652|1631|2861|2901|2972|3916|4823|3929|2893
3824|0|543.0637|Unknown|3591|2120|4483|3392|3907|4041|2790|4147|2864|3615|3006|5030|5397|5281|6691|7818|6021|5291
3825|0|543.1163|Unknown|1257|513|1370|746|1003|1498|276|1967|1344|1419|1171|2062|1135|2070|1891|2376|1798|598
3826|0|543.1735|Unknown|1535|562|1962|1616|1330|1564|1086|2292|1217|1600|1050|3071|2248|4091|3579|4293|2454|1959
3827|0|543.2033|Unknown|849|898|1657|1640|1105|1908|540|2781|1226|1602|1200|2714|3097|3346|2494|2513|2475|983
3828|0|543.2397|Unknown|1100|676|1801|1658|1906|2526|762|2618|1469|1798|1397|3565|1753|2873|2915|2141|1706|852
3829|0|543.3193|Unknown|1169|2020|2151|2416|2036|1022|1168|2121|1709|2164|1689|1945|1266|1547|1558|1459|1464|662
3830|0|543.4413|Unknown|7638|481|19922|13869|6724|1270|1078|6751|8578|13981|8027|8034|1741|5840|7034|8549|9166|8353
3831|0|543.476|Unknown|586|1|4396|3373|1247|508|360|1616|1340|2186|2116|1441|534|1380|694|465|974|537
3832|0|543.8384|Unknown|757|895|56|739|406|364|620|1036|342|251|254|881|564|343|550|487|1|1389
3833|0|543.9448|Unknown|18444|20729|64299|41072|23411|26155|9076|13537|15636|21818|20464|23267|29480|40319|42684|49955|34779|31985
3834|0|543.9612|Unknown|11665|13368|32510|19394|15598|14206|6944|7607|9468|12659|13277|12900|16771|21875|21761|27040|18960|16588
3835|0|544.0452|Unknown|859|1460|1723|1632|1105|838|1460|1581|632|987|1361|1386|1274|2322|2275|2290|654|2067
3836|0|544.0661|Unknown|964|1801|2225|1903|1357|1290|1553|1655|522|1012|1362|1452|2025|2839|2495|3235|943|2225
3837|0|544.1645|Unknown|1389|2286|3184|2110|1093|1938|1832|2184|823|1217|1653|2304|2612|7059|8215|9652|1783|3367
3838|0|544.1934|Unknown|927|1973|2060|1405|924|1995|2036|2606|704|1725|1846|2701|2502|4025|4265|4076|1987|2109
3839|0|544.2357|Unknown|858|2313|2185|2483|855|3196|2231|2440|540|1257|1251|3165|3249|5256|5855|6265|3772|2962
3840|0|544.4156|Unknown|13794|4067|62565|47001|17754|4379|2348|18296|18036|22648|17693|21866|7263|6120|5360|6076|22172|20628
3841|0|544.4423|Unknown|4805|1565|15778|12174|5548|1682|910|5405|5506|7144|6903|6652|1786|4002|3829|3614|7076|6463
3842|0|544.9492|Unknown|7313|4830|11328|6716|7462|4496|2365|3318|3205|4888|3667|5490|4212|4635|5925|7152|6980|4254
3843|0|544.9645|Unknown|4289|3817|10605|6081|5781|3700|2577|3190|3168|4749|4707|4879|3458|3714|5492|6784|6251|4695
3844|0|545.038|Unknown|1038|1260|3098|1674|1384|1770|1412|2581|998|1436|1390|1917|2154|2455|3226|3590|3136|2320
3845|0|545.1404|Unknown|717|1676|3694|2862|1104|2071|1462|2292|1821|1749|1279|2101|2084|7158|8511|9016|4636|3356
3846|0|545.1719|Unknown|1345|3522|4955|2565|1718|3298|1324|3632|2327|3399|2939|2673|3067|5112|6957|6074|3816|2548
3847|0|545.1985|Unknown|3387|5446|8490|7600|3948|10623|4932|8767|2938|5115|3766|11277|12080|48155|54285|55540|10342|8393
3848|0|545.2141|Unknown|1500|2862|3852|3231|2503|5574|2958|4311|1921|2283|2072|6346|5681|19891|24209|21581|4963|4909
3849|0|545.2625|Unknown|904|1701|2782|1162|2125|2082|1718|2246|1871|1931|1313|1916|1117|1692|2173|2313|1763|1433
3850|0|545.3994|545.3994|6104|1832|35062|26724|6348|2669|1732|20217|16823|28724|23568|22852|2476|7244|8715|10974|11316|8948
3851|0|545.4172|Unknown|8860|1904|36208|25373|8391|2925|1730|11678|10620|19868|16992|14869|3769|4807|6142|6051|11658|10774
3852|0|545.4561|Unknown|6272|1047|14188|9595|5733|1510|1372|6361|6385|7854|7099|6712|1966|5037|4376|5976|5733|6743
3853|0|545.9445|Unknown|3838|3287|8907|4323|4146|3956|2639|2008|2110|4869|2807|2427|4012|4117|5326|5784|5099|3302
3854|0|545.9763|Unknown|4283|3287|7175|4329|4133|3159|4020|2606|3111|4404|3898|4647|3705|3168|3721|4394|5608|3181
3855|0|546.1418|Unknown|922|583|2634|1383|1191|1149|1742|1351|634|2120|1049|770|1598|2997|3880|4024|1929|1267
3856|0|546.1758|Unknown|1412|806|2281|1330|1144|2092|1819|1271|860|2380|1190|1381|1821|1354|2331|3605|2527|1366
3857|0|546.2017|Unknown|2148|1612|4431|2769|1970|3572|3089|2443|1323|3148|1883|3726|4730|13417|13694|15686|4497|3039
3858|0|546.4026|Unknown|2826|495|16554|11487|3530|1439|1057|7523|7556|12495|9610|9827|1599|3223|3948|4146|5299|3846
3859|0|546.4183|Unknown|2107|714|11332|8345|2874|1089|987|4336|4712|7686|5388|5101|1124|2171|2261|2466|3380|3541
3860|0|546.4588|Unknown|2430|567|5137|4141|2052|379|857|2362|4030|5233|3625|2557|360|1882|2361|2271|2669|2788
3861|0|546.9227|Unknown|3023|1022|2390|1002|2524|1086|1843|1405|1409|1956|1889|2165|1150|1202|1139|1912|1928|1795
3862|0|546.9465|Unknown|5668|1481|3411|1854|5502|1070|1920|1370|1439|1884|1443|3346|1435|1969|1630|2199|2041|1893
3863|0|547.0034|Unknown|2043|1288|1986|1336|1521|1749|2221|1198|1061|1444|1454|1758|2137|3204|2747|3487|3422|2443
3864|0|547.1773|Unknown|1470|1090|1125|785|1052|868|1669|921|583|1188|1615|1757|1695|2222|2245|1910|1959|1831
3865|0|547.2007|Unknown|1688|1523|2184|1874|1374|3074|2512|2636|873|1387|1301|5433|5081|10288|10705|9849|5329|4352
3866|0|547.4054|Unknown|2153|266|5705|3550|1265|1024|831|1587|2860|4126|4176|2835|1007|1717|2470|2385|1273|1663
3867|0|547.9244|Unknown|1436|1261|1323|869|907|1083|1834|1105|886|1168|1127|1658|991|1474|1083|2134|1186|1256
3868|0|547.964|Unknown|12686|11541|20777|15749|13868|14546|6419|4751|8978|11347|10463|8197|14152|16698|16460|21508|14240|13793
3869|0|548.0216|Unknown|1570|1578|1566|1379|2053|1468|1990|1631|2280|1841|1690|2154|1650|2637|1879|3149|2456|1634
3870|0|548.0991|Unknown|1293|1047|4187|3389|417|2202|2317|2111|667|1654|1611|3056|2945|5591|7603|7502|4376|3826
3871|0|548.1741|Unknown|542|991|1899|759|519|1730|1498|1484|1045|1223|1188|1347|1252|3440|3310|4271|1564|1176
3872|0|548.2029|Unknown|456|902|933|957|1145|1842|2338|1756|819|853|903|2398|1726|3475|3439|4466|1861|1484
3873|0|548.2432|Unknown|866|1602|1907|1453|797|851|1665|1573|1200|1300|1141|2029|973|1842|1507|2562|1158|1285
3874|0|548.9197|Unknown|2953|1554|2998|2163|3807|4047|676|1031|1254|1441|2000|1719|991|1132|227|2122|629|1507
3875|0|548.9431|Unknown|5147|1833|2442|1814|5750|3959|642|933|1382|1208|1509|2141|1004|1238|556|1716|746|1356
3876|0|548.9656|Unknown|4093|4212|6552|6165|5987|7748|1898|1944|3056|3925|3716|3401|4355|4387|3992|5615|4070|4718
3877|0|549.0644|Unknown|1139|952|2358|1600|2581|4293|1032|1594|1356|1538|1737|1985|1528|1744|1109|3634|1490|1669
3878|0|549.1141|Unknown|918|1194|2531|1517|2617|4280|110|913|1160|871|1208|1256|1666|1560|2432|3490|1246|1345
3879|0|549.1286|Unknown|860|1233|2566|1934|2250|7442|305|1337|1069|999|879|1286|1855|2656|10630|18904|2318|2187
3880|0|549.1941|Unknown|948|1186|2686|2413|3330|7184|1411|2363|893|1292|1308|3969|3045|2063|2392|2635|1857|2417
3881|0|549.3785|Unknown|2517|1598|4480|3362|3422|2621|1267|1722|2226|3918|2703|2356|3452|1670|2016|2191|2132|1597
3882|0|549.4169|Unknown|964|1122|3226|2513|2236|1500|249|564|1466|3195|2415|1326|820|683|1439|1933|1174|796
3883|0|549.451|Unknown|1124|796|5320|3853|1512|1106|85|1696|2424|3815|3824|2455|966|685|1126|1404|1804|1135
3884|0|549.5245|Unknown|850|165|5124|3292|1286|28|95|1129|1178|4576|3228|1267|407|1246|994|1293|1118|633
3885|0|549.9219|Unknown|1110|1509|1814|1698|2423|2247|1011|1097|1033|1090|1448|1190|1282|1641|989|1305|858|1148
3886|0|549.9528|Unknown|15965|22191|23273|15842|17727|24042|9530|5925|12131|19469|18490|8582|21031|21339|18089|21476|16008|14874
3887|0|550.1336|Unknown|216|977|613|1048|803|2559|507|1163|699|867|1041|1025|1875|2222|3796|5335|1670|910
3888|0|550.9171|Unknown|1514|1298|1622|1533|1999|1467|712|1056|1039|1271|1586|913|966|1498|711|666|632|490
3889|0|550.9405|Unknown|2023|2194|2620|2034|3234|1892|1269|1517|1582|2294|2438|1212|1646|2507|1737|2503|1846|1506
3890|0|550.9559|Unknown|3528|3954|5221|3255|3558|4577|2321|1802|2382|4059|3660|1888|3200|4632|3913|3918|4219|2832
3891|0|551.0223|Unknown|383|887|2819|2056|1036|1958|1330|2199|1346|1839|1264|1865|1787|3114|2227|2106|1124|649
3892|0|551.4311|Unknown|946|1430|3056|2472|1045|1806|1436|983|1394|2865|2581|1335|623|1047|797|1217|1279|1123
3893|0|551.4666|Unknown|731|943|3673|3573|1118|1554|960|1535|1363|3710|2649|1403|927|1062|1174|1104|1213|1030
3894|0|551.9186|Unknown|582|304|602|819|1407|1|845|1|333|116|1346|1031|879|1156|393|733|194|541
3895|0|552.1327|Unknown|662|657|2203|2476|1397|1124|1180|1477|1077|1110|1825|1284|2068|2123|4127|4336|2077|2458
3896|0|552.2403|Unknown|1882|1636|4266|3898|2236|2144|2538|2655|3357|2854|2965|3142|2190|2827|3113|3362|3019|2336
3897|0|552.3215|Unknown|4659|3320|23368|19474|5703|8218|4891|10606|11822|13831|10917|17110|7462|11069|17482|36898|14726|12971
3898|0|552.64|Unknown|76|87|1|1|81|9|1|1|96|1|1|1|1|1|1|1|330|1
3899|0|553.1755|Unknown|738|938|1645|1802|1527|2160|1259|1295|1267|1884|1702|1806|1575|2356|2729|3884|2858|1148
3900|0|553.2236|Unknown|281|1070|1215|2014|1551|1982|1616|1213|1625|1617|1354|2299|2683|2401|2263|3268|3358|1937
3901|0|553.2424|Unknown|881|1545|1503|1688|1701|2069|2038|1248|2241|2248|2161|2579|2272|2663|1998|3198|2491|1728
3902|0|553.324|Unknown|1230|1957|8373|5819|3500|3602|2016|4270|4633|5823|4298|6247|3478|5078|6741|11855|6315|3738
3903|0|554.1227|Unknown|1577|2314|3531|3150|799|4186|1727|2695|668|2088|743|2496|1406|2251|2546|4044|2260|994
3904|0|554.1453|Unknown|1058|1585|1412|1355|324|2281|983|2194|353|1098|399|1078|1709|3124|3294|2885|1690|649
3905|0|554.2061|Unknown|1288|1428|2045|1606|1545|1565|965|2506|662|1797|771|2137|1999|2955|3851|4660|2313|1345
3906|0|554.3244|Unknown|741|1317|3312|2099|1171|1207|772|3322|1377|2434|1457|1958|794|1570|2015|3742|2251|1440
3907|0|554.3441|Unknown|2243|2642|4421|3520|2493|3406|2656|5075|2975|4264|3166|5941|4626|2116|2036|2506|4150|2670
3908|0|555.1078|Unknown|1086|1156|1816|1090|1463|1059|1588|2662|911|1005|1014|1426|1071|1467|1294|2569|1779|1562
3909|0|555.1272|Unknown|1523|1448|2375|1566|1401|2796|2454|2742|1148|1616|1110|1904|2311|3097|2876|4053|2220|2496
3910|0|555.202|Unknown|1152|1097|1509|1807|1364|2883|1817|3143|1179|1391|1912|2154|2111|3594|4334|4579|2059|1807
3911|0|555.239|Unknown|1249|1269|2225|2301|1215|2775|1768|2925|1190|1678|1991|2321|3024|3150|4487|6646|1853|1182
3912|0|555.3511|Unknown|1603|1601|2447|1702|1924|1534|1712|3536|2300|2683|2217|3440|1688|919|1789|2263|1678|1629
3913|0|556.1105|Unknown|719|780|1085|736|822|1432|1011|1037|527|875|517|1626|950|1225|1558|4047|1392|218
3914|0|556.1648|Unknown|2164|3071|13655|11636|1976|37929|14939|34012|3338|7787|5075|54597|30298|39991|42332|44225|30714|23038
3915|0|556.2724|Unknown|13422|14383|18924|18556|17605|16369|16663|13629|17389|18608|21651|14657|15625|14243|16749|23317|16786|16287
3916|0|556.5123|Unknown|1|133|244|335|242|125|287|196|261|228|264|263|146|41|415|333|227|76
3917|0|556.9683|Unknown|1956|780|1070|1092|1853|666|681|538|964|355|816|914|908|491|725|1542|989|477
3918|0|557.0113|Unknown|892|1181|1383|1486|1302|1035|1269|2258|811|843|660|2585|1062|1596|1750|2594|1777|879
3919|0|557.0683|Unknown|1325|1518|2465|2471|728|2666|2396|3676|1087|1677|1276|4981|7628|6167|8621|8377|6805|5453
3920|0|557.1689|Unknown|500|2428|4522|2555|930|9348|4021|8651|1497|2023|1545|11275|6418|8612|9970|11319|7548|5693
3921|0|557.2083|Unknown|988|1486|2745|2602|1121|3353|1934|2043|1339|1250|1768|3303|2353|6115|6910|8483|3090|1340
3922|0|557.2758|Unknown|5558|5288|8054|6239|6037|6087|5488|4418|5507|4654|7678|5659|5269|5361|5479|7561|5012|5041
3923|0|557.3352|Unknown|3324|5255|4959|5083|4485|4791|3182|3545|2931|4280|3409|4063|2804|3887|6214|6732|3803|4008
3924|0|557.4585|Unknown|1030|225|6645|5485|899|733|310|1740|1472|3518|3312|2429|56|1188|1668|1765|1227|1382
3925|0|557.4746|Unknown|1577|153|5660|4023|1803|2236|538|884|903|2541|2125|1894|481|1054|2060|1732|1046|1524
3926|0|557.4939|Unknown|899|197|3846|4295|774|1089|373|1272|515|1244|1284|1027|571|436|912|852|560|601
3927|0|557.5256|Unknown|470|42|500|545|50|476|94|245|91|177|277|838|13|1|240|78|243|188
3928|0|558.0652|Unknown|9717|14018|14232|10583|11667|9671|5484|7543|9160|9122|8624|10678|12866|10846|11683|14527|11350|10203
3929|0|558.1433|Unknown|1153|2431|4838|3280|1554|8318|5593|12811|1928|3850|2285|18385|16489|25896|29864|26598|18275|14652
3930|0|558.1671|Unknown|564|1363|2341|1398|899|5329|2423|4702|1028|1658|1482|7519|5761|7912|10296|9649|5882|4622
3931|0|558.2206|Unknown|942|764|1841|1586|588|2590|1463|2628|1412|1297|707|3078|2418|2700|3445|3468|1421|1770
3932|0|558.2507|Unknown|1363|1443|2008|1346|1353|3233|2019|3177|2057|1589|1330|3911|3299|4003|3541|4414|2554|2728
3933|0|558.274|Unknown|1928|2499|3320|3010|2605|3041|1776|2682|2369|1933|2998|2889|2357|2418|2555|3206|2786|2511
3934|0|558.3014|Unknown|1389|2081|2425|1303|1620|2037|1198|2264|1488|2253|2092|2429|1302|2471|2492|2385|1570|1461
3935|0|558.4273|Unknown|392|380|855|473|705|445|139|731|357|426|363|519|423|591|792|386|363|201
3936|0|558.9656|Unknown|2912|64|1215|656|3312|720|810|1997|1020|792|888|1481|683|990|1397|584|1233|1784
3937|0|558.9888|Unknown|1586|322|2164|1567|1555|771|1207|2472|1032|1004|1126|2160|1666|1728|2444|2565|1749|2583
3938|0|559.0367|Unknown|4147|3800|4579|3430|6094|5090|4246|5282|2112|3934|2421|7378|10299|8558|10315|13058|9792|9756
3939|0|559.0647|Unknown|3235|3158|3789|2160|4313|2817|2908|2761|2744|3776|2135|3844|5269|5376|4724|6568|5922|4978
3940|0|559.119|Unknown|1260|483|421|322|669|1020|713|1005|649|469|551|770|2082|1597|1346|2096|845|2029
3941|0|559.147|Unknown|988|1260|1272|978|1103|2436|1199|4428|1118|844|587|3826|4017|6128|6469|7670|4251|3898
3942|0|559.1935|Unknown|1077|1649|727|775|1143|1728|605|1111|1135|1257|648|1733|1566|1647|3232|2722|693|1639
3943|0|559.2355|Unknown|1285|1466|2135|1745|1337|4233|2726|5059|1146|1695|816|6589|6378|9469|11475|7935|3861|3562
3944|0|559.4149|Unknown|1026|464|3473|1867|1327|745|759|3005|1099|2313|1844|2790|524|2101|2962|4546|2153|1742
3945|0|559.4731|Unknown|1468|60|8458|7533|1048|884|400|2086|1546|3744|2519|1805|666|1675|1288|2386|1911|1872
3946|0|559.9393|Unknown|2389|2977|9134|4788|3160|3282|2018|3605|2888|2750|3433|3477|4454|4329|5180|6164|3926|4203
3947|0|560.0387|Unknown|810|1636|1128|1223|1387|1518|1473|1461|988|1416|1124|1066|3114|1956|2453|2715|2289|2712
3948|0|560.1161|Unknown|379|1011|3013|2001|817|1599|1122|1270|456|1349|839|1622|2144|2750|2944|2779|1846|1932
3949|0|560.1392|Unknown|539|1410|2079|1819|1042|2837|1651|2913|668|1085|1131|3469|3741|11510|13033|13851|3209|3303
3950|0|560.1965|Unknown|439|877|1211|670|871|1498|911|904|187|1096|641|1304|822|1872|2270|1851|1406|1509
3951|0|560.2392|Unknown|623|1377|2634|1616|804|2975|1425|1886|639|1768|1651|3046|2171|3741|3753|2358|2058|2184
3952|0|560.4227|Unknown|1551|682|5524|4383|1191|1109|656|7809|1599|5743|3950|6663|600|3231|3316|4133|4265|4909
3953|0|560.9426|Unknown|1603|1400|2523|1050|1792|1318|1577|1135|1430|992|1586|1906|517|1787|2654|1854|1892|1280
3954|0|560.9619|Unknown|3550|1222|2357|1035|3234|1165|1341|1018|964|1476|1703|1919|515|1116|1976|1594|1387|990
3955|0|561.033|Unknown|1995|1515|2880|2015|1515|2125|1544|1898|915|711|1223|2326|2848|3141|4254|3802|4398|2550
3956|0|561.0898|Unknown|1085|1241|1956|486|1263|1953|2121|1698|802|669|1208|2289|3090|3397|3805|3101|3563|2954
3957|0|561.118|Unknown|1234|641|1697|569|1337|1280|1669|1580|469|76|1232|1852|2029|2238|2854|2898|2192|1761
3958|0|561.1512|Unknown|1206|965|1690|682|952|2066|2013|1456|895|953|1130|1878|4331|6188|7698|7089|2729|2425
3959|0|561.2145|Unknown|876|1257|1621|1199|213|4331|3286|5474|1042|1855|1565|7010|8585|14803|16848|14218|8047|6922
3960|0|561.3073|Unknown|1283|1531|1778|837|1590|1566|1642|1489|3792|1576|1830|1233|1260|133|1093|1276|1273|1261
3961|0|561.3562|Unknown|2223|1607|2974|3430|1814|2118|2333|2801|2064|2058|3398|2674|1715|182|1719|1723|1610|2321
3962|0|561.4286|Unknown|1779|909|4318|3658|1035|987|594|7146|2217|4365|3385|4781|1417|2324|2563|3793|2047|4222
3963|0|561.4517|Unknown|1617|898|3075|1554|1420|971|1085|2967|1841|2780|2945|2170|994|1080|1357|2443|1192|3095
3964|0|561.4867|Unknown|1783|980|3595|2779|748|834|281|1676|1603|4560|3233|1842|1028|734|1454|3242|1795|2278
3965|0|561.6536|Unknown|1|329|291|1|54|817|1|1|1|130|295|581|1235|980|1347|1584|69|824
3966|0|561.952|Unknown|2206|2600|4315|2945|2414|1534|2175|3190|1457|1439|1989|4572|3037|1969|1952|2250|2161|2514
3967|0|561.989|Unknown|1379|1342|1512|1436|1361|82|1084|1339|872|833|1294|1368|1303|755|798|1381|1078|1114
3968|0|562.0356|Unknown|10882|15179|26079|20452|11306|12183|8463|10278|12494|17401|16613|12683|13141|10498|13578|16119|12937|11742
3969|0|562.1149|Unknown|710|1869|1843|1670|801|720|790|1873|1557|1057|450|1938|1428|2859|3710|4202|1075|1333
3970|0|562.1602|Unknown|781|1930|1383|1256|1339|1580|1570|2412|1254|1116|436|1535|2473|3059|3694|3741|1949|2081
3971|0|562.1969|Unknown|526|1927|1085|1215|1044|931|1099|2251|1333|1344|818|1917|2128|1945|2909|2355|1787|1718
3972|0|562.2176|Unknown|562|1471|920|1236|1060|983|1538|2768|1097|1797|1087|2731|2732|5252|5408|4388|2924|2261
3973|0|562.433|Unknown|991|470|1971|709|516|540|365|2629|591|2779|1202|2324|1|1309|1223|1339|1077|612
3974|0|562.4492|Unknown|2212|817|1587|962|2604|1001|642|3376|2442|4313|2530|3736|360|2645|2346|2566|2464|1846
3975|0|562.9597|Unknown|2677|1226|1965|1254|3152|704|899|1029|1571|807|1533|1630|882|1336|1532|1767|734|656
3976|0|563.0672|Unknown|1931|1820|4153|3893|2278|4160|2347|2764|1960|2881|3140|3631|3470|4365|5066|5894|3845|3217
3977|0|563.1614|Unknown|1557|1866|1884|2329|1864|1769|1362|1670|1547|1532|1757|1690|2573|4045|4301|4187|1844|3146
3978|0|563.1814|Unknown|2251|3923|3360|3484|2079|4586|2282|3328|1714|2966|2442|4839|4250|7608|9929|8789|3007|3655
3979|0|563.2092|Unknown|805|1147|1496|1913|1134|2349|1493|1867|933|1637|1577|2517|2728|5191|4399|3976|1811|2046
3980|0|563.3715|Unknown|19752|6008|39905|33165|20775|5836|7121|22748|21335|32307|27974|29007|14245|6277|8475|6996|27287|25058
3981|0|563.4307|Unknown|1390|976|3075|2990|904|1190|909|1584|1559|2723|2458|1311|1039|1420|2109|822|1420|1620
3982|0|563.5034|Unknown|1176|811|4008|2889|1527|1251|950|1808|1080|3821|3446|1395|759|1294|2103|2430|1988|1961
3983|0|563.9378|Unknown|1092|1519|1247|1517|2419|1031|598|799|602|1036|1109|1797|641|1380|1216|1206|996|1114
3984|0|563.9601|Unknown|2186|2566|3343|2623|4036|1966|1257|1269|1661|2196|1917|3054|1694|2578|2825|3165|2564|1994
3985|0|564.0598|Unknown|1045|1073|1578|1823|1973|1371|1141|1398|873|655|996|2016|1647|2594|2175|3009|2041|1348
3986|0|564.072|Unknown|819|1347|1969|2507|2176|1528|1190|2232|793|1369|1127|2690|1698|3993|4035|4425|2603|2202
3987|0|564.159|Unknown|828|1707|1984|1287|1809|3517|1846|2569|959|507|591|4011|6279|4833|5153|5391|4440|3930
3988|0|564.3437|Unknown|11311|5782|49156|37921|9502|12462|4193|12533|12135|28619|10368|17362|11288|20399|10930|29080|33371|30467
3989|0|564.372|Unknown|8491|2764|19639|15518|8729|3511|3032|9339|8820|14319|9616|12294|5707|6160|4332|7258|11839|11361
3990|0|564.7602|Unknown|812|501|577|513|1389|882|657|1052|733|645|620|1356|634|657|995|695|415|1073
3991|0|564.8784|Unknown|1623|1386|1754|1270|2399|1548|1238|1348|778|1415|919|1365|831|861|857|1201|797|801
3992|0|564.9516|Unknown|3033|2098|2327|1766|2949|2253|1499|2123|1647|1857|1462|2636|2115|1845|2827|2574|1759|2223
3993|0|565.0173|Unknown|1669|1919|1963|2268|2509|2460|1444|1747|1381|2188|1782|2019|1462|2592|3559|2911|1495|1725
3994|0|565.0473|Uridine diphosphate glucose|32910|40742|68964|53948|37237|41958|28584|35951|29453|47170|38683|49128|32951|62675|68178|81099|31756|32819
3995|0|565.1364|Unknown|354|1008|1178|1418|1404|3339|2426|2931|881|865|1013|2438|4090|3656|4293|5343|4200|3464
3996|0|565.1612|Unknown|201|1441|878|959|1181|3019|1281|1998|1208|1048|810|1521|2342|2093|2256|3386|2212|1632
3997|0|565.2255|Unknown|1|891|1425|511|906|1590|498|1285|425|986|546|773|848|524|1141|988|938|494
3998|0|565.3472|Unknown|3542|1827|17121|13397|3376|5608|1495|6689|3565|10984|4492|4567|4621|9542|4298|11893|14574|10340
3999|0|565.3732|Unknown|1654|1272|6924|4897|2993|2534|838|3522|3136|5364|3659|3130|2868|2792|2002|3339|4233|3356
4000|0|565.4094|Unknown|1476|1146|4103|3048|1453|1711|590|2025|1120|3027|3380|842|1387|1352|1456|1535|1668|1447
4001|0|565.4395|Unknown|837|666|3397|2617|709|1394|545|1571|714|3220|1601|173|944|1200|862|1023|718|508
4002|0|565.4696|Unknown|189|290|1903|1172|610|972|341|1115|395|2381|1137|1|904|309|623|590|706|304
4003|0|565.5183|Unknown|397|506|4985|3382|442|1234|537|1092|1088|4817|2572|1121|1237|870|910|1555|1579|1937
4004|0|565.9268|Unknown|7587|9041|25059|16752|9354|9516|4459|5699|7220|12098|10862|8162|12027|14380|15162|19550|13881|11953
4005|0|565.9441|Unknown|4887|5909|11374|7442|5471|5651|2854|3675|4443|7423|6151|4537|6899|8070|7405|10454|7248|6234
4006|0|566.0509|Unknown|6080|7751|14990|11304|5747|7716|5084|7330|5206|9012|7632|7842|6750|10050|11780|16655|7421|7720
4007|0|566.105|Unknown|1085|1697|2597|2614|1236|1451|2423|3646|1964|1669|1499|4984|1512|2446|1968|2249|1414|2223
4008|0|566.1459|Unknown|757|1589|969|1076|752|1481|743|1520|975|778|1206|1811|1905|2152|2339|2891|1295|1859
4009|0|566.3393|Unknown|1643|1082|3620|2845|950|841|751|1451|820|2178|1620|1552|1350|1916|1732|2278|1888|2397
4010|0|566.4429|Unknown|826|633|1545|1850|235|470|1|1006|310|971|1427|593|503|341|753|432|858|100
4011|0|566.9286|Unknown|2686|2899|4039|3943|1969|1747|1479|1365|1687|2312|3025|1738|2359|3409|2865|3197|2627|3459
4012|0|567.0528|Unknown|3915|4266|5863|4153|2041|2531|2921|3046|3048|3067|3182|3890|3475|3480|4086|6505|3958|4245
4013|0|567.1534|Unknown|1254|1712|1792|961|838|392|603|603|1059|1367|1188|1557|1160|1197|1337|1748|2107|1829
4014|0|567.182|Unknown|1172|1372|1664|609|632|730|914|1583|1052|1267|885|1365|973|1959|2088|3741|2134|1757
4015|0|567.2846|Unknown|1065|1617|1441|508|1674|2285|537|1593|1015|1580|957|1543|1050|842|1943|2382|1984|1458
4016|0|567.3378|Unknown|1861|1549|2457|2258|1527|1566|393|2697|2432|3235|2054|3219|1139|1570|1928|2000|3210|2667
4017|0|567.3898|Unknown|453|1322|1556|2203|807|502|1|1579|20687|2371|1207|1484|595|918|1316|787|2021|1605
4018|0|567.4369|Unknown|254|1056|2041|1310|1038|518|1|1038|1330|1620|688|1010|180|641|805|677|1780|1046
4019|0|567.5343|Unknown|624|672|9417|7187|1691|936|368|890|1510|2720|2285|1778|241|1326|1148|5089|3434|2232
4020|0|567.9257|Unknown|2650|1978|3874|2400|1759|2414|2459|1424|2133|2132|1619|1817|2681|2467|3277|2968|3470|2300
4021|0|567.9576|Unknown|2944|1984|3294|1971|1726|1543|2274|1733|2160|2071|2196|2206|2150|1535|1924|1045|2229|1810
4022|0|568.1056|Unknown|1536|727|3504|3754|1045|1627|1481|2099|1112|1360|1693|2386|3035|4081|5635|6201|3276|3943
4023|0|568.3933|Unknown|96|120|884|1085|1068|264|254|510|8027|839|926|571|612|756|1102|815|578|542
4024|0|568.5379|Unknown|331|1|3439|3251|191|1|1|1|1191|1334|594|1|67|562|189|1667|1292|1209
4025|0|569.1309|Unknown|1950|1349|2137|1815|1740|1747|1725|2738|927|895|766|2896|1456|3068|2766|3525|1945|1054
4026|0|569.1808|Unknown|2005|2034|2381|1491|2028|3382|1942|2380|1078|1175|648|2118|1784|5013|5544|6276|2428|2397
4027|0|569.2181|Unknown|2397|2576|2089|1075|2424|2621|2174|2081|1460|1601|1229|2677|1823|2346|3389|3380|800|1070
4028|0|569.2555|Unknown|2808|2500|4062|2005|2082|4210|2754|4281|1415|1645|1287|6509|5270|7680|7331|8992|4002|2510
4029|0|569.2708|Unknown|3086|3438|3654|1942|2827|3383|2890|3156|1240|1805|1590|5100|3060|4046|5099|5204|2831|1652
4030|0|569.317|Unknown|4242|2590|2038|1348|4620|21837|8857|2470|950|1149|1608|2543|2640|3793|34333|27740|2464|2057
4031|0|569.3349|Unknown|4389|3446|2641|1565|4086|7904|4702|2702|1227|1897|1540|2885|1733|2535|10117|10329|2028|1463
4032|0|569.9466|Unknown|3268|3967|6768|5912|3872|4084|2126|2235|1964|2964|3538|2054|4234|5275|3355|4397|4053|4626
4033|0|570.1807|Unknown|221|1618|2805|1562|1350|3559|1327|4827|1556|1471|1154|5196|4130|7884|6853|8562|4342|4528
4034|0|570.2578|Unknown|847|2778|2080|1955|1480|2451|363|2142|2185|1581|1911|2735|2742|4345|3473|4639|2336|3170
4035|0|570.2755|Unknown|865|2375|1577|2074|2257|2106|684|1867|2112|1365|1997|2723|1834|3105|5318|6883|1733|2286
4036|0|570.3209|Unknown|742|1390|1691|1849|1987|6742|1526|1702|2009|1308|1321|1998|1519|2713|10281|7878|1426|2043
4037|0|570.3508|Unknown|2954|3414|2168|2087|3027|3939|1222|2700|3472|3296|3009|4263|3892|4604|3623|3361|3553|4288
4038|0|570.7899|Unknown|1587|1640|1714|986|1632|1156|2364|312|1366|2053|2719|1523|1509|1760|998|1408|1518|904
4039|0|570.9485|Unknown|1340|1497|3047|1392|1330|1821|2028|233|1730|1517|2245|1392|1465|2778|1420|1853|1559|1413
4040|0|571.1384|Unknown|983|822|1372|1255|1000|2677|1995|766|1959|1487|2507|1949|1582|5486|4126|4651|3778|2076
4041|0|571.1777|Unknown|880|787|2416|1507|1665|3320|2258|2909|2317|1832|2873|3815|3356|7629|7128|7463|4389|3193
4042|0|571.2882|Unknown|4548|4699|11166|10848|7387|3786|4559|7621|4649|5266|6544|8486|4795|5701|6599|6348|6724|5593
4043|0|571.322|Unknown|1183|1023|3264|2399|2512|3380|2460|2236|2373|1454|2693|1999|852|2580|4251|3552|2266|884
4044|0|571.3495|Unknown|2428|2051|3878|2982|3073|3068|2024|2821|3269|2982|3536|2456|1312|3464|3254|4739|3377|1822
4045|0|571.4574|Unknown|1501|406|7489|6018|1718|532|897|2809|2051|3259|3559|2584|1|2521|2358|2237|3054|2471
4046|0|571.7424|Unknown|1354|319|2012|870|1729|1728|1854|1690|2476|876|2026|1499|3319|956|1307|1759|2059|932
4047|0|571.9391|Unknown|1859|1386|2291|1915|2090|1507|2054|1073|2245|1890|1615|786|3507|1389|1964|1666|2077|1400
4048|0|572.1793|Unknown|1208|1391|2331|659|1043|1227|1688|1714|1298|1458|1361|1960|3633|1694|3059|2433|1922|1770
4049|0|572.2457|Unknown|5464|4337|9700|7593|4698|4704|4670|4407|5898|5369|6202|6766|6991|6073|7502|7859|6465|5151
4050|0|572.2918|Unknown|3054|2620|4556|4216|2974|2169|2828|3838|3046|3226|3587|3201|3745|2416|3076|3494|2836|3052
4051|0|572.9809|Unknown|1333|917|926|1206|2505|1013|543|788|987|654|578|1280|794|1180|1309|942|397|1274
4052|0|573.1511|Unknown|424|949|1293|1238|966|747|857|1818|1204|675|1040|1720|1760|2535|2634|2979|610|1393
4053|0|573.1824|Unknown|681|1573|3378|1758|585|979|1214|2454|1165|1553|1899|3049|2003|4853|4727|6539|1348|1908
4054|0|573.2504|Unknown|2583|1856|3426|3191|2120|3810|3094|6187|3153|2342|3165|7286|6004|12044|9495|9791|3940|3786
4055|0|573.2911|Unknown|1924|1630|2843|2424|1521|2298|1468|3031|1251|1765|2373|3392|1605|2267|2704|2998|1488|1438
4056|0|573.3309|Unknown|4130|5017|3099|3332|4335|4747|3405|3910|3477|3906|3344|4594|4808|4114|9786|8015|4559|4287
4057|0|573.4023|Unknown|1375|892|2246|2373|1272|856|802|1084|1052|1953|1555|1115|1059|881|1226|1495|1239|845
4058|0|574.2106|Unknown|1649|1433|2062|1463|859|2903|2760|3129|1145|1515|1476|3811|3278|4049|4227|4097|1791|3035
4059|0|574.2691|Unknown|1525|1884|4720|3684|1672|3011|2939|4200|3021|2783|2525|5482|2658|4438|4433|5390|3153|2713
4060|0|574.3349|Unknown|1165|2455|1661|1590|1576|2262|2326|2501|2685|2046|1420|2299|1825|2252|3518|3808|1449|1818
4061|0|574.9584|Unknown|2955|1211|1937|1873|2290|1606|2037|1883|928|1988|1058|1210|1200|2166|1491|1349|1386|592
4062|0|574.9776|Unknown|3900|1025|2016|1307|3117|1696|1700|1684|1009|2294|817|1117|1360|1875|1819|1096|1496|664
4063|0|575.0101|Unknown|5173|4269|4826|3148|4845|3734|4130|6212|1205|3272|1113|6385|7901|6478|9219|7622|8537|5334
4064|0|575.1616|Unknown|1061|1290|1414|1731|1468|1332|1218|1803|409|1716|850|775|984|1389|1351|1459|1189|610
4065|0|575.1829|Unknown|1681|1190|1329|1271|1754|1591|1286|2027|468|1845|1048|914|1517|1629|1818|2002|983|1100
4066|0|575.2724|Unknown|1033|1788|1808|1976|1900|2804|2082|2043|910|1898|1841|1622|1215|1531|2553|2118|1243|1477
4067|0|575.4097|Unknown|54|807|2771|1282|1167|1684|1130|1454|811|1073|1425|1271|196|1014|1827|1524|1041|1045
4068|0|575.4282|Unknown|495|891|4096|2290|1413|1917|1375|1134|1465|2328|2383|1159|996|1132|2256|1548|2233|1657
4069|0|575.6847|Unknown|562|38|115|1|1|1|1|381|1|18|1|74|44|160|1|159|48|274
4070|0|576.014|Unknown|2143|1324|2162|894|1842|801|621|1727|540|878|1224|1589|2231|1086|1776|1310|1231|1488
4071|0|576.091|Unknown|1207|1207|2465|952|741|420|893|1439|542|872|1521|2103|1097|2296|1945|2245|1421|2610
4072|0|576.2683|Unknown|2293|1852|2905|1416|1645|3269|2713|2523|1899|2650|2273|2500|1905|1848|2613|2580|2275|2647
4073|0|576.9741|Unknown|1842|1280|2042|1186|2165|1521|1240|1296|1182|1039|1526|2607|826|1362|1311|1536|987|1466
4074|0|577.0086|Unknown|1500|1426|2726|1441|1526|2202|1661|1511|1562|1049|1472|2723|1658|3023|2976|3509|2603|2832
4075|0|577.1929|Unknown|1418|1179|1994|1228|66|3384|2143|2393|720|1745|1819|3366|3020|2471|3748|3368|1866|2323
4076|0|577.4464|Unknown|2030|1017|4195|2939|1294|1633|2011|1771|1508|4536|3921|2356|1312|2164|2325|2241|2676|3262
4077|0|577.481|Unknown|1370|1008|3770|1877|1060|1346|555|984|308|3788|2312|1032|1078|1119|1473|1387|1039|1727
4078|0|578.0091|Unknown|7282|13151|31148|20511|8557|8101|8577|11473|9198|14954|10902|16505|13734|14445|15604|15582|14090|11730
4079|0|578.2562|Unknown|1842|1877|3233|2320|1919|2263|3168|1286|2809|2874|4629|2843|2690|2144|2052|3773|2281|2428
4080|0|578.3362|Unknown|1067|599|3786|3127|641|910|1153|811|1500|1605|2733|2028|1469|1562|2316|3363|1082|1347
4081|0|578.4479|Unknown|1995|773|1372|1937|2325|1691|1727|3435|3059|3316|2647|4145|1528|2599|2519|3096|3774|3302
4082|0|578.5389|Unknown|38|1|1|181|1|103|1|30|496|425|1|1|193|1|1|441|1|334
4083|0|578.9098|Unknown|2671|2127|1333|1963|2985|1185|2087|1270|1006|1975|2701|1933|2237|1855|1494|897|1428|862
4084|0|579.0119|Unknown|2104|2995|6759|5609|2596|2049|2707|3337|2193|4535|4871|4218|4210|4041|3921|4796|4239|4019
4085|0|579.0354|Unknown|1413|1299|2401|2322|1572|1458|1992|1878|1053|2496|3513|2278|3585|2917|2736|3848|3009|3514
4086|0|579.1397|Unknown|1611|685|3420|2812|1630|1431|1924|2979|542|2745|2112|3835|3285|6117|6967|8205|4044|3691
4087|0|579.2076|Unknown|657|302|1344|1214|897|2732|1426|1438|654|1459|970|1644|2832|2338|2723|2313|1945|1592
4088|0|579.4245|Unknown|700|854|3104|2840|1620|215|1462|976|998|3442|2177|1680|793|1769|1628|1390|1613|1352
4089|0|579.498|Unknown|1103|761|3458|2994|1529|846|1225|1742|1098|3959|3202|1032|410|974|1508|1380|1549|1142
4090|0|580.0098|Unknown|1739|1826|4831|2834|2375|917|2206|1558|861|2029|1757|3374|2285|2692|2568|2722|2134|1820
4091|0|580.0442|Unknown|1712|2348|2840|1875|2781|1446|2495|979|2149|2078|2592|2840|2184|2479|2983|2858|2256|1922
4092|0|580.1246|Unknown|1313|995|1657|1065|1587|2058|2196|1233|1310|1588|1041|3963|2807|3658|4772|4594|2518|2879
4093|0|580.2095|Unknown|807|812|730|228|1601|863|1571|177|1279|1361|329|2005|905|1275|1860|1725|534|661
4094|0|580.353|Unknown|5055|3130|58219|47177|6727|9298|3539|18404|17600|23785|18934|26636|6744|19559|23848|48586|25695|19385
4095|0|580.9066|Unknown|2845|1308|871|666|2893|614|1378|757|724|1122|672|1424|622|1604|273|881|701|1062
4096|0|580.9651|Unknown|2758|2032|3877|3348|4339|2571|2429|1655|2003|2353|2725|3350|2019|2769|2771|4387|3228|3125
4097|0|581.0117|Unknown|4289|3061|3172|2376|5413|2274|2613|2137|1322|2115|2305|3058|2788|3770|3657|3742|4008|3414
4098|0|581.0275|Unknown|2870|2177|2777|2051|4129|1641|2025|711|1103|1366|1656|2502|2458|3257|3573|3083|3212|3094
4099|0|581.0498|Unknown|2035|1323|2556|1357|2986|1877|1520|1252|1073|1110|1286|2146|1845|2895|2156|2922|2603|2363
4100|0|581.1106|Unknown|2425|2184|2552|1945|2878|7615|3404|3993|822|1600|1538|7783|10495|10766|10473|12855|9962|9197
4101|0|581.3555|Unknown|3551|1845|22628|16033|4345|3983|1362|7133|6335|10490|7638|10730|2331|8033|9462|20221|8622|8544
4102|0|581.4375|Unknown|1712|842|2756|2112|1956|885|659|1678|735|3559|2299|1714|249|1773|1285|1127|2371|1745
4103|0|581.9007|Unknown|2792|3262|10711|5837|3058|4173|3340|3352|1851|3250|2328|4685|4289|6436|6023|6621|5308|3572
4104|0|581.9592|Unknown|9004|7095|15445|10612|8716|8743|9620|8828|9355|9049|11577|10044|8014|9416|8652|11563|9051|8713
4105|0|582.0095|Unknown|2008|1771|1652|1495|1296|1688|2267|1384|1061|1194|1000|1627|1971|1919|1593|1664|1621|1139
4106|0|582.0286|Unknown|2571|1948|2316|2162|1030|2111|2176|2789|1428|1478|1634|1827|1506|1771|1580|1910|1955|1705
4107|0|582.1188|Unknown|1603|1271|1663|1155|797|1636|2131|2109|742|841|767|2507|3367|3568|4914|4419|3153|1948
4108|0|582.3555|Unknown|1434|1189|5907|5293|764|1856|1786|2156|1958|3331|1673|3366|1543|2228|3305|5470|2652|3612
4109|0|582.9038|Unknown|1863|1653|2820|1015|2692|1052|1349|1021|942|1014|1246|2043|1289|874|1012|1075|1766|1290
4110|0|583.0324|Unknown|1258|1920|1977|1045|1805|1112|1645|1519|1381|2031|947|2514|2208|2238|1411|2367|2487|1985
4111|0|583.0921|Unknown|656|1010|2039|992|689|1207|1187|1106|796|1157|1047|1813|2544|2613|2720|4054|3049|2978
4112|0|583.12|Unknown|1926|3263|2261|2217|1893|2556|2281|1439|1862|3672|3362|3106|3371|2736|3523|4093|2817|2714
4113|0|583.1529|Unknown|385|1414|2055|1071|787|887|1464|1460|946|1539|1784|1506|1792|2429|3347|4832|1599|1588
4114|0|583.2648|Unknown|2108|1626|1762|981|2177|2581|1720|1325|1035|1518|524|1320|1048|1271|3390|4547|1241|798
4115|0|583.3548|Unknown|1567|1728|2208|1745|633|1682|1116|1688|1816|1784|975|2531|1487|1472|2435|2294|2382|1664
4116|0|583.4733|Unknown|4411|1312|19435|15730|3282|805|963|8094|4946|12789|10447|12369|1273|6488|8672|11197|6479|4552
4117|0|583.9329|Unknown|2147|2007|3693|1755|1713|814|1485|1246|1505|2194|1745|1925|1573|1001|1524|1645|1420|1338
4118|0|584.0795|Unknown|147|1132|2052|2868|479|708|1327|1343|886|933|1014|2632|2104|3779|4064|4533|1985|2366
4119|0|584.1588|Unknown|1|1593|1931|1894|951|866|1452|1399|1396|865|718|2261|1638|2458|2644|3335|1342|1593
4120|0|584.1956|Unknown|198|1404|2078|1937|723|4692|2646|3356|1481|794|752|6297|2684|4307|4318|4188|1711|2530
4121|0|584.2672|Unknown|767|1147|1818|1120|1106|3424|2790|3140|1421|1027|725|3438|4595|4489|3591|4396|4095|3551
4122|0|584.2919|Unknown|843|1189|952|1197|1457|2493|2500|2312|1510|516|835|3412|2242|2552|6558|5710|1827|1209
4123|0|584.4772|Unknown|1746|673|8777|6538|1432|537|1429|2807|1863|4623|3670|3420|559|2385|4614|3743|2126|3111
4124|0|585.106|Unknown|350|1298|2559|1530|797|1996|1765|1838|1296|482|1160|2135|1698|2492|3481|4032|1330|1260
4125|0|585.1553|Unknown|1597|1681|2601|1781|1161|4675|2284|2711|1305|2115|1717|2979|5948|11146|13058|15608|5120|5586
4126|0|585.1905|Unknown|1558|2317|1547|2045|1704|2835|2074|2126|1411|1117|1432|1689|2528|2945|2410|3932|1567|1813
4127|0|585.2928|Unknown|479|1329|1350|815|1588|2762|1798|1615|1807|1235|1670|1258|1881|1944|2935|3891|770|1171
4128|0|585.3648|Unknown|1160|1821|4255|2802|1645|3170|1635|1672|2146|2410|2622|1452|1374|1382|2552|2753|1526|1576
4129|0|585.4894|Unknown|3931|1149|46795|38389|3977|1195|1031|9378|6486|20047|18024|9674|461|5375|8497|9717|7468|7939
4130|0|585.5081|Unknown|4760|1739|51516|37116|5178|3550|1342|10461|5566|23825|21497|10861|2644|6950|5926|9271|15808|14818
4131|0|585.9202|Unknown|1598|2308|5891|5877|1711|1960|1337|1398|1445|2144|2638|1864|2746|3524|3927|4533|3158|1994
4132|0|586.0952|Unknown|3223|3394|7932|6694|2763|1850|1393|2221|2514|3621|3217|3498|2995|4375|5804|7010|3599|3702
4133|0|586.1568|Unknown|458|1338|1180|495|370|1086|423|938|740|1681|762|1641|1552|4313|4036|4025|2442|934
4134|0|586.2456|Unknown|932|1168|1242|1018|604|3882|1720|4390|888|1945|1307|3854|2457|4502|4506|4096|2095|2034
4135|0|586.2826|Unknown|415|1273|2299|1689|765|3451|1903|2757|1254|1290|1289|3584|2971|5821|5319|4199|2175|3069
4136|0|586.3734|Unknown|1099|1094|3141|3040|1643|1464|1377|1756|1015|2672|1766|1096|1193|614|1637|1209|838|1755
4137|0|586.4931|Unknown|1375|335|17859|15849|1513|528|1066|4524|3103|7774|6886|3634|39|1507|1841|5201|2715|2876
4138|0|586.5108|Unknown|1594|364|19124|15318|2319|1831|1209|4908|2123|10773|7471|4316|1061|3038|1922|3653|6720|6062
4139|0|587.0296|Unknown|4739|7529|14694|11517|6502|7318|6801|6684|6483|10492|10739|8948|5397|9295|12347|13538|8193|7195
4140|0|587.1823|Unknown|824|1130|1641|662|206|1765|1988|466|953|1714|1424|1386|1262|2701|2606|3436|857|1667
4141|0|587.248|Unknown|960|1319|1563|569|105|2142|1446|1519|581|565|988|2758|1162|2064|1748|1773|430|1449
4142|0|587.3821|Unknown|5431|699|174958|138987|6825|1964|1259|11798|9842|59404|42484|21213|1544|7531|9327|17998|13992|12543
4143|0|587.5042|Unknown|2378|267|7600|6288|1831|244|1081|2290|1880|6079|4475|3794|545|2274|1335|2322|1722|2486
4144|0|587.8859|Unknown|4600|385|10162|10008|4154|2197|2030|5570|4653|12462|10237|8149|1247|4097|7053|10592|7023|7468
4145|0|587.9264|Unknown|1243|1599|3249|2637|2324|2486|2329|1135|1840|2309|2334|1469|1557|2407|1913|2071|2091|2141
4146|0|587.9794|Unknown|2827|3513|2976|2981|4223|6241|2313|2152|2345|1512|1587|2347|3314|3533|3527|2832|3874|3863
4147|0|588.0323|Unknown|1804|1530|3229|2361|2015|2745|2786|1690|1945|2363|2149|1968|2391|2126|2320|4105|2210|2141
4148|0|588.098|Unknown|597|480|2234|1494|872|2742|2224|2473|396|1063|1678|2126|1888|1735|1901|3443|2429|1845
4149|0|588.1334|Unknown|651|395|1243|1255|653|3371|1855|1889|313|942|1348|3100|2984|3286|3816|3794|2336|1608
4150|0|588.1885|Unknown|1163|857|1169|787|839|2157|1290|585|173|394|453|1525|641|1752|2855|3195|1311|1345
4151|0|588.2254|Unknown|663|873|1225|762|1173|2455|1791|2513|355|929|272|2344|1660|2754|2757|3554|1787|2195
4152|0|588.2615|Unknown|793|703|1489|1292|1343|4221|2604|3644|101|1568|660|4142|5988|5402|5558|5449|5742|3607
4153|0|588.2863|Unknown|761|818|1523|1279|1202|2379|1399|2336|677|1848|597|2272|2481|1642|2067|1487|2108|1707
4154|0|588.3849|Unknown|1981|152|65211|53665|2604|839|947|5496|3178|23011|17313|7207|979|2439|3093|7059|6289|5512
4155|0|588.5082|Unknown|1065|401|2331|1849|995|246|391|1959|399|1289|1774|804|364|832|254|807|885|926
4156|0|588.9809|Unknown|1211|1754|2623|1342|1997|2374|1687|1163|1753|1491|1306|1231|2490|2394|2181|4076|1278|2974
4157|0|589.209|Unknown|1514|992|998|267|477|2209|1227|926|891|692|876|1863|3346|3216|5025|4795|2002|2434
4158|0|589.2635|Unknown|1219|1599|1339|1007|719|1654|1811|806|1684|416|190|1042|1789|2579|2519|3947|1749|2524
4159|0|589.3833|Unknown|1910|1902|24831|20848|2241|1543|1822|4087|3629|9802|8129|5400|3197|1680|2204|3269|3996|3487
4160|0|589.4467|Unknown|3345|2256|3298|2661|4793|2751|2018|3633|4113|9017|6480|4262|3880|4337|4768|4936|5065|5001
4161|0|590.383|Unknown|569|1751|7273|6603|987|512|764|355|508|3108|2572|1941|1223|1099|1038|1572|904|779
4162|0|590.4335|Unknown|720|1322|1681|1875|485|277|168|2625|879|2725|2169|2350|1173|3023|3305|2874|1740|1287
4163|0|591.1711|Unknown|740|2986|1431|1097|476|2813|1504|1636|122|71|647|2648|3762|2167|2933|3314|2502|3261
4164|0|591.2035|Unknown|1518|2525|1574|1160|1044|1817|1117|1229|418|530|1800|2224|1596|893|1230|2122|945|1742
4165|0|591.4027|Unknown|10538|4114|29766|24544|9633|3799|4727|9271|14421|19171|15901|10805|7149|4732|5717|7719|12324|12237
4166|0|591.4395|Unknown|1540|1487|6815|5196|2168|985|1062|6448|2933|5308|4314|6044|1007|4257|6346|6616|3820|5048
4167|0|591.4966|Unknown|629|1650|2514|2103|1243|1080|703|1361|1005|3250|2006|629|706|946|1087|908|1141|1835
4168|0|591.5718|Unknown|881|1063|4557|1592|481|259|461|743|633|4134|3795|557|120|973|576|1118|1083|2196
4169|0|591.9399|Unknown|2349|3276|2050|1731|2964|1295|2814|1479|699|2492|2208|902|2382|2374|1736|1806|2075|1568
4170|0|592.1481|Unknown|941|1309|853|1087|1988|1097|1537|1442|340|996|1065|1072|2115|2655|3017|4572|1817|1266
4171|0|592.1738|Unknown|901|1409|1075|656|1394|963|1383|1320|563|772|1045|644|2011|1284|1312|2637|1291|736
4172|0|592.406|Unknown|3212|1049|11022|7191|3709|1314|2633|3281|4883|6363|6632|4857|3411|1236|3186|2986|4703|4607
4173|0|592.443|Unknown|804|246|1907|1451|1362|671|1219|2618|1299|2188|2026|2315|843|1228|3208|1948|2401|1853
4174|0|592.9266|Unknown|2567|1707|800|655|2260|896|826|1227|1448|1456|1|1660|994|468|1083|1024|842|1159
4175|0|593.03|Unknown|3105|3180|995|749|3085|823|1316|1244|1144|954|144|1228|1690|901|1511|1281|1223|1520
4176|0|593.1707|Unknown|1647|1918|3512|3140|832|1098|601|1891|1763|1776|1751|3115|2018|2149|2353|3981|1527|2244
4177|0|593.2298|Unknown|1631|1719|2009|1319|1214|2141|892|1799|1349|936|229|1785|3252|1320|3039|2475|2492|2407
4178|0|593.4136|Unknown|1681|1206|3423|2850|1444|807|715|1678|1405|2799|2219|1446|1353|1480|1723|984|1553|1213
4179|0|593.4407|Unknown|1702|998|2891|1910|1109|1033|539|1187|677|2344|2099|1219|1079|1438|2462|525|1463|496
4180|0|593.4775|Unknown|1540|1377|2756|2921|1175|827|615|1065|857|3962|2645|376|1184|1376|1967|1060|1146|971
4181|0|594.1084|Unknown|1217|1270|823|1820|887|1763|1077|2042|198|749|1041|2603|1891|3346|2979|3608|833|2108
4182|0|594.1726|Unknown|837|993|1209|665|976|2052|1059|2352|535|1180|1401|1828|1502|1787|1686|1594|260|773
4183|0|594.6074|Unknown|3|406|177|378|1|3246|10|111|1|1|1|1|4801|6185|7515|7991|2596|2818
4184|0|594.924|Unknown|1264|1383|652|1603|2142|2061|829|1157|1127|556|1166|494|450|1240|669|802|224|81
4185|0|594.9633|Unknown|3334|2302|5911|5249|3046|4255|2561|2625|2823|3400|4389|3937|2702|2938|2948|3310|3266|3317
4186|0|595.1094|Unknown|641|1004|839|1639|1036|3119|766|1406|747|883|1302|1179|2639|3874|3330|5060|2043|1353
4187|0|595.1329|Unknown|365|960|749|1199|930|2573|760|1301|407|633|1045|815|1164|2206|2018|2555|876|600
4188|0|595.2474|Unknown|87|583|1345|1116|1070|2964|1109|1756|953|905|702|1253|1211|2828|2610|3047|970|1382
4189|0|595.3766|Unknown|18613|4523|38874|33006|18667|10076|3152|29228|23764|48831|32876|35208|8473|22129|23316|29972|39056|31797
4190|0|596.0197|Unknown|1296|1301|2301|2857|1349|2069|1011|1154|514|1768|1644|2104|1911|1400|2307|2820|1746|1933
4191|0|596.0511|Unknown|161|401|1172|1303|1134|1109|918|914|69|666|1127|885|998|412|1211|1726|776|393
4192|0|596.0956|Unknown|940|1112|2121|2737|1728|2184|2100|3886|97|1151|1615|3324|3986|4197|5415|6736|2728|2614
4193|0|596.1364|Unknown|140|676|897|1274|1010|1586|1052|1021|537|1031|945|1018|1655|483|1377|2067|791|440
4194|0|596.2868|Unknown|3901|4165|2807|3080|3813|5652|5112|2654|4363|3683|5185|3403|3551|3490|3277|3613|4167|3112
4195|0|596.3795|Unknown|7141|2643|15706|10308|7160|5235|2631|11076|9667|17605|13274|13845|4249|9317|7095|10839|14588|11004
4196|0|596.9209|Unknown|835|1097|937|1039|1177|591|2489|993|447|913|446|541|1186|311|1331|1307|584|565
4197|0|596.9863|Unknown|4820|4004|3107|3014|3641|1729|3144|2387|1124|1834|1348|2825|3325|2864|4008|4344|3069|2129
4198|0|597.043|Unknown|512|1391|867|1443|724|644|2387|1376|270|804|621|797|1795|1105|1545|1525|1371|509
4199|0|597.0842|Unknown|1387|2749|2397|1237|1739|4195|4426|5620|789|1657|372|7109|11568|10173|11246|9417|9692|6714
4200|0|597.2235|Unknown|855|1375|1957|2121|449|3191|2318|1750|1191|1511|742|2056|3233|6087|6062|7303|3538|2526
4201|0|597.3039|Unknown|1873|3135|3591|3261|1927|3196|2441|2292|2670|3375|2386|2022|2442|2145|4268|4814|2374|2388
4202|0|597.3485|Unknown|4750|4133|9901|8177|5401|21298|7397|10401|5026|6028|5903|13972|31289|47173|67932|100240|37342|34444
4203|0|597.3792|Unknown|2885|1916|5537|3456|3185|4560|2080|4508|3268|5273|3415|4294|4984|7770|9943|13391|8561|7178
4204|0|597.4719|Unknown|2076|875|5338|3311|1294|1143|1143|2390|2409|3393|2559|1603|748|962|1915|3245|1807|1572
4205|0|598.0381|Unknown|623|904|1291|384|713|971|393|797|249|735|160|1|784|519|1003|1232|190|756
4206|0|598.0897|Unknown|358|1361|1660|383|941|2601|1031|2127|736|1218|275|1995|2730|3371|4131|4384|1358|2454
4207|0|598.2267|Unknown|1154|1566|1125|2020|1228|1688|1419|2014|2368|1612|778|1125|1706|2462|2381|3719|1903|1194
4208|0|598.2603|Unknown|4315|4213|5928|5223|4472|4816|4331|4203|5964|4325|5610|4930|4280|3911|5214|6044|4368|4569
4209|0|598.2875|Unknown|2608|2517|2108|2587|2568|2445|2132|2868|3725|1903|1922|2558|1965|1502|2905|2855|2510|1764
4210|0|598.3069|Unknown|1991|1803|1885|2055|2306|1621|1698|2402|3060|1587|1473|1654|1483|1182|2421|2304|1892|1288
4211|0|598.3522|Unknown|1849|2048|3777|3259|3470|7879|3222|5236|4266|2866|1321|5582|9506|18700|23128|35336|13560|11721
4212|0|598.9837|Unknown|1454|1501|1176|1155|1054|1157|674|1168|1180|960|1214|1215|1843|1224|1201|1948|1632|1430
4213|0|599.0538|Unknown|769|1051|1265|1196|710|1852|948|1543|769|992|857|1641|1961|2066|2704|2318|3073|2303
4214|0|599.0834|Unknown|1097|1037|1085|859|305|1321|991|1396|721|842|968|1727|1847|3358|2696|2629|2128|1953
4215|0|599.1951|Unknown|1227|1190|1000|760|759|1804|1024|1542|1556|1385|1284|1406|1534|1718|3005|3383|2260|1519
4216|0|599.264|Unknown|2976|2339|2296|2348|1963|2888|1740|1942|3227|2585|2725|2213|2102|2223|2769|2303|2254|1812
4217|0|599.3196|Unknown|3295|2092|6081|6551|2778|2573|3056|3977|3881|4756|3493|3497|2456|4167|4908|4988|3212|2280
4218|0|599.3543|Unknown|2019|1597|2929|2725|1483|3671|2093|1683|2759|3514|2619|2240|3893|5285|6753|9963|5365|3511
4219|0|599.3776|Unknown|1846|1783|2805|2261|1303|2484|1499|1253|1959|3054|2207|1899|1891|3325|3455|4258|2616|2058
4220|0|599.4889|Unknown|1723|584|4735|4904|1439|317|559|1203|1425|2617|1720|1931|449|1419|1580|1205|1658|1354
4221|0|600.1312|Unknown|1165|523|1690|991|455|1452|1448|2270|363|1066|1074|2971|2952|2848|4147|5209|3277|2285
4222|0|600.1508|Unknown|1527|871|1910|1380|843|1539|817|1449|652|912|982|2286|2586|2898|3099|4180|2171|1385
4223|0|600.2617|Unknown|938|1371|1911|2021|1652|3236|2955|1908|2552|1602|1430|3587|2808|2108|3616|3574|2856|1821
4224|0|600.2983|Unknown|1407|1381|2657|2584|1413|4331|2669|3260|2119|1618|1502|4821|4828|5694|6245|5234|4352|2875
4225|0|600.3206|Unknown|1833|928|2743|2994|1840|2402|1552|2043|2056|1967|1770|2805|2550|2345|2492|3156|2340|1702
4226|0|601.026|Unknown|523|306|1289|1890|785|1668|948|1260|1068|1262|1081|2269|2179|1532|1948|3282|1745|1842
4227|0|601.1384|Unknown|4085|6145|16190|12199|3573|11798|12255|21624|4704|8081|6810|28498|16754|17945|22415|25874|17426|13714
4228|0|601.2056|Unknown|1054|706|1263|1498|1011|288|1324|2010|998|1855|1290|3063|1553|1379|2379|2546|1400|1879
4229|0|601.2539|Unknown|778|747|2119|1618|975|1682|1354|2732|1507|1470|1332|2716|2210|2177|2763|3715|1987|2253
4230|0|601.3002|Unknown|1378|694|2071|2054|1187|2328|1173|2013|1460|1605|1275|2595|2485|2153|2870|3266|1875|1847
4231|0|601.3227|Unknown|1777|1999|5731|3602|3614|2930|1564|2236|1704|2234|1316|2914|1746|1903|3830|3828|2320|2752
4232|0|601.3615|Unknown|2568|2647|2893|1876|2045|2824|1372|2490|1901|2344|2302|3908|2314|2076|4325|4156|2423|3844
4233|0|601.4334|Unknown|1459|204|3163|1955|1185|530|419|980|637|1994|1410|1468|971|773|1776|1465|765|2075
4234|0|601.8604|Unknown|44|539|702|301|528|209|144|530|216|496|240|221|319|192|93|132|173|1
4235|0|602.1001|Unknown|567|1345|2026|2249|1471|1799|1507|1774|553|1759|1244|2778|2049|2690|2679|3537|2338|2506
4236|0|602.1407|Unknown|898|2261|4509|3674|1701|3243|3310|4375|1139|2005|1791|7020|3098|5332|6104|6431|3697|2665
4237|0|602.3041|Unknown|917|1182|2449|2090|1927|2172|711|1499|1213|2628|2171|2892|1747|2294|1309|1960|855|1176
4238|0|603.0033|Unknown|4995|5895|13197|12047|6240|7039|4946|8846|4894|8140|5898|10357|8700|12283|13588|17428|7437|7391
4239|0|603.1028|Unknown|205|1398|1336|1170|1890|1877|1045|801|813|1616|1157|1267|1621|2124|2833|2969|591|795
4240|0|603.1421|Unknown|1|1797|2959|2031|1674|2489|1733|1921|1417|1533|1128|2451|1480|2599|2593|2461|792|1312
4241|0|603.4628|Unknown|1098|1492|2569|2390|1795|1|945|1536|575|2284|1935|1793|735|712|1407|1955|1896|1338
4242|0|603.7396|Unknown|384|84|375|357|615|1484|22|1|146|356|253|1|167|150|1|1|1|89
4243|0|603.9572|Unknown|2771|2265|1727|1485|2286|1629|2112|629|1704|1254|1462|1423|1307|1598|1643|1610|1865|1959
4244|0|604.0102|Unknown|2703|2288|4766|4360|1881|3456|2568|1846|2197|3677|2786|3062|2252|3537|4431|3829|2875|1959
4245|0|604.0696|604.0696|33945|41387|71707|52788|37868|27022|30095|45101|37291|63707|51338|55465|29326|78382|89811|103538|30530|26306
4246|0|604.1139|Unknown|2594|1849|3738|2986|2236|2899|2151|2169|2659|3137|2544|3425|1979|4091|5083|4659|2513|1768
4247|0|604.1641|Unknown|1373|985|1866|1191|1360|2559|2064|1308|1629|1203|1397|2118|2546|3235|5297|3294|1746|1310
4248|0|604.2091|Unknown|1644|1602|1501|615|1210|2021|1179|1121|1300|1924|1768|2052|1759|944|2566|1136|919|722
4249|0|604.3623|Unknown|737|2880|1938|286|1316|1434|3112|530|1387|1224|1494|1198|3746|535|1060|713|910|465
4250|0|604.3841|Unknown|1264|1958|3380|1448|2022|1537|1473|2134|2227|1399|1960|1872|1954|1480|1190|1386|2291|1897
4251|0|604.3977|Unknown|7424|3491|8542|5038|6915|3208|3985|7113|7043|6229|6852|8563|7182|2586|2781|3431|7579|8122
4252|0|604.8145|Unknown|1213|1415|394|1249|343|1068|745|669|698|162|82|445|163|233|253|448|316|812
4253|0|605.0114|Unknown|2306|2441|3214|2767|522|1660|1161|1867|1045|2497|1362|2348|1694|2434|2706|2929|1585|2770
4254|0|605.0728|Unknown|8845|9599|14680|13306|7505|5579|7277|9191|8263|13932|10771|12425|7280|14830|17259|21627|6602|4948
4255|0|605.1942|Unknown|1140|2259|877|1114|100|1019|782|642|50|1038|458|1339|1345|863|1248|1515|651|786
4256|0|605.4032|Unknown|3315|2263|4325|3653|2817|2121|1902|2704|2727|4053|3407|3090|3040|1281|1916|988|3443|2915
4257|0|605.4417|Unknown|5703|2520|5400|5150|6368|4911|3194|6904|5952|21075|13580|7384|4446|6534|5651|6158|9004|6982
4258|0|605.4787|Unknown|4739|503|8638|6955|5064|1686|1550|3786|4435|9149|5864|4289|840|3870|3800|3959|5514|4700
4259|0|605.5501|Unknown|981|1|2829|3104|900|940|97|233|805|4337|2382|855|1098|1228|1135|459|768|346
4260|0|605.7366|Unknown|338|30|1|672|1|87|261|129|1|267|1|1|1|9|1|103|1|1
4261|0|605.7619|Unknown|138|350|1|743|1|348|506|168|1|134|167|1|1|43|8|17|1|24
4262|0|606.0168|Unknown|257|2103|2549|1456|756|1529|1516|1657|1710|1509|1308|2768|1213|1856|2164|2229|1463|1116
4263|0|606.0421|Unknown|1302|3160|4077|2849|1443|2982|2383|3524|2728|2356|2281|5767|2054|4273|5216|4860|2450|2743
4264|0|606.0744|Uridine diphosphate N-acetylglucosamine|56327|68231|131110|109327|61942|115850|97219|130526|58874|82639|76106|162084|81132|140767|168462|188471|70615|62803
4265|0|606.1193|Unknown|2505|3115|5226|3539|2354|3744|3790|4787|2838|3321|2344|6500|3358|6424|7090|7997|3261|2837
4266|0|606.187|Unknown|694|1639|1655|498|582|1080|868|1271|1590|616|299|2288|1335|1242|1813|1452|1143|1233
4267|0|606.3275|Unknown|1425|3098|2294|757|1274|3332|2048|2698|1476|1465|334|4221|2548|2171|2347|2217|3414|3266
4268|0|606.3961|Unknown|1621|1922|3445|1900|1363|956|1253|913|933|1336|1024|3319|1117|324|985|1227|2464|1552
4269|0|606.4134|Unknown|7509|3370|15733|10774|7254|1928|2872|8364|5976|11293|8583|12150|4347|2677|3917|4310|7938|7527
4270|0|606.4448|Unknown|3750|2181|5744|2594|4762|2040|1394|3593|2300|9572|5714|5538|3647|2184|2677|3391|5475|4444
4271|0|606.4814|Unknown|1874|1395|4889|3094|2846|393|1059|2138|2054|4317|2895|3691|873|1144|1655|2459|3605|2198
4272|0|606.7576|Unknown|772|1471|1785|784|1610|178|363|831|929|466|748|1477|1033|569|1428|1155|2025|1481
4273|0|606.836|Unknown|726|874|697|420|1412|573|798|741|786|372|240|1192|687|697|724|631|1786|773
4274|0|607.0778|Unknown|12607|14038|29210|23202|14814|24884|21610|23632|13625|16784|15733|33726|17408|27962|37680|40763|16197|14362
4275|0|607.1316|Unknown|427|864|1691|1397|1490|1654|1658|1603|935|924|1203|1443|1987|2794|3335|3677|2789|1766
4276|0|607.2637|Unknown|3473|4987|5157|3223|4168|43383|7581|14496|2575|3790|2640|16201|28437|29468|122222|97963|38587|29304
4277|0|607.331|Unknown|1196|1193|1125|1041|1248|2082|927|1663|1014|1038|991|1344|2011|657|2415|2347|2741|1636
4278|0|607.4168|Unknown|3294|1055|5601|4644|3049|1088|1507|4581|2382|4471|4275|4495|2232|1408|2601|2313|4251|3285
4279|0|607.4526|Unknown|2105|1185|3777|2885|1217|1403|613|2128|833|4348|3751|2612|1372|603|2275|1691|2652|2038
4280|0|607.492|Unknown|1363|941|2493|2335|821|618|289|1417|351|3348|2324|1452|600|903|879|1054|2371|2086
4281|0|607.5663|Unknown|1277|744|3521|2664|141|1004|42|784|203|3257|2973|1485|521|828|506|900|1049|975
4282|0|607.8478|Unknown|248|180|275|1|974|29|819|442|616|264|604|170|463|233|1|274|175|55
4283|0|607.9144|Unknown|1356|1222|1794|1327|2017|1182|1577|1051|1581|2588|1719|1141|2003|1587|408|1999|1662|1031
4284|0|608.0364|Unknown|376|425|506|485|706|698|1322|727|837|1059|317|720|1096|1077|454|1471|119|138
4285|0|608.079|Unknown|2898|5092|9110|7102|3500|6937|6568|8480|4731|5943|5233|9729|4467|9730|9213|11480|3785|3822
4286|0|608.121|Unknown|944|2278|2915|2191|1050|3531|2698|2970|1411|2264|1134|3658|6047|6952|8000|10660|6594|5102
4287|0|608.2665|Unknown|2118|1657|2551|2188|1158|12242|3282|4730|1409|2395|843|6780|9286|9436|35318|31301|10819|8321
4288|0|608.325|Unknown|1022|1200|179|757|1061|1908|1393|2874|753|1292|885|1746|1593|909|1368|1787|1407|518
4289|0|608.3835|Unknown|914|721|2763|1630|688|868|907|1369|857|1673|936|1331|769|1163|873|1579|749|386
4290|0|608.9392|Unknown|1756|528|645|675|1531|511|598|791|1420|648|798|1758|424|949|735|829|475|514
4291|0|609.0489|Unknown|1412|727|738|918|790|1120|916|603|1130|1154|558|1515|698|1013|1079|982|473|53
4292|0|609.0829|Unknown|1091|1319|1757|2080|780|1969|1801|1972|1456|1473|1480|4062|1657|1877|3399|3658|1817|1432
4293|0|609.1243|Unknown|1220|558|1413|1406|566|2218|1539|1993|1016|1370|659|3398|2024|3110|4054|3917|1993|1131
4294|0|609.1898|Unknown|1110|1030|3165|2768|1431|7548|4319|5934|1601|1529|880|8948|6616|8309|8555|10584|7189|5039
4295|0|609.2651|Unknown|1359|1331|2135|1683|1138|6390|1898|4013|1901|1871|758|5771|5251|6920|15608|14021|6740|4216
4296|0|609.961|Unknown|1798|1904|1602|1375|1737|1830|1488|1119|1045|854|1090|2223|1763|1872|1860|1573|2929|1617
4297|0|609.9771|Unknown|1323|1194|1229|1056|1197|491|775|678|623|642|295|2133|1049|1312|1191|1026|1828|751
4298|0|610.0825|Unknown|413|858|2257|1358|940|485|812|1406|544|1136|247|3126|2191|3141|3409|3435|3374|2404
4299|0|610.1945|Unknown|546|732|2154|1486|656|2117|1339|3141|885|893|938|2399|2246|3065|3966|3635|3196|2336
4300|0|610.2668|Unknown|1|799|742|712|811|2044|805|1392|1122|659|930|2006|1855|2276|4352|4458|2657|1866
4301|0|611.144|Glutathione Oxidized|5985|7105|16778|11026|8011|13226|6782|7009|7814|7596|7383|9154|3800|8344|11500|14985|7960|6692
4302|0|611.1865|Unknown|1790|1872|1846|980|1672|3630|1673|1919|1886|1230|1396|2710|3305|2069|2013|3536|2869|2884
4303|0|611.3644|Unknown|1410|1589|1930|1069|1744|2693|1543|1940|1454|1516|1201|2457|1829|1324|4757|4879|2303|2993
4304|0|611.5049|Unknown|3535|964|19447|14537|2238|1372|1377|11235|5491|14393|12898|12159|475|7233|10416|13346|5437|6244
4305|0|611.9521|Unknown|829|1131|869|1054|939|1481|339|214|810|724|702|598|89|1251|982|664|1761|564
4306|0|612.1464|Unknown|2311|3057|4154|3534|2014|4151|2101|2465|1984|2728|2601|2819|1147|3735|5108|5152|2894|2022
4307|0|612.2583|Unknown|5316|5042|2844|2745|5440|4752|4303|4151|2863|4010|4418|3506|4735|3655|4430|5277|4620|4702
4308|0|612.5082|Unknown|2196|243|7459|6239|2143|16|121|3969|2399|5348|6026|4424|159|3597|5146|4873|2460|2230
4309|0|612.9609|Unknown|1904|2837|1696|1687|2895|1962|1124|1756|960|728|608|1611|2337|1379|1592|2614|2260|1787
4310|0|613.1468|Unknown|633|1730|2231|2154|1508|2250|2077|1363|1151|897|972|1579|1787|2114|4037|3627|2048|1605
4311|0|613.1974|Unknown|180|1848|1897|2051|1344|3156|1437|2305|805|773|1044|2294|2518|7704|8305|8236|2643|2100
4312|0|613.2638|Unknown|1826|2510|1300|1438|1822|2609|2255|2312|1363|2428|1574|2071|2570|1928|3001|3211|1958|2270
4313|0|613.3431|Unknown|1260|1496|933|704|1253|2272|1377|2008|376|1354|649|1629|1160|2379|6677|4348|1936|2034
4314|0|613.3736|Unknown|1100|1486|2118|1702|2096|2420|1394|2255|1130|1483|1347|1902|1161|1422|4169|2928|1949|1943
4315|0|613.3933|Unknown|1107|1975|2866|2491|1935|2292|1722|2047|1095|1958|1917|1766|1688|1555|3385|2930|1621|1765
4316|0|613.5209|Unknown|3720|1297|46142|38389|3537|795|1501|10610|7725|21813|16834|10489|1438|7801|8865|11341|7942|8355
4317|0|613.5404|Unknown|4502|1876|114055|89326|5187|3489|1571|17893|11422|58858|40108|19346|5459|16875|8384|14569|35292|30377
4318|0|614.2004|Unknown|1131|1745|1628|385|776|1528|1139|1287|1037|971|1305|1237|1853|2562|3697|2711|878|1545
4319|0|614.2393|Unknown|2887|3304|4415|2747|2472|3617|3749|3148|3084|3128|3869|3215|3645|4083|5096|4598|3873|3948
4320|0|614.5247|Unknown|1693|81|19642|17553|1475|3|592|4503|3096|8922|6651|4670|452|2399|2419|4994|3171|3494
4321|0|614.5434|Unknown|1971|973|45426|33846|2841|1303|672|7661|4134|22905|16922|7844|2263|6302|2725|5684|13814|11775
4322|0|614.9591|Unknown|524|617|703|448|944|472|679|291|970|1007|377|590|602|760|1028|419|591|547
4323|0|615.1703|Unknown|296|789|1206|1279|1041|1385|719|1401|1337|1877|907|1635|1445|2913|3225|3140|1216|1223
4324|0|615.2004|Unknown|481|933|1281|962|1256|1241|878|1657|1356|1904|829|1843|2134|3946|3823|4034|1445|1967
4325|0|615.2709|Unknown|674|1537|1568|1111|993|1999|1654|1917|1888|2987|1081|2128|2309|2575|2567|2813|1475|1816
4326|0|615.3059|Unknown|865|1369|1227|1004|1398|2026|1184|1791|2016|3111|546|1720|2802|2494|1540|2344|1823|1862
4327|0|615.5359|Unknown|2259|271|10859|7443|1644|1|1081|3956|3079|7006|5746|2894|854|2744|2564|3523|4175|2344
4328|0|616.105|Unknown|776|1082|1825|904|1047|1750|692|1805|386|1865|676|3043|2608|4617|3543|3685|2178|1763
4329|0|616.2394|Unknown|3781|3774|4528|3676|4070|5274|4434|3306|4212|4974|5751|4434|4733|5238|3986|5175|4819|4428
4330|0|616.2547|Unknown|2622|2627|3240|2115|2576|4343|3406|3750|2544|3417|2679|4105|4145|5659|3749|4599|4530|3023
4331|0|616.5398|Unknown|1502|1|1778|1806|195|609|209|1078|1380|2705|1561|1052|374|864|868|983|738|591
4332|0|617.1802|Unknown|175|1146|1439|1820|639|1337|1702|2486|1041|1348|1274|2480|2677|5531|6184|6077|3274|1860
4333|0|617.2548|Unknown|1520|1756|3490|2093|2170|2442|2393|1594|2375|1797|2887|2062|2595|2407|2600|3559|2877|1947
4334|0|617.3317|Unknown|1152|1163|1541|1485|1518|1720|1490|1086|1639|2045|2295|1774|1059|1616|1552|1662|1835|1055
4335|0|617.357|Unknown|3535|3877|2527|1858|3721|3427|2589|2590|2739|1773|2012|2779|3229|2417|6484|4136|3548|2506
4336|0|617.4179|Unknown|4373|1602|11320|7598|5215|2116|2700|6119|6586|10161|9507|8346|2015|3417|2817|5058|4354|5358
4337|0|617.4776|Unknown|2647|1365|2000|2264|2378|1952|979|2564|3019|6823|3907|2841|844|2780|2734|3007|2942|3257
4338|0|618.0746|Unknown|637|1747|3252|3147|1307|1748|2356|1933|1749|1531|1143|3919|3200|4784|5612|5759|4554|2746
4339|0|618.2178|Unknown|1042|1295|1967|1995|1130|3224|2311|2229|1276|801|2008|3329|1810|3048|4427|3964|2142|2136
4340|0|618.2515|Unknown|2621|2184|3010|2686|2689|5172|2866|3603|1808|2513|3109|3096|2103|2439|5582|7428|2946|3207
4341|0|618.4213|Unknown|2645|1271|4312|3652|2094|1071|1542|3300|2152|3903|4001|3439|1639|1425|2289|1861|3434|2532
4342|0|618.9658|Unknown|2245|3043|2561|1994|2559|1760|1699|1761|822|1204|1136|2260|1674|2285|4182|4580|1893|1797
4343|0|619.222|Unknown|698|1741|1091|1091|494|1960|1185|1218|1103|1198|739|1498|774|1351|2121|2706|1149|489
4344|0|619.2609|Unknown|1392|2341|1522|1508|1476|2402|2306|1428|1810|866|772|1710|1427|1756|3274|4172|1872|1944
4345|0|619.2988|Unknown|3705|7023|5473|4722|4507|28672|8778|14717|4038|3993|3390|15389|34237|36450|35947|39730|31859|26553
4346|0|619.433|Unknown|5661|3066|11928|8980|5404|1687|2735|4295|6741|6090|5347|4657|2622|1800|2600|3411|4603|4282
4347|0|620.0199|Unknown|6213|6601|7139|7520|6316|5132|5667|5945|4843|7739|5134|6182|6212|6238|7777|8154|5813|6224
4348|0|620.1705|Unknown|538|241|909|441|1279|1486|1518|1579|442|645|85|345|424|1714|134|789|974|788
4349|0|620.3017|Unknown|2251|2268|1970|2078|2393|8031|4093|5405|1798|1761|1264|6332|10877|10999|10877|11546|9846|10037
4350|0|620.3359|Unknown|5192|1269|862|806|6350|6738|4122|1486|986|964|589|1043|1227|2295|7962|11664|2043|1392
4351|0|620.378|Unknown|3032|3405|1403|1273|3227|3182|3467|2475|2056|1168|1723|2803|3252|2971|3379|2756|3489|2740
4352|0|620.4365|Unknown|2541|1129|4180|3390|2192|677|2241|1927|2788|2475|2063|1535|1222|1299|581|1418|2019|1529
4353|0|621.0243|Unknown|1392|2038|3228|1885|2912|2134|3820|2037|2111|2291|1885|2955|3570|3132|2809|3035|2888|3549
4354|0|621.1812|Unknown|253|819|648|414|1308|1200|1934|1212|451|784|602|884|1098|2373|1362|1432|1210|332
4355|0|621.2155|Unknown|958|767|904|348|1371|1124|2186|849|612|498|819|1118|1010|862|1020|1394|776|472
4356|0|621.2798|Unknown|1291|2282|1700|1246|1815|4720|2365|1497|503|1242|1483|1310|2841|2260|3569|5382|2009|2599
4357|0|621.3017|Unknown|1421|1621|1355|1408|1499|3193|2492|2106|194|1532|1421|2209|4203|4202|5124|4814|3880|3314
4358|0|621.3383|Unknown|1596|866|1593|506|3626|3482|3208|861|479|976|1174|1128|1712|1287|4007|4178|1047|921
4359|0|621.4372|Unknown|1793|1251|3036|1801|2145|1447|2147|1705|2521|2472|1933|2207|1603|1698|2044|1807|1985|2462
4360|0|621.4721|Unknown|1083|825|7106|5247|1942|1096|1608|1492|1752|4361|3432|1420|800|1290|1919|1335|1719|1945
4361|0|622.1354|Unknown|917|687|831|877|270|941|2067|335|800|572|649|996|1153|3066|2210|3487|1146|627
4362|0|622.2196|Unknown|1271|771|1779|2296|1127|1501|2395|476|1881|2544|2092|1749|1825|2362|2686|2698|1200|1299
4363|0|622.274|Unknown|1460|974|2146|1718|759|2517|1765|1177|2418|1261|1864|1631|1040|1247|3843|8304|1259|2230
4364|0|623.1144|Unknown|1860|1887|4391|2844|1237|3220|1695|2520|533|927|1676|3568|2807|5122|4065|5321|2919|2438
4365|0|623.2237|Unknown|900|926|1449|1004|288|2610|464|637|202|797|996|1309|1159|1872|1027|2323|1264|618
4366|0|623.2762|Unknown|741|567|1753|801|587|2894|196|978|1253|955|1097|1117|665|732|1363|4327|1555|707
4367|0|623.364|Unknown|196|1216|2801|1686|568|3154|231|1444|775|1018|1187|1635|2350|5359|3951|6460|2430|1138
4368|0|623.4881|Unknown|3463|425|15323|10736|3913|2446|607|8130|5539|11017|9234|9602|781|6206|6958|9135|6445|5316
4369|0|624.0942|Unknown|1772|2101|4224|2943|918|1283|1303|1783|480|3337|1139|3348|6494|9518|8745|9712|5907|4736
4370|0|624.1347|Unknown|1148|1191|2282|1761|483|1415|1047|630|395|1412|985|1529|1123|1976|5204|3644|1516|1995
4371|0|624.4915|Unknown|2751|272|6932|3748|3248|959|390|4169|2485|4128|3481|3089|769|3481|3328|4230|2979|2958
4372|0|624.9727|Unknown|803|1288|2607|1657|1304|2602|1084|991|783|1749|1129|1836|1132|1665|1114|1344|1787|2216
4373|0|625.0975|Unknown|775|668|1982|1067|799|2452|1218|1379|66|1131|580|1317|2124|3442|2899|2213|2424|1762
4374|0|625.3401|Unknown|583|882|1699|787|1335|1780|999|1637|752|1353|530|846|1617|2526|1876|3096|2122|961
4375|0|625.38|Unknown|6750|4520|14372|11889|7193|30798|7354|15068|6612|7775|4801|18829|38767|73250|83924|147430|66743|50774
4376|0|625.5039|Unknown|4694|714|27579|23863|4025|1146|858|9822|5480|15133|11196|7726|1131|4933|7950|9554|6697|5119
4377|0|625.9357|Unknown|6873|5318|5586|4033|7653|5063|1696|1880|1641|2876|1769|2797|3628|3886|5042|5020|3696|4027
4378|0|626.0518|Unknown|6248|6191|13546|12015|6913|6475|6684|8551|8443|14474|10354|11161|5391|13109|15553|19984|5873|6194
4379|0|626.0917|Unknown|934|250|2146|2058|469|1940|1080|1040|1284|1274|725|1501|1989|3582|2228|3786|1508|1877
4380|0|626.3038|Unknown|1|333|911|618|1|1693|470|629|986|293|454|903|557|1116|1317|1441|646|607
4381|0|626.3834|Unknown|1776|1948|4566|5127|1942|10810|2605|4523|2116|2380|2495|7318|12231|25440|29471|50210|21429|17816
4382|0|626.507|Unknown|2072|322|12924|8797|895|688|528|3992|1851|6370|5084|3273|480|2001|3444|3893|2725|2347
4383|0|627.0541|Unknown|1010|3194|2849|2691|2942|1520|2206|2554|2898|3702|3377|2039|1280|3152|3711|5160|1518|2020
4384|0|627.139|Unknown|538|1253|840|726|947|1223|1330|1274|915|703|1035|709|787|2353|1949|2927|1818|1427
4385|0|627.2261|Unknown|943|1948|1274|1138|1564|1903|1415|1996|1231|2034|2273|770|964|804|1287|1609|1369|2377
4386|0|627.3153|Unknown|589|1696|1296|1101|1234|810|1493|1343|1160|661|926|873|645|1|1663|1481|736|1458
4387|0|627.3858|Unknown|846|1351|3286|2358|2397|3271|1776|2190|1961|1402|1289|2410|3286|5376|6810|10903|4843|6119
4388|0|627.5206|Unknown|2113|1|5631|4679|1195|504|1204|2257|2773|3423|2295|2256|1150|1145|1673|2054|2096|2381
4389|0|628.0561|Unknown|8545|10210|26456|19766|9622|18798|15223|22009|12358|18149|15936|26109|10689|21646|22555|31095|14217|11509
4390|0|628.2172|Unknown|586|2007|1312|1045|330|1751|739|1262|1625|955|1305|789|1553|3019|2620|3498|551|1884
4391|0|628.3021|Unknown|625|1982|319|1212|994|2108|1084|2096|1705|1097|1117|1208|1906|2821|1959|2591|1308|1464
4392|0|628.5241|Unknown|1622|1308|1424|1701|1440|1|724|1371|1425|2095|1241|482|836|1841|816|1108|452|394
4393|0|629.0015|Unknown|612|2261|1243|766|1171|1261|762|479|792|711|479|707|1366|1969|1552|1950|1269|1561
4394|0|629.0597|Unknown|1320|4324|5748|5271|3578|4216|5138|4962|3695|4125|2872|5168|3079|5524|6690|7084|2737|2550
4395|0|629.1124|Unknown|97|2461|1706|1141|1653|1499|960|1490|1635|1263|731|1099|1672|2925|2802|3411|1486|1975
4396|0|629.142|Unknown|189|2422|691|938|1492|1293|858|1510|1500|1282|919|1248|2060|2648|2371|2234|1450|1817
4397|0|629.1684|Unknown|920|3340|1942|1651|1861|4854|2561|3245|1992|2373|942|2941|14532|6146|6708|7224|14694|14552
4398|0|629.1898|Unknown|595|3074|1391|1485|1909|2168|1469|1641|1983|1904|1107|1802|5603|3763|4659|4189|4102|5970
4399|0|629.2163|Unknown|554|2401|1486|768|2584|1724|996|2053|1550|1613|851|1686|2061|3926|4556|4062|877|2226
4400|0|630.061|Unknown|1659|1502|2398|1547|199|1689|2800|2410|1755|1691|1667|2055|1130|2232|2364|2942|1938|1074
4401|0|630.1033|Unknown|1274|1917|2059|1640|354|1274|2104|1351|993|1566|705|1538|1458|3254|3310|4340|2535|1667
4402|0|630.1716|Unknown|689|2028|1724|1001|211|1340|1942|1741|54|1236|656|1564|3614|3878|3284|3836|3825|4063
4403|0|630.2131|Unknown|760|1954|2343|2285|675|1302|2009|1640|391|1622|1678|2428|1903|4068|3262|3195|2196|2603
4404|0|630.2708|Unknown|888|1644|2069|1331|918|1775|1827|2310|1032|1847|653|2846|1958|2744|2303|2364|2187|2042
4405|0|630.962|Unknown|2351|2012|4401|2887|3815|2382|1480|996|2422|1986|2860|2665|1478|2040|1940|2928|2991|3440
4406|0|631.1059|Unknown|1220|1513|1459|1008|1646|1796|570|1264|525|1345|531|1401|2089|1791|2109|1717|1484|2018
4407|0|631.1476|Unknown|1163|1099|1143|1115|1450|2010|252|1027|187|1219|387|1255|1809|2886|2515|3440|503|2161
4408|0|631.2722|Unknown|2433|1778|2215|1828|2511|2425|1090|1411|47|1126|725|1941|2009|1688|2224|3531|1407|2263
4409|0|632.0654|Unknown|1553|1393|1494|749|796|1272|1670|1|616|1043|943|1928|2406|2278|2497|2749|1356|1133
4410|0|632.2053|Unknown|1709|1638|1935|1369|1721|2906|1460|1940|1271|1106|1505|970|2749|2418|3287|2555|2416|1956
4411|0|632.2677|Unknown|2110|1718|2368|1465|1773|3534|1269|1559|1089|588|1208|1004|1160|1483|3790|6347|1584|1341
4412|0|632.3931|Unknown|1208|2176|1581|1105|1069|1330|2615|1039|817|685|974|570|2860|808|240|720|562|1359
4413|0|632.4292|Unknown|17354|6539|30812|26062|20945|7882|9069|29841|17795|24548|22874|34258|17049|10463|14783|13450|27720|25358
4414|0|633.1261|Unknown|2229|754|5139|2811|2317|2370|1690|1318|1626|2606|2212|2855|1231|2669|2786|4917|1460|1575
4415|0|633.1808|Unknown|1403|139|1669|1437|1086|1571|891|1217|1895|1378|1514|2011|1132|1830|3419|5572|948|1516
4416|0|633.3164|Unknown|2491|3016|4058|5094|2838|15029|5986|12728|2598|3687|2126|14640|21120|22772|21822|25108|27688|21697
4417|0|633.4102|Unknown|2111|161|1153|1318|1268|739|830|1136|1420|1701|1403|1755|1190|849|1590|1297|808|1207
4418|0|633.4328|Unknown|8612|1934|12016|10068|8185|2803|3247|11285|7720|12067|9259|14439|8045|4916|5562|5151|11381|8974
4419|0|633.4728|Unknown|4677|1563|5307|4331|4241|2443|1658|6428|5293|13218|11938|5871|2446|3782|4751|3702|6311|5104
4420|0|633.5052|Unknown|1887|281|2928|2020|1532|790|1001|1421|1219|4440|2878|1942|363|1363|1675|1050|1397|1295
4421|0|633.5259|Unknown|1576|1|3987|3838|1003|158|733|1264|1382|3060|2735|1904|1|1795|1294|973|1426|1045
4422|0|634.0481|Unknown|716|2103|2416|1549|457|547|393|2964|1|1375|526|3618|3183|3271|4542|4585|2401|2744
4423|0|634.2341|Unknown|5561|6057|1950|1789|4409|2615|2371|1533|2016|3439|2879|2454|2815|1405|2249|2259|2126|1996
4424|0|634.2511|Unknown|3053|3926|2041|1716|3595|1771|1619|1517|1834|2343|1919|1888|2593|1662|2097|1825|1730|1854
4425|0|634.3039|Unknown|1697|2166|963|814|1268|2118|1604|1383|1226|1187|1031|2260|1988|1628|3284|1661|2015|2743
4426|0|634.3195|Unknown|2244|2592|2249|1308|1698|6172|2715|3962|1744|2047|1100|5689|7374|8347|7002|8984|8514|8349
4427|0|634.4438|Unknown|6618|2821|15565|12033|8013|2883|3835|8762|7906|7289|7166|8972|4141|4072|4295|4623|7882|6775
4428|0|634.4756|Unknown|2596|1723|4154|3750|3177|1430|1199|2849|3088|5165|5042|3901|1569|2259|2470|2921|3945|3539
4429|0|634.9403|Unknown|2065|2341|1961|1212|2708|1805|765|1035|656|943|784|1304|1637|1818|993|1676|2647|1541
4430|0|635.1735|Unknown|1619|1911|2943|2166|2805|2572|1339|1934|1407|1730|1875|125|1598|2647|4927|8045|3110|1982
4431|0|635.2948|Unknown|1899|2730|3008|4467|2344|17363|3041|7613|2152|2672|2349|6782|14170|15882|38269|37993|15952|11411
4432|0|635.3149|Unknown|1197|2212|2568|2847|1549|8229|1633|3141|1658|2122|1627|3129|6263|7215|13678|14465|7949|5755
4433|0|635.4484|Unknown|2791|1818|6927|5360|3208|2955|1117|2896|3465|4434|4351|3819|1398|1904|1698|2774|3745|2626
4434|0|635.4752|Unknown|1418|1121|3227|2694|1726|1854|689|1485|1779|3892|2241|1913|592|1357|1165|2898|1637|1370
4435|0|635.5242|Unknown|1077|836|2996|2934|1352|1439|397|837|1040|3315|2134|1394|464|1117|638|1583|1085|707
4436|0|635.5597|Unknown|689|586|3659|2937|780|1054|294|558|1334|3631|2279|1449|609|1249|418|1071|334|951
4437|0|636.2967|Unknown|966|1343|1629|1846|1157|6514|1387|2326|3829|1639|1372|2926|3264|5482|13984|14406|5054|3741
4438|0|637.253|Unknown|1115|1002|1184|694|843|1028|993|989|608|710|646|852|1148|1475|3247|5061|1376|1388
4439|0|637.297|Unknown|1176|807|1481|1026|949|2985|1340|1705|964|1613|1105|1574|1953|2647|4585|6417|1824|2119
4440|0|637.4084|Unknown|4869|3453|12883|9839|4741|5024|3547|10107|5313|9325|6263|11006|8430|3614|4864|5868|8418|9526
4441|0|637.4668|Unknown|2186|1295|4579|2961|1962|952|603|2449|1941|4957|3729|2509|1526|1392|1366|3171|3285|2672
4442|0|638.0299|Unknown|1795|2009|2459|1105|2071|1938|1551|1550|3840|2020|750|1903|2565|1699|2922|2824|2231|2075
4443|0|638.1083|Unknown|794|174|1594|820|458|786|1154|1682|2965|955|761|1270|1659|3223|4331|4028|1618|488
4444|0|638.1981|Unknown|623|506|2440|1373|867|2216|1971|1872|3130|1495|1358|3073|3662|5991|7212|8775|3494|2269
4445|0|638.4118|Unknown|2739|767|5082|3595|1823|2089|863|4365|3858|4219|1671|4515|4315|1797|1718|2604|4314|3139
4446|0|639.0938|Unknown|1109|1573|2147|1617|902|1682|1939|2864|654|1431|2159|4943|2718|3708|3075|4294|4370|2762
4447|0|639.1686|Unknown|826|660|764|303|560|841|643|273|456|348|1341|1254|1217|1852|579|2306|1078|313
4448|0|639.2035|Unknown|1186|342|1386|604|1342|1004|1402|998|742|118|1198|1461|1869|2684|2321|3571|1363|1470
4449|0|639.2686|Unknown|2056|1463|3198|2473|1997|20009|3118|3502|1502|1113|1807|4023|7936|14383|47739|107938|14313|12193
4450|0|639.3586|Unknown|1112|608|1007|1222|1105|1271|1423|1895|994|793|1367|1618|1723|3140|2703|3362|2018|938
4451|0|639.4047|Unknown|2047|541|3288|2136|1323|1190|1124|2246|1658|3176|2520|2577|1293|1727|2019|2300|2283|1724
4452|0|639.5355|Unknown|1093|313|3006|3280|1007|555|631|2799|985|3264|3024|2359|618|1305|2497|3129|1676|1069
4453|0|640.1463|Unknown|258|995|886|838|912|1976|1748|1907|573|406|515|3146|2448|3121|3464|3467|2938|1686
4454|0|640.2721|Unknown|1862|2541|1681|2702|2237|8633|3741|2496|1097|1642|1692|2143|4225|6403|18102|35273|5564|5461
4455|0|640.3063|Unknown|1062|1542|669|1797|1315|2736|2594|1500|552|1054|1358|1148|1366|1805|3725|4157|1328|1395
4456|0|641.1223|Unknown|2981|3056|1604|2118|5128|1467|1087|1215|932|1969|624|968|1155|1454|2070|1567|1405|1637
4457|0|641.2725|Unknown|774|1506|1974|1710|528|3912|1779|1357|1395|2047|902|994|2313|2966|6834|13643|2215|2176
4458|0|641.3765|Unknown|660|1085|1869|1513|923|1497|1320|1313|1538|1947|723|1077|1332|1187|3641|3128|801|1227
4459|0|641.4059|Unknown|2537|1196|14149|13394|2133|1926|2095|3545|12171|8328|3013|3544|2226|3694|5400|8996|6842|5808
4460|0|641.5528|Unknown|1471|186|14675|11936|676|168|1151|3018|2786|9680|6964|4580|350|2166|3270|2591|3563|3238
4461|0|641.5719|Unknown|3145|864|77431|60049|2400|2088|1294|9898|6977|36950|25444|10667|2721|7391|3876|6428|18796|15542
4462|0|641.9149|Unknown|2625|2356|2021|1097|2405|1235|727|676|550|456|727|928|1152|646|892|939|1361|547
4463|0|642.0252|Unknown|4756|5578|12903|7295|4569|3699|3026|7685|4286|8963|5246|9893|5227|12790|14020|16347|4772|3894
4464|0|642.2725|Unknown|844|902|881|586|836|1835|1123|1362|49|1780|7|994|1150|1393|2705|2394|1006|1661
4465|0|642.4083|Unknown|1539|523|7250|5701|1288|788|766|2127|5102|4579|649|1854|1258|1574|2078|3712|3662|1872
4466|0|642.5564|Unknown|722|92|7976|6617|342|1|394|1729|1092|4483|2616|1781|1|560|1158|919|1368|983
4467|0|642.5744|Unknown|902|189|34580|27282|1234|232|339|5300|3966|17167|10859|3659|597|2777|1776|2493|8894|6099
4468|0|643.0288|Unknown|1518|1384|2561|2497|1097|1154|744|1181|1655|1560|1696|2411|1969|3396|3395|4176|1102|990
4469|0|643.4347|Unknown|25601|7306|42931|31601|26714|11191|8667|39098|30234|35810|31236|44741|16659|19374|22451|26962|31206|30192
4470|0|643.5688|Unknown|2299|289|6785|5718|713|353|743|1447|1660|5123|4747|1046|826|599|792|1345|1645|1595
4471|0|644.0301|Unknown|8250|10953|29470|22078|8822|15486|16702|28186|9807|15107|11052|33612|13622|26039|30237|32698|12548|11720
4472|0|644.1915|Unknown|1|439|513|1150|116|1226|1|2134|499|629|650|552|1316|5088|4867|4875|899|571
4473|0|644.2259|Unknown|23|538|860|1157|652|962|1|1666|132|1190|771|1060|237|1275|1504|1036|689|405
4474|0|644.4374|Unknown|10337|3599|15190|13180|10357|4345|4513|17648|11923|14512|13538|18578|6798|7346|10254|9823|11699|10974
4475|0|644.5069|Unknown|998|123|378|255|657|164|500|1050|151|1|1|1|82|1|648|99|162|840
4476|0|644.6503|Unknown|673|480|58|1|1|1542|1012|1120|1|1|1|1286|3684|4916|6610|5221|1143|1615
4477|0|644.9609|Unknown|2270|1428|5714|4757|2689|2968|1541|2107|2300|2678|3454|3215|2256|1900|2951|4030|2562|3611
4478|0|645.0333|Unknown|1579|2317|7131|4741|2805|4296|3588|4963|1952|3304|2344|8449|3099|6418|7407|7685|2953|3864
4479|0|645.0848|Unknown|755|620|1860|1319|1074|2153|1134|869|321|1215|301|901|2045|3018|3899|4228|1312|1128
4480|0|645.1099|Unknown|547|585|749|426|777|1287|1013|731|144|670|146|603|921|1826|1967|1472|566|591
4481|0|645.1519|Unknown|6|664|139|358|224|2191|1356|358|207|577|0|735|1590|3144|2826|3858|564|1509
4482|0|645.3429|Unknown|947|847|825|1220|717|1166|823|331|901|1814|439|893|774|1494|809|1123|942|764
4483|0|645.3991|Unknown|1842|1769|2780|2365|1562|1787|1081|1449|1664|2572|1817|1485|1417|1507|2086|1427|2417|1745
4484|0|645.4106|Unknown|1560|1322|3575|2514|1242|1424|1020|1518|2084|3078|2125|1765|768|1434|1580|1253|2485|1573
4485|0|645.4494|Unknown|44871|12962|140871|114220|44030|20327|17155|62175|61463|105750|87227|65430|25792|26894|28656|36823|55908|51359
4486|0|645.6545|Unknown|1|1|48|563|565|569|250|311|127|14|62|1|556|1930|1283|1445|565|98
4487|0|646.0311|Unknown|642|905|3631|2277|1626|2459|2644|3670|1329|2794|695|4641|2811|4205|4781|5056|2081|2030
4488|0|646.0721|Unknown|1040|1438|3952|3497|1163|2495|1877|2912|220|1697|904|2636|4271|3416|5668|6219|2512|3100
4489|0|646.4086|Unknown|432|1010|951|1187|591|793|2353|1149|1006|1355|1164|611|1797|370|618|1149|1027|1125
4490|0|646.4528|Unknown|15891|4320|58167|45785|16440|6778|7439|28359|25564|39676|36020|23878|10237|9097|12439|13708|24579|20064
4491|0|646.5389|Unknown|137|14|445|436|979|42|973|279|612|843|320|36|1|340|237|148|98|260
4492|0|647.0776|Unknown|451|1294|2083|921|1543|1573|628|401|207|718|466|1553|1500|1461|2051|2964|1172|821
4493|0|647.2023|Unknown|2320|3424|2627|1848|2666|3182|1222|649|1957|3635|2680|1969|2980|1131|2976|4893|1834|1218
4494|0|647.3315|Unknown|2170|3088|4922|3000|3374|16151|5189|13170|2558|4054|2089|14396|20768|24206|21630|24588|25717|20679
4495|0|647.4609|Unknown|7908|2058|17424|12911|8689|2164|3567|6839|8367|12602|9519|9672|4911|3801|3818|5317|10021|8131
4496|0|647.597|Unknown|65|435|3093|1709|482|26|539|957|402|3266|3658|625|429|695|469|872|780|927
4497|0|647.9227|Unknown|2884|3412|2635|1390|3190|2057|1265|931|2398|1213|2032|730|1411|1711|1992|1778|815|949
4498|0|648.0337|Unknown|2163|2079|4362|2937|2546|2456|1763|2547|3189|4075|3810|3175|2122|4595|4888|5885|1947|1819
4499|0|648.194|Unknown|342|885|1758|960|854|2584|2493|3005|1450|1730|1310|2680|4429|5379|6489|7271|2968|3053
4500|0|648.3345|Unknown|847|608|1187|971|1177|6553|1595|4609|1672|1680|1373|5385|6215|8990|6075|8402|9041|6840
4501|0|648.3869|Unknown|2094|2454|2961|3243|2986|2135|2171|3167|3372|3156|3153|3440|3947|1389|1189|1812|3530|2553
4502|0|648.4364|Unknown|641|1|1|331|478|478|877|248|1614|757|884|840|804|722|1|581|433|52
4503|0|648.4662|Unknown|4176|480|3239|3211|2949|913|1055|1321|2489|3790|3140|2939|1154|1063|845|1229|2403|2140
4504|0|649.1007|Unknown|1697|1912|3288|2528|1386|2409|2066|2312|2075|2046|2546|2645|1787|2647|3343|3407|1059|1472
4505|0|649.1944|Unknown|867|1890|876|487|1134|2020|1782|2228|2102|1167|2283|1210|2415|1755|4138|5098|1283|923
4506|0|649.266|Unknown|610|1626|226|918|1412|957|1918|1515|1531|1097|1147|937|1696|155|1099|1769|342|1
4507|0|649.3343|Unknown|1065|1729|386|1412|1003|2376|2627|2280|1248|1468|674|2754|3431|2456|2839|3459|2510|2764
4508|0|649.4682|Unknown|1750|1719|2229|1254|1112|1165|1449|2743|2591|3013|1832|2189|1905|973|1539|1619|1745|1053
4509|0|650.0383|Unknown|1791|2604|2894|2315|1925|2089|2452|2053|1637|2390|2597|3130|2323|2445|3087|4436|1794|1594
4510|0|650.2145|Unknown|2410|3667|2832|1877|2619|1565|2396|1437|1363|2358|2354|2626|2331|1928|3676|3338|1647|2029
4511|0|650.4029|Unknown|10080|7083|14613|12596|10381|5014|7714|12330|10097|13494|10859|14790|10872|3421|5855|4922|9297|8178
4512|0|650.9134|Unknown|553|449|689|525|659|109|552|1373|1027|910|520|828|578|778|1343|972|953|1186
4513|0|651.1464|Unknown|390|1614|1753|1624|602|1103|1435|1599|1124|1981|831|1598|1574|3134|3791|4180|2198|1280
4514|0|651.1843|Unknown|1|675|1845|1189|1|1825|1188|1083|1423|2220|1281|720|1512|1837|4220|3956|2255|1267
4515|0|651.2186|Unknown|579|1661|1440|877|775|1418|1634|1304|1427|2376|1750|1073|1216|683|1348|1890|2202|763
4516|0|651.2897|Unknown|392|2319|2249|1507|1026|7911|3624|5065|1563|3205|1513|6515|10067|7954|30487|25597|11125|8643
4517|0|651.4069|Unknown|2515|2745|5795|5641|3511|1652|4288|5346|4952|7837|5971|5199|4782|852|2293|1940|5495|4070
4518|0|651.519|Unknown|3218|885|14286|11508|2490|589|1747|12051|5562|12630|10817|10700|1100|5100|9239|11539|7129|5863
4519|0|652.2927|Unknown|1196|1753|1411|1769|696|4043|1825|2101|864|1386|1|2213|3232|3599|8467|8616|4214|1744
4520|0|652.427|Unknown|1177|2652|1392|1102|595|823|1601|298|329|1197|412|1226|1316|1|473|202|121|627
4521|0|652.5226|Unknown|2517|1022|6768|4777|1228|719|940|4751|1585|5307|4070|6175|107|2382|4728|6358|2601|2426
4522|0|653.1419|Unknown|26|490|1475|475|597|949|1162|2068|1178|571|1014|1444|1036|2742|1598|3916|2457|1408
4523|0|653.2839|Unknown|6657|4499|10010|9137|4808|82152|6023|11847|6905|3989|3000|11263|24291|49947|189579|441811|56817|47364
4524|0|653.4083|Unknown|3004|2242|2949|2307|3324|4173|2655|2237|2094|2441|2768|2709|4802|4868|5241|6932|4949|3846
4525|0|653.5347|Unknown|3865|1|28687|21482|3390|1137|1289|8245|6062|16199|12780|8483|761|4869|7791|12300|7091|4502
4526|0|654.2878|Unknown|2756|2077|4113|2550|1919|25016|2118|4957|2840|1858|2152|4749|10846|18446|64364|146118|19240|15366
4527|0|654.4097|Unknown|1625|2517|1956|1778|1327|2509|1298|2120|1675|1243|1517|1661|3025|2416|3069|2550|3364|1333
4528|0|654.4398|Unknown|641|1590|1413|718|813|848|231|1220|1045|136|707|414|1097|592|1828|963|1071|231
4529|0|654.5384|Unknown|1622|1101|12916|10369|1923|111|510|3243|3092|6727|4565|3614|371|1865|2385|5351|2753|2221
4530|0|655.2879|Unknown|1593|1472|1919|1826|2235|9469|1724|2251|1551|1593|2357|2545|3868|6630|21606|49047|6629|6066
4531|0|655.3228|Unknown|1778|1869|2600|2313|1900|2217|1422|2024|1660|2103|2868|2369|1303|2144|4073|8836|3015|2890
4532|0|655.3718|Unknown|1442|1118|1667|875|1355|1262|1285|1816|2125|1979|1598|2177|1027|987|2614|2270|1711|2855
4533|0|655.3924|Unknown|1481|2669|2827|2586|2860|1597|1623|2436|2477|3447|2496|2540|1842|1690|2349|2731|3513|2863
4534|0|655.4213|Unknown|35814|44694|28688|24806|38367|44848|37378|36187|34439|59606|47404|37398|43656|33401|30106|33043|47570|41649
4535|0|655.447|Unknown|8864|8057|8055|6847|10104|8352|8961|8302|6151|16195|10196|8122|10465|9585|8938|8301|10793|8670
4536|0|655.477|Unknown|6161|2071|14336|11327|3809|3163|2335|8214|5425|11403|9621|8944|3543|6349|6319|7625|10058|8236
4537|0|655.497|Unknown|2323|998|5721|4596|1847|1044|1189|3320|2329|4100|3540|3461|1150|3084|3012|4043|4056|3319
4538|0|655.5518|Unknown|2630|636|3643|3849|1924|190|1098|2590|2291|4196|3741|2112|888|1704|2101|2232|2351|2607
4539|0|655.9165|Unknown|329|719|247|184|784|624|54|1|354|1|703|1|351|409|107|1|1|1
4540|0|656.1204|Unknown|385|1175|974|858|87|1034|1157|2343|610|522|688|2260|3410|5039|3424|4132|2420|1858
4541|0|656.2097|Unknown|1644|1444|1093|1202|1386|1438|1691|1299|1508|880|2064|1055|1146|2057|1942|2216|1602|1149
4542|0|656.2287|Unknown|2091|1844|2094|1885|1530|1817|2151|1593|2434|1218|2056|2091|1680|2992|3122|2713|2194|1543
4543|0|656.259|Unknown|1159|1008|1073|1505|898|1090|1184|1481|1423|757|1431|1395|960|2504|2476|3572|2082|1559
4544|0|656.2884|Unknown|1064|825|1227|1425|759|3469|1435|1841|1428|723|1620|1870|1562|3469|6688|12483|2486|3147
4545|0|656.3543|Unknown|1030|1534|1032|870|864|2471|1744|1778|1567|974|940|1551|1749|2593|3872|1640|1283|1587
4546|0|656.4245|Unknown|15167|20006|11479|10583|16094|20421|16060|15822|14572|25812|17322|17795|18557|15910|14246|15189|22503|17046
4547|0|656.448|Unknown|4288|5050|3553|3327|4304|5424|3812|3982|3833|6605|4761|5045|4298|4642|3734|4203|5212|4499
4548|0|656.4587|Unknown|2395|1662|3683|2508|2433|1939|2111|2359|1497|3902|2268|2361|2140|2516|2492|2656|2973|1644
4549|0|656.4804|Unknown|2263|660|5043|5459|2472|1279|1094|3534|3208|5787|2625|4271|1514|2474|2683|3780|4363|2816
4550|0|656.5548|Unknown|1637|1|1226|995|528|237|747|818|570|1346|556|811|419|491|274|788|1124|752
4551|0|656.593|Unknown|1|1|498|243|1|78|100|50|18|281|1|1|96|1|1|1|312|92
4552|0|656.7113|Unknown|1|400|476|387|235|290|304|122|115|1|398|522|25|240|427|170|343|149
4553|0|657.0963|Unknown|3319|2416|2004|998|4817|1083|1225|1224|978|774|754|1106|1985|2159|2575|2046|1306|1201
4554|0|657.1544|Unknown|696|775|1231|882|929|614|1121|944|898|1039|1246|796|359|1979|1868|1055|388|792
4555|0|657.2534|Unknown|897|1539|1542|369|1213|1719|1097|1163|857|971|1467|1046|1145|2955|2097|2148|2069|1805
4556|0|657.2922|Unknown|895|881|1362|597|863|2107|850|1389|889|928|1114|1164|1247|1650|2996|3747|1017|766
4557|0|657.3191|Unknown|710|937|1753|816|828|1391|861|1155|796|1346|1256|1837|1561|2032|2560|2198|1043|1329
4558|0|657.4277|Unknown|5578|6134|3854|2494|5736|5698|5114|5098|3970|6271|6415|5232|5153|4833|3995|5066|4603|3925
4559|0|657.605|Unknown|1|1|1|1|185|1|152|208|1|202|461|1|1|639|1|1|1|1
4560|0|658.1002|Unknown|1239|1102|319|1127|570|1706|134|1057|371|255|1157|815|1423|2436|2397|2862|1589|1046
4561|0|658.2319|Unknown|1718|1365|1511|1949|1201|5021|1998|2234|2503|1646|2076|3397|2470|3533|3610|4289|2540|2488
4562|0|658.4441|Unknown|3886|1186|5210|4098|3742|2230|1576|4612|4848|4984|3942|4071|2350|2238|2362|3331|3141|3052
4563|0|659.2319|Unknown|1143|900|667|417|2530|1806|898|880|1217|479|761|1908|1500|1242|2008|2543|1207|1142
4564|0|659.4634|Unknown|1729|1096|4999|4561|2746|1645|1983|4687|2355|3801|2311|4598|1401|1631|2195|3420|3424|3393
4565|0|659.8155|Unknown|551|298|1130|137|1|796|481|557|414|352|730|468|1205|2538|2343|3252|1915|1159
4566|0|660.0105|Unknown|1749|3230|3959|2717|2100|2742|2519|1200|1681|3131|1876|3435|3051|2590|2891|2838|3329|2904
4567|0|660.2421|Unknown|1822|2275|2133|2981|3264|3636|2944|2931|3897|2587|3219|3260|3286|2822|2945|4452|2485|3441
4568|0|660.3175|Unknown|585|1509|1977|1058|1373|1882|1103|1413|921|767|850|1546|1325|3037|1941|2796|2413|2346
4569|0|660.4605|Unknown|17771|5630|44826|34232|20059|5952|7061|28074|21293|30720|23603|28637|12130|9651|13500|13657|22200|20564
4570|0|661.0583|Unknown|407|1046|967|1051|377|416|1486|835|708|498|142|1629|1534|2007|2509|2547|1750|809
4571|0|661.3471|Unknown|2305|2010|4642|3285|3227|10957|4675|9179|2867|4190|2019|9689|14026|16304|14966|16256|19199|15611
4572|0|661.3791|Unknown|1613|2342|2099|1844|2365|3961|1865|2605|1982|2420|1218|2639|3423|2954|4635|4138|2953|3533
4573|0|661.4633|Unknown|6741|2986|15793|13027|7597|3112|3585|11879|8661|15095|11119|11431|5269|5770|6175|7499|9205|7864
4574|0|661.5569|Unknown|8|1|2421|1663|620|243|120|936|465|1527|1212|714|546|386|771|395|728|1108
4575|0|661.5948|Unknown|1|147|731|792|552|147|1|427|148|1827|267|152|1|104|253|1|213|379
4576|0|661.8135|Unknown|193|1|193|1|600|171|179|1|1|1|113|371|6|191|31|376|164|159
4577|0|662.0106|Unknown|932|928|636|593|1195|1224|949|688|1320|959|860|673|427|1277|1012|1360|635|132
4578|0|662.0493|Unknown|924|2362|3236|2588|2182|1678|1614|1565|2225|2528|1375|2528|3477|4196|4845|5414|3797|1751
4579|0|662.0686|Unknown|1456|3045|4429|3512|2621|2395|2288|2117|2386|3185|2286|2528|2764|3210|4696|3832|3713|1937
4580|0|662.1012|Unknown|55156|72484|130564|99413|64744|56709|42951|49872|57136|74604|63829|68103|67861|57385|69081|82589|68123|60044
4581|0|662.1267|Unknown|12390|17759|24200|18068|16042|13469|10165|9461|13736|17282|15225|16129|14685|14942|17524|16383|13403|13990
4582|0|662.1416|Unknown|3845|3709|6336|5496|5286|2977|3854|2940|3241|5866|3330|3470|4390|5415|6149|5699|4262|2802
4583|0|662.156|Unknown|1316|2135|2665|2780|2639|1529|2397|1828|2404|2367|1615|1575|2180|2227|2432|3034|2054|1186
4584|0|662.1722|Unknown|624|1151|503|1042|1451|720|1527|1280|1806|1751|1004|1312|1093|922|1578|1612|975|707
4585|0|662.1842|Unknown|460|781|602|818|1181|581|1655|1092|1627|1466|692|874|712|1073|1349|792|858|349
4586|0|662.3502|Unknown|1680|1507|1698|1443|1366|5528|2840|4930|2264|2203|2109|4190|5489|5851|5575|7563|6716|5598
4587|0|662.4743|Unknown|5131|2460|11107|10699|5158|2170|3259|5839|4912|7100|5377|7736|2855|3246|3637|4186|5144|4834
4588|0|662.5711|Unknown|669|636|929|536|44|265|550|998|1102|1131|786|754|420|422|755|495|741|642
4589|0|662.619|Unknown|160|322|295|89|1|98|313|71|969|952|587|678|518|433|606|530|442|139
4590|0|662.6559|Unknown|98|449|260|1|19|316|119|311|775|383|687|552|4|440|302|359|296|1
4591|0|663.1044|Nicotinamide adenine dinucleotide+|15807|20456|35579|26580|16739|15085|11475|12702|14108|20092|20145|17964|16436|14469|18953|20440|17874|14358
4592|0|663.2106|Unknown|1336|1137|889|1055|898|1714|785|509|1226|1014|956|1722|963|1755|2314|3151|1027|1934
4593|0|663.3295|Unknown|980|1006|1294|1156|1396|3104|1099|1144|869|1884|1318|2460|1958|2700|5306|6038|3883|2340
4594|0|663.3449|Unknown|1234|1346|1480|1533|1694|2678|1496|1217|982|1877|1352|2521|2161|3405|3896|4197|4320|2781
4595|0|663.4792|Unknown|1305|1251|5007|3388|2584|1088|1416|1818|2422|3694|3120|3060|872|1701|2323|2063|3026|2152
4596|0|663.5553|Unknown|653|410|3665|2207|768|732|966|1109|488|3005|2664|1096|47|645|887|1094|1575|1649
4597|0|663.5895|Unknown|914|214|2614|1117|693|207|599|940|907|3306|3067|399|1|525|616|717|1011|1098
4598|0|663.8948|Unknown|2160|3588|3920|2278|3056|1492|1211|592|1205|1134|223|1210|2607|1065|1023|1371|1097|1879
4599|0|664.0075|Unknown|1983|2640|3847|2992|1495|1616|2101|2428|2443|3189|3067|2482|1985|3151|4523|4556|1508|2432
4600|0|664.0679|Unknown|46|1098|234|465|1003|832|1008|1583|750|919|931|812|1601|790|915|1085|575|1450
4601|0|664.117|Nicotinamide adenine dinucleotide|3705|11667|32777|23732|5023|9823|11045|32625|4246|13878|12385|35971|32658|4874|12813|15628|29741|24865
4602|0|664.134|Unknown|1498|5085|10365|7477|2078|4474|4390|10452|2245|4985|5304|15413|11999|2357|4987|5680|9582|10617
4603|0|664.2297|Unknown|1525|1854|882|825|1258|713|1447|1006|327|2313|1408|1219|2189|1447|1851|1875|904|1631
4604|0|664.3417|Unknown|431|941|1|486|710|723|829|782|411|851|716|1113|1499|1116|1839|804|522|971
4605|0|664.5578|Unknown|1|1|808|1169|315|1|278|330|13|1190|727|444|565|39|249|692|356|53
4606|0|665.1199|Unknown|785|2422|7804|8248|1130|3511|3132|9777|1682|3984|3676|11500|7547|2337|4033|3757|7601|7826
4607|0|665.2139|665.2139|2954|7190|6009|5108|3572|4686|2327|3630|2437|6935|6886|2944|5489|3280|3267|6047|3339|3591
4608|0|665.2836|Unknown|282|1318|815|611|1064|1574|426|1236|743|888|494|735|644|1085|2623|6059|728|1195
4609|0|665.3461|Unknown|9859|934|835|668|9545|3631|1731|1271|471|776|921|1013|362|966|6388|8651|897|1247
4610|0|665.4391|Unknown|1668|1253|7205|5582|2013|2328|868|4743|2618|4513|3473|5012|2603|1909|1802|4894|4519|4692
4611|0|666.0116|Unknown|1168|1848|5118|3377|1206|2798|2955|4019|1701|2135|2512|3909|1684|4868|3830|5700|2535|2112
4612|0|666.0595|Unknown|759|1338|1229|1108|841|1107|920|4477|1145|1444|985|555|1457|2777|1032|3127|1464|1483
4613|0|666.1221|Unknown|582|1502|1998|1575|775|1668|984|2572|859|1021|637|2078|2291|1718|863|1484|1957|1648
4614|0|666.2181|Unknown|1654|2726|1505|1117|1366|2316|1082|1553|649|2773|1677|1460|1439|1808|653|1068|898|1338
4615|0|666.3492|Unknown|3781|988|56|449|4240|2053|326|901|515|834|502|588|683|1140|2550|4008|146|1
4616|0|666.4445|Unknown|908|807|3309|3002|1753|1109|683|2005|1053|2613|1588|1868|1580|887|1218|9|1853|1142
4617|0|667.0617|Unknown|718|91|315|870|1218|208|232|3259|357|772|550|721|1332|1533|833|1538|959|1438
4618|0|667.1572|Unknown|620|962|1907|1272|722|1513|560|3106|511|1742|270|2303|3628|6228|6309|9082|3684|3109
4619|0|667.2198|Unknown|309|1204|394|916|489|592|1|1770|683|1682|783|579|1552|1815|1795|2929|1384|756
4620|0|667.3|Unknown|7104|5143|11024|8563|5104|90289|6578|14014|5771|5762|4108|13927|29119|61671|205742|511049|63653|52466
4621|0|667.3652|Unknown|452|1019|1290|1231|548|2237|71|2098|834|1256|1104|153|842|1946|3323|8375|2641|1923
4622|0|667.4181|Unknown|1119|1193|2460|1864|36|1960|637|1917|1601|1506|1573|1112|1293|1811|1119|3269|1964|1614
4623|0|668.0513|Unknown|756|1740|3087|2753|1216|2514|1683|1393|1586|1599|1315|1920|2566|2440|3961|4711|2172|1986
4624|0|668.1603|Unknown|1|506|879|816|130|2369|598|1012|517|1|481|1686|1034|2083|3120|2199|1737|1330
4625|0|668.3032|Unknown|2632|1104|4772|3196|2893|33493|2914|5008|1966|1621|2116|5489|10140|20564|68798|171210|21581|19457
4626|0|668.5703|Unknown|82|184|1|1|392|1251|473|329|895|103|70|198|82|599|518|231|1|1
4627|0|669.3032|Unknown|1764|928|2329|2038|1423|10730|1349|2267|1552|1363|901|1841|3915|6828|23176|54624|8716|6978
4628|0|669.4357|Unknown|2811|1311|27761|23814|2594|1104|1252|5740|20121|12237|5720|4453|3639|4693|5023|12139|10775|9414
4629|0|669.5827|Unknown|675|136|618|697|233|392|46|705|383|675|28|1|472|123|1|727|569|1629
4630|0|669.8769|Unknown|5347|1000|833|660|5135|1624|3060|2446|4872|3352|3795|3679|628|1925|2379|2348|2160|2831
4631|0|670.1738|Unknown|281|1265|5493|3653|1651|5166|2729|5021|1668|1761|2392|5588|6056|8756|10210|11576|6185|4271
4632|0|670.3047|Unknown|757|1|649|616|1154|3746|1185|1327|988|224|917|1796|2303|3210|7448|13206|2381|1452
4633|0|670.379|Unknown|4704|956|2063|1349|4187|1250|2045|1856|3606|3082|3446|3390|1569|1324|1673|885|1463|1
4634|0|670.4398|Unknown|1713|367|13099|11619|1802|1155|558|3105|8543|6607|2007|2501|1624|2485|3086|3023|3051|2443
4635|0|670.5914|Unknown|296|1|119|1|1|1|1|1|434|1|229|530|347|504|561|1|1|1
4636|0|671.1774|Unknown|1|384|2108|1660|401|1133|974|753|1459|575|1026|2180|2041|2429|3973|5118|2402|3039
4637|0|671.3039|Unknown|897|1702|1304|1245|1209|2133|1445|1795|1495|704|1157|1898|1771|948|2819|4958|1800|1886
4638|0|671.3701|Unknown|2139|1438|921|1133|1543|1441|1196|1208|2390|1517|1782|2806|1189|1122|2901|2318|1802|1870
4639|0|671.4157|Unknown|2691|3351|2987|3577|3499|3625|2623|3598|3884|4770|4038|4260|2562|2746|2973|3071|4100|4707
4640|0|671.4649|Unknown|35283|8866|80717|60338|38797|13343|12804|75122|46100|65008|54805|91921|19318|35993|45248|50724|59071|52905
4641|0|671.492|Unknown|8295|2602|14248|10280|9052|3876|2934|13636|7504|15154|11734|14884|4307|8414|9431|9597|11053|12911
4642|0|671.5147|Unknown|2239|1227|3004|1933|2703|1394|1407|3012|1342|3050|2352|3192|1022|1979|2038|2406|2107|3532
4643|0|672.1833|Unknown|1226|1498|1354|1554|1118|1313|722|1410|1109|1498|613|1282|2330|2883|1600|2837|1185|1155
4644|0|672.234|Unknown|894|1268|1402|1360|1806|1698|1103|1111|700|1477|463|1092|2310|4454|4628|4398|740|649
4645|0|672.4684|Unknown|15806|4728|33486|26042|17092|5508|4705|34370|20375|28961|25733|37200|8800|16089|22750|21421|24014|20541
4646|0|672.7701|Unknown|365|1132|253|1|430|619|237|261|20|344|359|1|1|298|206|269|273|1436
4647|0|673.1264|Unknown|825|1234|2195|1377|919|36|518|984|332|588|562|1386|987|2608|3723|3266|1251|1543
4648|0|673.245|Unknown|1263|305|726|396|644|881|538|1190|1|563|95|619|358|1230|1447|1986|1081|758
4649|0|673.4301|Unknown|1422|927|2403|3349|965|1027|760|1605|2210|2176|2025|1486|850|1129|970|1399|1137|2109
4650|0|673.4803|Unknown|51044|11509|164306|131453|49991|20865|16573|50257|65738|89758|73811|53205|24837|30534|31359|46119|60259|55737
4651|0|673.509|Unknown|9367|3156|25271|20636|9330|3970|3480|8034|9008|16313|14116|7051|4888|6407|6171|8017|9477|11280
4652|0|673.527|Unknown|2107|1045|5549|4743|1915|744|1181|1983|2071|3268|3335|1873|1562|1547|1845|1807|1597|2699
4653|0|674.4837|Unknown|20760|5631|71486|58930|21187|8477|8648|21835|29353|39205|32569|23831|10289|13435|14247|18794|24141|23879
4654|0|674.8023|Unknown|1|1031|1|490|171|184|1643|366|845|1|272|246|1|36|673|204|1|404
4655|0|675.4865|Unknown|5637|3249|18259|16274|7014|3059|3760|5868|8362|11863|9887|7479|2775|4588|4634|6363|7639|6615
4656|0|675.8146|Unknown|467|24|563|1|79|386|1|171|1|229|1|32|59|79|1|144|104|252
4657|0|675.9853|Unknown|1745|1614|2847|1384|1650|1265|660|2062|245|2128|379|1775|1887|2019|1480|2286|1863|1705
4658|0|676.4192|Unknown|11015|7459|14576|11818|10882|6684|7419|11074|10992|13765|10376|14642|12302|6560|6321|6832|12506|12745
4659|0|676.4897|Unknown|2096|2063|4503|3719|811|787|1323|1799|2360|2468|1995|2288|916|964|1158|1933|1349|1154
4660|0|677.2729|Unknown|1065|1598|294|660|748|823|1799|488|1742|787|110|872|329|1058|1277|1574|1299|1030
4661|0|677.4234|Unknown|4306|3047|6476|5329|5482|2714|3149|5550|4828|6765|5605|6973|4575|2773|3735|3054|6627|5463
4662|0|677.8745|Unknown|27861|3631|5141|4793|24774|6440|12259|16967|19520|17941|18761|21048|7314|16324|15221|28195|21511|16111
4663|0|677.9796|Unknown|1900|1639|2226|1917|2004|1426|1520|1119|2328|1265|1505|2085|1656|3225|1691|2095|2227|1758
4664|0|678.3761|Unknown|22307|3199|4229|3965|19581|4508|10007|9134|16517|13399|14961|15411|3464|13093|11355|18600|13351|12237
4665|0|678.4342|Unknown|9498|4944|18476|16295|8473|4346|5841|8564|11083|13510|10339|9939|7890|6237|4955|6450|7998|7309
4666|0|678.8777|Unknown|10007|1823|2226|1737|7883|1633|4236|5575|7061|4361|7492|6871|2547|5827|4798|7341|6883|5235
4667|0|679.0814|Unknown|1678|1322|883|1215|1275|964|1331|719|237|301|1677|822|2944|1825|1605|1441|737|1038
4668|0|679.1932|Unknown|1943|883|773|790|1070|787|1360|802|294|862|1937|367|1029|2118|3006|2790|539|965
4669|0|679.3204|Unknown|2316|1701|1598|2080|1245|4636|2047|3240|753|1803|2395|4039|5462|4390|11561|11800|5092|4223
4670|0|679.349|Unknown|2101|1222|428|1186|913|1795|757|1405|535|721|2219|1778|2012|1571|3247|4975|2405|1753
4671|0|679.378|Unknown|4845|828|777|1048|2667|1457|1349|1372|1921|2745|3785|3416|1982|1754|3502|4435|2874|1883
4672|0|679.4383|Unknown|5203|2664|8571|6709|3712|1970|2976|3810|3670|5177|5376|3924|3499|1497|2705|2968|2693|3212
4673|0|679.5509|Unknown|1158|1243|3426|3094|505|682|546|1638|595|3249|4040|1607|316|370|1966|1608|1772|709
4674|0|679.9806|Unknown|70|1569|2301|2160|277|1033|565|782|1751|1799|860|2813|1045|2167|1945|2726|1435|1223
4675|0|680.0985|Unknown|653|2099|2350|1703|1895|2199|635|525|1883|1995|1552|945|1039|3411|3540|4154|787|1512
4676|0|680.3236|Unknown|1546|1034|1172|574|822|1903|1304|1681|1369|513|987|1295|1657|1758|4075|3120|1657|2281
4677|0|680.9586|Unknown|1776|2260|3270|1534|2425|2436|1492|1995|1712|1545|1959|2158|1709|1619|1280|2607|2434|1914
4678|0|681.1043|Unknown|827|1346|3278|1803|1710|2388|1638|2666|557|1433|953|3236|3607|3815|3951|5459|3377|2642
4679|0|681.3155|Unknown|3197|3348|6466|5406|3751|45828|2896|7021|3796|3332|3146|8269|15481|31480|92608|241884|28160|27161
4680|0|681.5665|Unknown|2335|922|9763|6137|406|841|1207|3813|1588|6433|3645|3060|908|1504|1486|4110|2870|1568
4681|0|681.9855|Unknown|1454|1440|3260|1398|1758|1169|2030|3965|2181|2472|1002|4769|2794|2811|2609|3626|2315|1319
4682|0|682.1275|Unknown|830|2413|904|1507|723|2206|2883|4590|2328|2090|1489|6004|7077|1332|2564|3098|6566|4397
4683|0|682.3186|Unknown|2535|1524|3068|2873|1850|18559|1614|2566|2574|1382|1457|3367|7343|11141|30003|81373|11887|8884
4684|0|682.5691|Unknown|1081|302|3837|2780|90|272|702|1587|1791|2920|1471|1700|670|531|1272|2063|1793|1285
4685|0|682.6012|Unknown|98|1|824|284|1|87|355|690|1224|862|1|795|368|274|619|547|665|683
4686|0|682.6336|Unknown|1310|342|3325|3262|491|59|1120|2320|2737|2923|2451|2968|746|2319|2561|3633|1957|1520
4687|0|682.7037|Unknown|65|421|58|1|351|452|522|357|766|1|356|511|935|299|262|190|534|393
4688|0|683.1319|Unknown|891|1621|1909|1619|430|2806|1345|3087|670|1272|1007|2719|4763|7739|6974|6734|5288|4655
4689|0|683.1665|Unknown|1197|1236|964|825|906|1305|621|1016|610|577|409|743|2361|2926|3392|4313|1828|1488
4690|0|683.1899|Unknown|986|736|1187|956|895|1866|993|1096|1087|802|737|880|2777|4762|5266|5318|3010|2285
4691|0|683.2242|Unknown|3193|4185|19441|17977|3175|46651|21474|30321|3842|5124|5212|35569|111676|162872|211874|233223|99570|93089
4692|0|683.2478|Unknown|1142|1904|5002|4992|1212|13174|6503|7429|1704|2039|1683|10285|28585|55246|54731|57171|23841|26077
4693|0|683.3193|Unknown|1909|2005|2433|3270|2324|6891|2114|2710|2014|2880|2151|2908|3680|6729|13037|31902|5362|5118
4694|0|683.4155|Unknown|562|876|2704|2413|818|1449|1040|1363|2979|1611|1613|1362|703|1589|1223|1892|1966|1650
4695|0|683.5831|Unknown|860|308|898|2512|306|400|437|867|658|1541|1130|752|661|691|565|1332|837|520
4696|0|683.6014|Unknown|509|155|83|1820|46|93|365|91|282|433|834|1|444|404|769|694|507|165
4697|0|683.6365|Unknown|538|1|1308|2264|192|87|175|785|882|1082|1457|1184|140|1126|991|1806|1034|348
4698|0|683.7145|Unknown|1|1|1|875|1|233|1|48|1|517|154|137|85|237|670|689|204|50
4699|0|683.8177|Unknown|1|93|62|586|357|1|1|216|113|258|157|1|60|1|57|137|80|1
4700|0|683.8267|Unknown|1|101|158|633|162|1|1|84|77|153|319|1|425|1|1|47|94|1
4701|0|684.0256|Unknown|1190|1004|3771|3137|1406|1417|618|1396|738|2097|1022|2795|2454|3060|4231|4320|2909|2121
4702|0|684.0838|Unknown|5435|9571|15560|14115|7739|6877|5262|5207|7166|9292|10287|7324|7665|4474|7516|9147|7267|7213
4703|0|684.1331|Unknown|726|734|1034|1859|941|1148|634|1138|33|718|724|1451|1649|1419|3750|3334|1677|1530
4704|0|684.1681|Unknown|282|1|1|1135|735|627|95|521|1|273|826|699|805|71|1572|1927|553|576
4705|0|684.2283|Unknown|636|1612|5210|5619|2027|11664|4666|8561|535|2259|2337|9707|31293|42651|57769|63377|31249|26924
4706|0|684.2593|Unknown|479|108|954|2091|959|2147|912|1831|170|966|868|2251|6072|10898|11872|12881|5120|3596
4707|0|684.3208|Unknown|1564|529|380|1412|819|1993|772|1463|876|866|871|1169|1264|1220|2998|8464|1474|1742
4708|0|684.5863|Unknown|692|353|207|1013|1|1|90|310|976|518|338|319|1|91|314|1|1|277
4709|0|684.6285|Unknown|1|304|250|935|1|163|1|1|457|1|1|1|85|1|258|1|1|23
4710|0|684.7242|Unknown|398|503|45|652|375|587|403|392|802|87|235|1|128|285|252|436|397|627
4711|0|685.0868|Unknown|1634|2448|4022|4024|2428|1909|1767|1125|2705|3451|3028|2356|2588|1614|2305|3650|2826|2950
4712|0|685.2303|Unknown|1099|1113|2314|2381|617|4768|2053|3419|1196|947|1266|3441|8696|11832|15335|20271|7809|7364
4713|0|685.3238|Unknown|1350|1053|1446|657|659|1058|1101|659|1483|1344|1696|394|953|1218|1968|2393|1307|1515
4714|0|685.64|Unknown|1|1|607|21|1|1|1|1|283|583|27|1|71|1|57|230|1|1
4715|0|685.8181|Unknown|286|251|1|1|193|497|10|1|1|1|116|118|25|644|1|1|101|61
4716|0|685.8408|Unknown|829|522|105|1|155|459|295|157|99|1|449|98|154|709|1|32|16|244
4717|0|685.8814|Unknown|3643|1744|2225|1404|2595|1522|1255|1357|1287|1835|1928|1302|1051|2936|1595|3304|2083|2180
4718|0|686.0995|Unknown|1937|2204|6822|6668|1027|2018|2530|6038|1105|3467|2210|6055|4468|1991|3051|3721|4043|3910
4719|0|686.1482|Unknown|2852|2606|7289|5373|1617|7328|5143|8084|2194|4042|2940|9781|10180|14393|14559|17727|7729|9339
4720|0|686.2333|Unknown|1066|407|1365|1027|964|1483|590|1437|844|781|857|988|2225|2632|4718|4792|551|2622
4721|0|686.4254|Unknown|6140|2181|9833|9219|6515|3005|1764|4842|6043|7418|6202|7149|4097|4871|4900|4729|5350|6439
4722|0|686.4397|Unknown|11444|3604|23230|15264|11771|4495|2129|12703|9596|12854|11562|11966|6056|8461|8585|9395|13854|10534
4723|0|686.4762|Unknown|434122|95636|775694|619104|473182|135730|82464|464964|457716|575155|511174|589926|250480|281701|343330|354823|560858|504135
4724|0|686.506|Unknown|55650|13019|130877|101719|93538|19008|14238|75209|65697|77608|71858|87394|42432|63486|44123|59990|91682|71269
4725|0|686.5262|Unknown|12978|2812|26726|21713|15171|4742|2593|15231|14210|16729|16251|18205|6662|10320|10379|9747|14995|15660
4726|0|686.5445|Unknown|3879|1099|6568|6412|3834|1499|1032|3435|3625|4543|4002|4587|1669|3285|2822|2763|3638|3925
4727|0|686.5585|Unknown|2671|928|2718|3574|2197|1233|722|1996|2465|2329|3037|2965|935|1640|1713|1412|2088|2726
4728|0|686.5712|Unknown|1840|789|2171|3070|1496|1183|606|1452|1673|1628|1871|1438|648|1178|1259|969|1599|1851
4729|0|686.817|Unknown|701|1049|1225|1280|1677|906|341|949|412|675|514|1116|573|374|802|716|1241|1069
4730|0|686.8403|Unknown|436|1030|610|1576|1226|957|427|1108|376|464|830|1099|443|751|481|501|955|1016
4731|0|687.08|Unknown|654|1|755|1208|888|1079|541|1291|197|1021|346|1168|626|1075|620|974|730|1006
4732|0|687.0919|Unknown|496|240|1540|1956|1098|1431|771|1272|509|908|493|2163|1309|1538|1134|1268|1786|1457
4733|0|687.106|Unknown|392|398|2071|2278|1108|1400|694|1803|1089|1935|677|2225|1691|1640|969|1387|2140|1819
4734|0|687.1217|Unknown|465|140|1218|919|1025|1166|528|1310|587|561|132|1582|1357|1368|718|1455|1041|1465
4735|0|687.1404|Unknown|288|43|2081|1525|881|1624|949|1699|685|1030|650|2406|1660|2264|3140|2462|1658|1720
4736|0|687.1516|Unknown|480|96|2291|1965|1096|2413|1006|3020|624|1536|705|3875|2179|4408|4354|5455|3592|2272
4737|0|687.2623|Unknown|726|207|769|787|1404|339|207|899|35|705|209|965|240|1276|512|1059|822|218
4738|0|687.3751|Unknown|901|2009|1410|1117|1578|1077|1010|1365|1138|1663|766|1461|807|730|969|1414|1191|630
4739|0|687.4229|Unknown|1629|2482|4232|2914|2845|1479|1919|2457|2651|3596|3247|3579|2209|1608|2024|2879|3607|3277
4740|0|687.448|Unknown|5638|2624|13017|10363|7186|2245|2124|7448|6335|9202|6441|8207|3048|4623|4974|6519|8210|6836
4741|0|687.4789|Unknown|184896|37193|316283|258434|199589|53960|36130|194150|189408|237207|212427|245040|107995|117926|140454|148709|228063|207032
4742|0|687.511|Unknown|22729|5653|51526|39936|27764|7632|4840|30782|26903|30994|28447|35150|12586|18368|18221|16915|35899|27957
4743|0|687.5296|Unknown|5200|1688|10174|8020|6319|1656|1342|6250|5639|7287|6337|7523|2888|3886|4122|4221|5691|6170
4744|0|687.549|Unknown|1475|932|2762|2271|1986|434|967|1029|1349|2359|1841|1893|946|1291|2225|1480|1694|1668
4745|0|687.576|Unknown|202|502|4436|2842|506|52|360|1047|684|3056|2007|1462|406|558|579|588|938|1021
4746|0|687.8478|Unknown|463|770|1|162|212|1|386|378|256|390|487|76|416|136|308|1|1|344
4747|0|687.9063|Unknown|689|812|973|310|645|69|751|149|363|206|787|893|445|227|322|456|574|816
4748|0|688.0864|Unknown|1|80|470|521|31|229|334|1|266|547|710|395|325|338|89|244|377|114
4749|0|688.0969|Unknown|1|1|486|1|1|75|333|1|523|261|696|830|826|554|180|147|166|342
4750|0|688.1165|Unknown|1|1|1|175|1|112|89|1|514|192|325|583|517|538|544|283|28|1
4751|0|688.1492|Unknown|1|221|1268|1009|411|1215|1118|1431|920|730|435|2344|2589|2151|4731|3404|1616|1269
4752|0|688.1718|Unknown|16|754|3341|3156|1059|3042|5669|10657|1235|1120|533|16880|11349|4145|5302|4829|5379|4674
4753|0|688.3866|Unknown|758|272|1175|997|1199|752|1|767|614|431|908|1060|147|164|811|1288|1628|823
4754|0|688.4169|Unknown|1137|653|2970|2745|1941|1605|374|1931|1539|1711|1745|2117|865|1514|1599|1672|2142|1930
4755|0|688.4293|Unknown|1670|644|4305|3539|1788|1430|487|2148|1683|1994|2279|2273|824|1550|1195|1439|1840|2122
4756|0|688.4382|Unknown|2153|939|6083|5586|1973|1397|656|2892|2315|3216|2701|2569|1344|2268|1641|1958|2541|2479
4757|0|688.4522|Unknown|3833|1273|11379|9961|4134|2342|788|5117|3894|5967|4497|4638|1696|3871|3021|3195|4846|4315
4758|0|688.4907|Unknown|136249|28563|448873|362033|139710|49637|38853|150991|155584|215619|179422|157028|66349|84810|83201|113884|154732|129168
4759|0|688.5424|Unknown|3469|1390|12651|9500|3438|1632|666|4744|4087|4553|5226|3968|1507|2519|2002|2309|3633|2940
4760|0|688.5601|Unknown|873|812|3372|2381|904|765|83|1629|690|1392|1684|1210|449|936|1039|726|1072|880
4761|0|688.7142|Unknown|348|675|64|827|290|362|653|251|842|1|409|89|50|714|1|171|259|316
4762|0|688.8657|Unknown|2212|783|774|967|1788|995|2232|1743|2500|1690|1716|1892|1249|1884|1261|2732|1481|1767
4763|0|688.919|Unknown|558|484|642|287|429|211|996|885|828|557|730|139|256|631|192|156|213|652
4764|0|689.1008|Unknown|581|503|1099|722|670|1449|1041|1015|57|827|744|730|1200|1770|1651|2905|548|752
4765|0|689.1757|Unknown|424|264|1459|720|92|884|2843|3935|185|513|886|3892|3286|824|1996|1987|1857|1629
4766|0|689.2593|Unknown|1592|84|556|364|1059|634|791|473|410|720|320|104|12|1|1044|1576|248|467
4767|0|689.3677|Unknown|2214|454|1592|1712|3140|503|2050|2468|1705|2583|3425|2173|1263|487|1798|3465|1525|1876
4768|0|689.414|Unknown|1023|1786|889|1690|1659|396|1337|1712|804|1750|1400|1788|1298|730|1529|2517|1269|2074
4769|0|689.4426|Unknown|1204|780|2856|3208|1461|353|1086|1492|1017|2117|1860|1634|845|542|880|1324|1234|1761
4770|0|689.4951|Unknown|50581|11286|175785|144825|51699|19041|15543|53405|55476|78658|67723|54394|21160|26310|30812|41573|52812|46282
4771|0|689.5454|Unknown|2042|800|4726|4093|2332|377|1048|1887|1211|3281|3359|1800|1006|1221|1429|1717|1644|1722
4772|0|689.9381|Unknown|380|695|409|152|627|438|251|549|646|438|836|530|1031|378|400|830|269|137
4773|0|690.4982|Unknown|13755|3211|42893|33304|12877|4444|5033|12174|15360|19918|16680|14578|5902|8307|9713|11717|13504|12512
4774|0|690.9493|Unknown|916|570|969|547|1028|552|491|718|9|305|828|489|333|269|331|320|569|1874
4775|0|691.398|Unknown|3322|4204|1627|677|2591|3791|3498|3037|2738|2616|2144|4272|2684|2509|3857|2461|4188|3663
4776|0|691.5026|Unknown|2586|682|9325|6413|2392|1381|1348|2160|3696|3992|3386|3522|1102|2110|1501|2245|3077|3114
4777|0|691.8897|Unknown|5525|1098|1439|1155|6114|2753|2213|3196|4691|6241|5060|4126|4177|7126|7920|12596|8437|6083
4778|0|692.3922|Unknown|6830|1856|1087|731|4981|3195|3743|3192|3833|3504|5914|4607|4370|5413|7825|8424|8130|5814
4779|0|692.893|Unknown|2576|859|778|349|1411|1684|1598|1205|1739|1896|1785|1110|2133|2966|2133|3516|2268|2464
4780|0|693.1929|Unknown|887|1285|983|269|1349|1294|386|665|1|579|342|909|757|1804|1162|1697|1|357
4781|0|693.3964|Unknown|1625|3033|1289|523|2230|2228|1028|1960|1717|2855|1355|2320|3220|2548|2828|2938|2201|2588
4782|0|693.9721|Unknown|5950|5345|8765|6360|6968|5681|4980|5608|6009|8164|7628|7472|5916|4275|5040|9012|6518|6310
4783|0|694.1689|Unknown|1|439|1488|769|1041|1045|250|1569|264|910|765|2042|1491|2184|3197|4009|931|1289
4784|0|694.394|Unknown|565|1632|258|728|1190|2873|2062|2017|1424|1002|1615|1813|1865|502|906|1542|1208|761
4785|0|694.4819|Unknown|1398|1105|2456|3596|1135|1468|710|2015|819|2138|1624|2187|1544|1333|1386|2057|1943|1448
4786|0|694.6713|Unknown|2937|246|3904|3653|1237|1297|813|3044|1797|6806|6368|3640|886|1037|1812|1320|2050|1077
4787|0|694.9582|Unknown|2998|3388|6455|5053|5301|3721|2376|3159|2587|3394|5160|4374|3171|2886|3256|5183|4377|4211
4788|0|695.153|Unknown|304|405|1643|1528|372|1045|567|1254|336|668|950|1236|1912|3347|5061|3814|2000|2070
4789|0|695.1904|Unknown|1429|621|841|519|1388|746|845|1208|208|561|1129|1090|894|1386|2080|2554|980|1452
4790|0|695.3205|Unknown|95|1357|2036|1945|1183|5241|2057|3995|1158|1595|1637|6368|6225|7572|21219|20244|8990|7382
4791|0|695.6734|Unknown|1464|37|1595|2026|644|875|104|1534|1115|2823|2963|1096|382|571|206|42|683|984
4792|0|696.324|Unknown|1084|1388|580|806|862|2074|832|2472|930|546|362|2161|2689|2223|6758|8360|2755|3532
4793|0|696.6496|Unknown|779|209|1483|786|156|1|378|1285|976|2134|1024|1212|103|1536|1131|2255|1761|603
4794|0|697.3924|Unknown|2453|1794|3233|2789|2328|2180|1327|2953|1141|2209|2224|3563|2802|2375|2014|2199|2765|2490
4795|0|697.4819|Unknown|1910|822|4887|4469|1938|1744|652|1771|1579|2995|2456|3587|1624|2889|2988|4250|1953|2176
4796|0|697.6529|Unknown|401|1|1160|1514|107|367|162|358|537|966|533|681|436|289|953|817|433|1009
4797|0|698.3984|Unknown|1806|2214|1907|2062|1309|1966|1421|1834|2042|2018|3037|2349|2441|1096|2423|735|1979|2155
4798|0|698.4853|Unknown|1081|1294|2291|3642|890|973|784|2089|1624|2592|1702|1958|1005|1751|2855|2698|1758|1470
4799|0|699.4787|Unknown|1954|501|2585|2550|2671|1661|866|1854|2814|4048|3086|1656|1125|1267|2480|3008|1856|1410
4800|0|699.4959|Unknown|3107|548|10103|7633|2800|2272|1244|5675|4946|7646|5481|6138|2368|2832|4734|5472|3890|4059
4801|0|699.9989|Unknown|372|617|1744|1035|1018|1218|607|1672|1641|552|60|2045|1617|2217|2158|2184|1447|955
4802|0|700.0577|Unknown|1919|1662|4874|3223|1459|2342|1071|2677|2148|2803|1564|2485|2750|2587|2144|3017|1874|2458
4803|0|700.2271|Unknown|566|542|1131|1244|771|1477|940|1240|1123|851|778|1070|1713|3724|2923|3781|1138|971
4804|0|700.4921|Unknown|13580|3719|30523|24658|14537|7531|3048|16316|17540|18824|16172|22260|10503|11319|15776|14449|15690|15567
4805|0|701.2772|Unknown|920|1507|770|265|1140|732|406|243|184|491|262|640|1224|602|1656|778|176|120
4806|0|701.5084|Unknown|6964|2009|19421|13097|7088|2643|2311|8062|8685|12198|9687|8425|3646|5471|6314|6345|9282|8120
4807|0|702.0735|Unknown|1457|2616|7475|5440|2079|3353|1599|6017|975|2684|2075|6779|4516|4779|6211|6286|5224|4896
4808|0|702.5081|Unknown|7735|2094|27427|20289|7337|3421|3549|9492|9539|11949|12041|11518|3461|6126|6217|8550|8288|8649
4809|0|702.5299|Unknown|2190|463|8967|6948|2833|848|1873|3493|3563|4343|3390|4211|1122|2082|2019|2473|3132|3117
4810|0|703.0852|Unknown|1342|2469|6984|3467|1035|2458|2620|4467|2348|2960|2971|5188|4809|4151|6026|6860|6039|4285
4811|0|703.2309|Unknown|1430|1987|3862|2062|899|9601|3819|5612|557|2129|1743|6471|21070|26665|33019|40121|19138|17615
4812|0|703.5109|Unknown|2491|668|10610|7942|3355|1559|1572|3975|3534|5090|4084|2596|1687|2557|2613|3805|2792|3993
4813|0|704.0833|Unknown|1840|2808|4774|4636|2327|2663|1828|2690|2662|3707|2650|2990|4281|3013|3718|3365|2543|2705
4814|0|704.2342|Unknown|1414|828|1349|1263|570|3329|1426|1913|783|994|467|1216|6372|8472|11706|11749|6928|4488
4815|0|704.2413|Unknown|1228|930|1170|1173|362|3268|1014|1715|805|775|303|1001|4772|7329|7874|9883|6188|3557
4816|0|704.4508|Unknown|9347|3154|19440|13052|9199|4685|4489|13338|11151|15747|13503|13539|6077|9574|9687|10750|10032|8695
4817|0|704.7998|Unknown|456|621|595|1|98|1|227|742|205|240|1|1|75|615|300|1|288|217
4818|0|705.2065|Unknown|1383|359|3361|1929|1555|3956|2039|2730|906|1061|1244|3464|7482|9514|12843|16338|8674|7931
4819|0|705.233|Unknown|1376|328|1617|1232|964|2177|1170|1607|761|259|903|1497|3936|5588|6872|7351|2956|3250
4820|0|705.4105|Unknown|2214|1633|1746|1314|1700|1811|1555|1373|1764|1562|1810|1802|1074|1592|1741|1915|1487|1403
4821|0|705.4527|Unknown|4801|1800|6794|6008|4386|2380|2044|5632|5325|6495|7291|5882|2676|3752|5951|5992|3470|4785
4822|0|706.2102|Unknown|519|1|732|700|460|833|528|1840|357|947|394|1962|2693|3396|5081|6026|2163|2527
4823|0|706.2335|Unknown|679|1|455|723|21|471|582|1905|403|1079|685|1316|1111|2239|3638|4212|854|781
4824|0|706.4292|Unknown|689|1748|1028|1311|562|502|2183|1097|680|1200|765|1328|1456|500|958|1456|750|139
4825|0|706.4656|Unknown|8064|6068|11090|10968|8173|4226|4208|7126|6788|7290|7822|7792|5532|4025|5589|6087|7362|6390
4826|0|707.2092|Unknown|812|362|1101|665|2097|2122|973|716|479|558|1085|1779|1231|1741|1442|2130|1468|975
4827|0|707.2235|Unknown|794|148|1114|785|2043|2128|884|910|297|278|1221|1707|1719|1698|1191|1761|762|618
4828|0|707.3824|Unknown|1187|560|766|812|1570|1749|798|711|565|891|886|2415|1281|1752|1833|4376|2605|1949
4829|0|707.4326|Unknown|857|1216|1286|1669|1565|1307|1678|438|582|2344|1260|2234|1166|410|677|1670|1214|1245
4830|0|707.4684|Unknown|3324|2559|6322|5409|3504|2769|1984|2377|3822|3563|3646|3993|3716|1304|2144|3365|3262|3342
4831|0|708.1299|Unknown|750|960|1447|789|285|4236|1313|2521|1051|996|1444|1321|2154|1511|2560|2460|1551|1261
4832|0|708.4443|Unknown|381|2054|1684|1029|1066|3075|4199|1563|1022|1325|1593|82|3317|517|898|1235|803|1136
4833|0|708.4809|Unknown|5404|3079|6115|4712|4572|5264|3257|6797|3969|5499|4814|6795|7516|2884|4153|4303|8782|5965
4834|0|709.205|Unknown|1146|517|1242|645|1870|2081|567|1|854|1150|1028|522|377|1136|756|1772|396|330
4835|0|709.3466|Unknown|152|662|726|983|1145|1847|463|410|1008|1312|1110|768|1209|927|1452|4670|1453|1088
4836|0|709.4523|Unknown|1164|1027|1638|2149|884|1714|1939|1251|1410|3080|2432|1869|1769|912|2357|3174|1419|1627
4837|0|709.4834|Unknown|3257|1269|2569|3075|2176|1836|2224|3181|2498|3503|2446|4326|3925|2014|3275|3074|3429|4294
4838|0|710.1425|Unknown|274|384|236|666|440|1106|1313|2423|1|445|1172|1088|2561|2472|3107|3869|1804|1785
4839|0|710.1589|Unknown|321|1458|2406|2270|307|3439|2456|5482|323|1730|2597|6145|5482|2604|3362|3364|5908|4826
4840|0|710.665|Unknown|16914|2419|19497|18533|9229|5645|5151|17142|19823|34890|36467|21220|4647|16291|14341|20091|10921|11319
4841|0|711.1266|Unknown|1|202|1402|232|613|557|1|1117|940|1|1|723|1230|3470|3954|2938|2194|1521
4842|0|711.161|Unknown|1|376|768|643|960|1278|343|1643|1322|535|395|1528|2241|2364|1900|1026|2229|2155
4843|0|711.4472|Unknown|1727|1146|3245|2313|1761|1407|1203|1678|3264|2663|1171|1397|1347|1244|2054|1519|2506|2270
4844|0|711.6693|Unknown|7639|1121|11464|8304|5651|2631|1973|8221|10092|19817|16524|9251|2504|6769|7402|8996|5243|6874
4845|0|712.6707|Unknown|2948|834|3268|3326|1791|1060|950|3051|3392|6293|5520|2519|1259|3735|2865|2886|2410|1298
4846|0|713.742|Unknown|266|1|1|1|1|84|202|1|208|115|100|1|1|1|1|1|1|378
4847|0|713.7678|Unknown|209|159|1|1|1|1|1|1|140|306|24|1|1|1|1|1|1|364
4848|0|713.8205|Unknown|297|610|1|1|1|1|1|1|34|400|81|1|1|1|1|1|1|88
4849|0|714.3858|Unknown|1070|1715|1295|1420|712|1153|1852|2441|1717|1622|1220|1718|1289|901|1454|1456|1046|1909
4850|0|714.4473|Unknown|3961|1768|10058|7718|4328|2381|1833|5666|4050|6916|5940|6732|1904|3737|4347|6263|6082|5679
4851|0|714.4689|Unknown|10340|3044|26390|20458|9168|4321|2781|14153|11625|18451|15005|18485|4534|7955|10734|12115|15270|14973
4852|0|714.5066|Unknown|445420|86473|1191397|964006|473330|160216|92671|691291|539096|780191|687631|805509|229140|373399|482410|526342|728246|649409
4853|0|714.5447|Unknown|33192|6526|129797|97090|39821|13431|6757|71591|46161|61713|59382|71698|15226|37037|36845|36586|74445|54728
4854|0|714.5657|Unknown|8471|1186|22221|16484|10237|2790|2025|11824|6852|16122|15620|11449|4035|8417|9235|9900|11477|9135
4855|0|714.5872|Unknown|1842|658|6142|4816|1791|1302|758|3001|2133|3172|3198|3477|684|1649|2207|2154|2565|3272
4856|0|714.6022|Unknown|921|388|1985|1638|1268|1002|770|1092|1135|1596|1081|1135|372|960|839|1105|1123|1627
4857|0|714.6188|Unknown|775|235|1623|1686|1400|910|663|862|922|1389|1463|1331|235|524|1581|1087|857|1311
4858|0|714.7442|Unknown|334|61|258|350|1|315|13|560|148|176|436|377|71|1|1|207|11|151
4859|0|714.7675|Unknown|358|99|716|346|273|179|281|283|401|259|99|585|30|1|97|1|215|306
4860|0|715.1524|Unknown|1393|126|198|1010|650|647|402|632|185|665|271|821|772|1135|2037|1357|902|1510
4861|0|715.2105|Unknown|606|338|927|303|847|237|100|235|264|980|28|480|270|584|1460|1094|673|917
4862|0|715.2216|Unknown|718|386|289|643|647|1|317|460|215|614|462|178|463|469|1464|1369|248|723
4863|0|715.2441|Unknown|636|506|607|594|401|141|355|320|1|278|500|199|284|483|1205|1517|577|959
4864|0|715.2589|Unknown|414|614|743|359|579|338|269|482|12|219|345|120|415|565|1290|1636|414|1163
4865|0|715.3897|Unknown|1426|1168|1561|1460|1904|896|717|948|876|837|1215|2183|668|995|1245|1024|1128|1598
4866|0|715.4265|Unknown|1145|700|2913|2131|1447|990|775|1952|1317|1303|1289|2171|497|1169|642|1930|2309|1930
4867|0|715.446|Unknown|1545|956|6463|5032|2342|1389|777|2922|2921|3890|3235|3138|913|2431|2055|2574|2935|2934
4868|0|715.4726|Unknown|4201|1615|13378|11563|5686|1953|1951|7997|6244|8383|8047|8815|2837|5387|5009|6403|9377|6388
4869|0|715.5104|Unknown|185417|36829|516625|413594|198818|69565|40293|296730|228448|337441|297618|350144|95764|165702|212619|233691|321645|279797
4870|0|715.5486|Unknown|11856|2742|44857|33617|22296|5395|4129|23840|16471|22848|21478|24875|8749|21188|13515|20700|25955|20271
4871|0|715.5568|Unknown|7335|1486|18812|14466|9104|2785|1775|10040|6922|14692|13764|11036|3389|9935|8643|8427|9935|12610
4872|0|715.5685|Unknown|2772|1006|11557|8322|3777|2095|956|6090|4203|6585|5509|6680|1498|3223|3429|3845|5914|5642
4873|0|715.5811|Unknown|970|451|4519|3325|1758|1333|611|2148|1532|4155|2639|2426|713|1764|1521|2002|2035|2458
4874|0|715.6066|Unknown|408|457|2393|2399|739|664|159|797|929|1848|1360|904|500|955|512|308|755|1247
4875|0|715.6227|Unknown|374|398|1611|1995|797|710|112|576|1067|1749|1530|777|584|628|319|460|742|667
4876|0|715.7736|Unknown|1|37|1|248|160|314|1|21|1|1|1|269|1|1|1|17|170|210
4877|0|715.9745|Unknown|11859|11946|16558|13950|14256|12067|13848|12045|13700|13347|14034|12756|12191|11614|13380|17906|13593|12617
4878|0|716.1584|Unknown|227|728|51|1|346|309|622|508|1|199|653|393|420|675|885|925|433|522
4879|0|716.1713|Unknown|209|546|177|86|136|189|612|169|205|102|615|372|508|694|507|708|297|173
4880|0|716.2165|Unknown|230|611|1|713|167|107|748|225|292|862|839|166|476|613|799|818|634|354
4881|0|716.2285|Unknown|75|787|32|323|90|504|884|201|349|679|898|200|419|780|256|719|670|235
4882|0|716.25|Unknown|426|702|61|1|264|359|1124|361|121|360|526|51|607|1253|710|985|268|318
4883|0|716.3984|Unknown|742|721|1942|2219|237|711|1111|1079|374|1393|938|1642|1117|1356|1532|562|971|649
4884|0|716.4602|Unknown|2125|743|6406|4160|1538|734|1494|2807|2042|3818|2842|2699|990|1654|3017|2745|2730|2376
4885|0|716.4773|Unknown|3529|897|11623|10019|3223|1560|1533|4677|3725|5476|5797|4510|1656|3313|4446|5166|4630|3866
4886|0|716.5216|PE(16:0/18:1)|138227|25257|511746|428939|142287|58029|44835|192393|167526|231994|204069|217582|62579|118427|124379|163521|182803|162004
4887|0|716.5597|Unknown|9629|2291|46718|37339|9982|4211|3408|16055|12755|16499|15411|15951|3348|15664|7982|9945|14729|11634
4888|0|716.5815|Unknown|2414|522|7686|6119|2285|687|1063|2745|2304|4359|2739|2068|650|2372|2508|2735|2529|1648
4889|0|716.6032|Unknown|609|192|2349|2238|652|201|669|533|887|970|1295|583|316|577|1033|802|721|597
4890|0|716.9765|Unknown|2067|1815|3047|3072|2160|2210|2042|1770|2357|2099|1667|2977|1602|2050|1987|3457|3008|3032
4891|0|717.1322|Unknown|749|513|1880|1126|515|456|500|1058|1034|684|100|351|466|1583|3170|3194|851|1117
4892|0|717.1824|Unknown|363|500|583|1|654|145|453|525|216|419|310|451|288|1532|1051|730|530|125
4893|0|717.2314|Unknown|852|487|271|55|344|1296|629|597|634|496|508|507|486|668|201|1234|227|165
4894|0|717.2421|Unknown|636|449|399|204|204|1027|959|626|911|712|504|478|909|511|784|1388|143|366
4895|0|717.4568|Unknown|1720|1004|4846|4295|1120|721|599|2914|2192|2404|2057|3471|859|878|1735|1820|2260|2258
4896|0|717.4696|Unknown|3869|1479|10545|9429|3295|2415|1081|6215|3745|6926|5806|7234|2189|2152|2751|2744|4312|5127
4897|0|717.4807|Unknown|3169|1730|8992|8492|2895|2143|807|4655|3602|6227|4749|5898|1460|1842|2891|3025|3855|4307
4898|0|717.5262|Unknown|52211|10866|196203|158536|55499|21172|19514|71704|64862|92668|76970|76030|26450|43966|46381|64184|66627|61072
4899|0|717.5658|Unknown|2832|1071|14114|10616|2948|1339|1298|4741|4328|6056|5789|4505|1503|4777|3152|4998|3982|3796
4900|0|717.5854|Unknown|588|452|4039|2911|850|605|491|1331|1204|2297|2002|1195|410|746|1178|1204|1193|1170
4901|0|718.0561|Unknown|1090|655|1888|1434|600|811|550|1435|702|1542|811|800|293|1932|1847|2562|815|193
4902|0|718.1998|Unknown|501|342|709|427|77|531|638|266|1184|584|492|217|397|442|604|912|1|629
4903|0|718.4695|Unknown|2623|1797|9274|6740|2939|1286|1666|5563|3503|4846|3353|5670|1521|3134|4451|3948|3012|3022
4904|0|718.53|Unknown|14804|2842|47675|41480|13541|4407|4980|18100|15648|23535|20568|19024|6257|10537|12307|14836|17798|14965
4905|0|719.0589|Unknown|89|1230|4825|4169|899|3522|2289|5497|1560|2182|2160|5645|5130|4849|7494|7402|5680|3426
4906|0|719.2021|Unknown|313|561|926|674|750|5463|1451|1761|1107|966|465|1891|10169|11247|10865|11509|6878|5005
4907|0|719.2236|Unknown|677|1007|1275|1086|944|2142|859|761|1240|1257|529|881|3536|4077|3606|4553|2441|1988
4908|0|719.4862|Unknown|10289|3256|45965|35243|10946|8299|5159|26374|14652|26266|18022|28203|10905|9643|13166|12834|25603|22711
4909|0|719.5311|Unknown|3040|1026|11893|9427|3594|2967|1677|3702|4117|5671|5143|4178|1695|2656|3208|3908|4464|4031
4910|0|719.6148|Unknown|1209|703|2212|1597|429|935|689|1087|301|2839|2640|1167|761|466|472|895|1195|1461
4911|0|720.0619|Unknown|952|973|1756|1196|484|268|1667|2185|565|1775|1402|1315|1876|1516|1477|2274|1926|1909
4912|0|720.2058|Unknown|765|515|670|139|602|2792|995|1031|368|333|1214|903|2914|2700|3510|4091|1625|2425
4913|0|720.4899|Unknown|4435|1906|18038|15314|4237|3819|2212|9373|6300|11428|8443|13508|4786|4690|6237|5984|11068|9708
4914|0|721.1816|Unknown|1|503|1963|1700|326|2916|1338|2835|446|1201|485|3014|8193|12972|15728|17285|8582|6660
4915|0|721.2224|Unknown|1014|468|1063|721|748|564|520|574|288|1896|271|703|1400|2739|2947|3386|1015|1321
4916|0|721.4964|PG(16:0/16:0)|1626|1083|8250|6182|2719|823|782|3158|3610|4073|2770|3993|2057|1904|1573|1709|2363|3424
4917|0|722.1847|Unknown|21|285|1091|808|436|1418|1|1201|284|84|904|2205|2771|3741|4683|5698|3806|1663
4918|0|722.2061|Unknown|125|468|1481|1085|357|1846|117|960|492|57|903|2268|2953|4803|4024|6601|3353|1326
4919|0|722.5125|Unknown|4338|1553|10903|7898|3081|1187|1997|5220|5163|5966|5345|6201|3176|3873|4901|5794|5466|3685
4920|0|722.7016|Unknown|1169|1146|1537|1063|899|1046|533|222|1726|1008|1656|682|861|418|802|619|1408|1185
4921|0|723.1833|Unknown|252|194|1001|298|1|398|669|944|181|349|931|723|979|2786|2389|3234|1448|1145
4922|0|723.2204|Unknown|1370|263|955|406|680|324|549|1031|653|522|975|723|678|2271|1476|1721|361|593
4923|0|723.3537|Unknown|1419|506|1475|915|971|2461|1269|2117|1270|969|744|2731|4090|4186|8565|9490|4310|5028
4924|0|723.4091|Unknown|3930|2180|5370|3307|3370|2572|2194|3027|1934|2646|2057|4540|2116|2561|2051|1928|3130|2891
4925|0|723.5159|Unknown|1898|537|4936|4903|2772|767|1095|2106|2399|3474|2335|3629|1852|2304|2764|4107|1833|1528
4926|0|724.3579|Unknown|990|638|709|831|819|1382|792|989|733|258|210|1722|1712|1365|3523|4141|2017|1777
4927|0|724.6447|Unknown|396|1|40|1|10|1|1|325|1|1|172|384|241|315|169|319|53|411
4928|0|724.6816|Unknown|300|211|289|240|474|237|211|572|527|1196|1146|317|265|1772|1388|1083|236|537
4929|0|725.2124|Unknown|595|687|1617|1736|1039|3100|1291|2711|255|1956|615|2643|4149|5546|6982|7970|4165|4951
4930|0|725.2345|Unknown|531|824|1417|1694|636|1492|1350|1994|1|1277|1166|2443|3058|4469|3919|3434|2391|1956
4931|0|725.2961|Unknown|527|306|281|914|128|1172|737|749|479|1055|534|1099|393|214|1039|1|1099|581
4932|0|725.3378|Unknown|1304|193|703|1381|476|1082|597|997|1257|919|639|1469|1064|567|1463|331|1934|1283
4933|0|725.36|Unknown|1235|422|1313|1587|1169|1305|1107|2187|1453|1008|935|1996|1312|1473|1764|1700|2561|1551
4934|0|725.3859|Unknown|2938|1415|3872|3373|2764|1925|2290|3118|1769|2139|2155|3689|3187|1920|1610|2599|3504|2555
4935|0|725.4236|Unknown|75248|28264|132441|109454|82319|45005|39288|104489|49163|67995|58091|130994|73948|50745|59507|60407|108490|96701
4936|0|725.467|Unknown|4355|1781|6457|4677|5227|2875|2779|4886|3453|4214|4192|8573|3874|4220|4702|4370|4787|5825
4937|0|725.485|Unknown|2616|767|2788|2711|2811|1423|1152|2526|1833|2422|1838|3058|1493|1513|2109|2923|2243|2231
4938|0|725.5031|Unknown|1646|499|1469|1780|1195|856|739|1213|1008|1256|1709|1786|685|1329|1058|1315|1422|762
4939|0|725.5397|Unknown|1203|115|1503|1315|1055|379|854|1420|1143|1255|1950|1301|713|290|988|1257|1009|277
4940|0|726.0304|Unknown|1237|1512|2109|1903|1540|2126|1959|2507|1411|1848|1009|2412|1152|1611|2641|2404|1452|1196
4941|0|726.1646|Unknown|352|872|420|585|659|1210|1218|662|1|421|374|1011|1|868|1039|1160|925|282
4942|0|726.1796|Unknown|322|929|830|536|323|1242|1296|885|1|477|280|991|562|1444|1321|1352|877|104
4943|0|726.2151|Unknown|768|1132|802|995|821|1381|1438|1344|92|1113|493|1721|1184|2918|3391|3787|1667|1551
4944|0|726.3574|Unknown|879|1046|806|957|1114|1173|1217|839|310|1730|1126|1275|442|1180|1958|1186|1071|1316
4945|0|726.3959|Unknown|1806|1290|2805|2676|1364|1652|1266|2396|926|1899|1505|3069|2276|1568|1839|1459|2304|1370
4946|0|726.4269|Unknown|30449|11695|55772|44591|30571|17996|16830|42731|20721|27477|25183|55961|30604|19988|25620|28224|43992|35959
4947|0|726.6605|Unknown|3486|978|7847|5665|2992|2998|2074|5907|4425|7828|6687|7072|3774|6280|7153|12412|6520|5823
4948|0|727.1803|Unknown|631|1167|846|170|711|459|68|531|1|397|1|1153|1339|1358|2138|3272|1100|1206
4949|0|727.2135|Unknown|640|1301|583|232|872|461|1|858|1|1|49|1066|1065|1178|2461|2807|920|776
4950|0|727.4303|Unknown|8759|4923|16232|12043|8664|4423|4426|10596|6294|8772|6970|14893|7929|5533|7135|8480|12587|10567
4951|0|727.6633|Unknown|1594|249|4371|2724|1036|1399|1348|2873|3222|3845|3873|3134|2134|2750|3167|6090|3245|3627
4952|0|728.1514|Unknown|2626|4467|6487|4875|3257|2852|2449|3746|2686|4933|4161|3137|1111|1607|934|758|1119|989
4953|0|728.1896|Unknown|706|1049|871|490|1009|1234|1108|1961|750|647|857|741|1063|1374|1050|1110|800|705
4954|0|728.4346|Unknown|2681|1837|4450|4700|4107|1657|1601|3543|3116|3150|3756|4415|1567|1396|1775|916|2627|2974
4955|0|728.4632|Unknown|5041|2030|10866|11927|7168|2272|2155|5872|7358|9624|11033|7962|3641|3112|3332|4427|5811|7393
4956|0|728.5225|Unknown|11088|2358|28646|21368|12698|4001|3817|18764|11814|19275|14591|21442|5068|9658|10636|12005|16553|11714
4957|0|728.6665|Unknown|1253|769|1458|1535|1713|290|733|1217|1440|1276|1781|1507|585|1127|1332|1675|1127|1126
4958|0|729.1536|Unknown|1670|1584|2627|2354|2814|1471|1613|995|1209|1794|1102|2413|910|1474|1255|2535|1035|778
4959|0|729.4673|Unknown|2509|745|6487|4802|3991|1660|1479|2603|4226|4168|4554|4153|1941|1959|3489|3974|4241|3257
4960|0|729.5255|Unknown|5438|905|11616|10620|5887|2152|1889|7617|6413|8318|8032|9661|2807|4475|5331|5772|7449|6327
4961|0|729.6669|Unknown|148|1|746|1061|189|211|641|415|279|917|1240|66|265|302|440|1068|591|1792
4962|0|729.7239|Unknown|111|1|36|1|1|353|477|126|1|1|262|1|1|1|1|1|244|700
4963|0|730.3369|Unknown|223|478|734|590|742|465|727|381|1316|42|404|722|739|427|647|536|928|913
4964|0|730.3744|Unknown|821|658|899|999|1033|552|1423|1220|1665|1084|1436|1457|1263|902|1405|1066|2056|1822
4965|0|730.3918|Unknown|1791|1119|1340|1413|2827|960|1533|2024|2158|1642|2105|1848|1135|1224|1402|2119|2303|2410
4966|0|730.4277|Unknown|2827|1675|5077|4843|4036|2392|2336|4619|4643|4805|5858|5496|3492|3416|5684|5649|5878|6665
4967|0|730.4656|Unknown|123532|48042|199106|162736|130246|101279|55262|166354|124908|150122|136426|194259|131623|137835|176001|183621|175005|158288
4968|0|730.5101|Unknown|6049|3050|8979|7358|7493|5124|2834|7904|5942|8472|9185|8014|6741|11355|8495|8226|8414|10139
4969|0|730.5346|Unknown|4174|1047|14124|11491|4459|1855|1706|7742|6128|6658|6955|6431|2683|4650|4367|5914|6725|7803
4970|0|730.5683|Unknown|562|456|2155|2755|1333|76|634|1614|1684|1819|2745|986|767|917|677|1060|1711|2784
4971|0|730.5867|Unknown|378|410|480|1003|687|90|588|1060|1322|1097|2353|278|285|719|221|424|1313|2391
4972|0|730.6479|Unknown|1134|88|1112|2025|1350|229|528|1092|2070|2032|2901|1339|510|1181|1013|490|1443|2073
4973|0|730.6673|Unknown|449|198|1078|1124|749|1|419|648|1326|1186|2442|565|356|804|655|52|1197|2121
4974|0|730.9552|Unknown|766|1449|2716|2884|1826|1537|1090|1173|2029|1991|3770|1656|1527|1306|1646|2747|3077|3546
4975|0|731.149|Unknown|1444|748|1269|369|998|71|155|922|1|919|1414|1013|584|830|1597|1640|971|1933
4976|0|731.2245|Unknown|737|398|798|339|156|373|1|442|1|700|1249|890|545|457|513|900|802|1171
4977|0|731.2384|Unknown|629|341|673|502|322|500|39|348|1|528|1383|706|326|446|695|1242|979|1318
4978|0|731.3908|Unknown|1231|449|1650|827|616|2406|1194|2850|761|1591|1386|2596|2540|4645|5579|4724|6158|4714
4979|0|731.4358|Unknown|2376|1284|3913|4178|2549|2051|1422|2048|2300|3218|3111|3216|2705|2856|4212|3130|4115|3273
4980|0|731.4684|Unknown|53216|21588|82624|72522|55556|42534|23885|66766|54860|69998|57556|77894|58852|67307|78610|78417|76820|65263
4981|0|731.5151|Unknown|2366|761|4758|4879|2524|1850|1174|2927|2208|3882|3756|3441|2649|4946|4068|3373|4418|3370
4982|0|731.5401|Unknown|2142|380|5620|4358|1593|1139|1112|2230|1587|3476|3584|2614|1862|2406|2522|3365|2371|2530
4983|0|731.6743|Unknown|1|60|1438|918|287|1|1|1|39|1346|2008|382|317|427|1|304|155|736
4984|0|732.2092|Unknown|489|607|274|1|1523|1766|1153|52|390|619|328|236|3846|3099|4139|3475|1338|293
4985|0|732.2317|Unknown|411|383|211|37|834|1166|672|1|251|80|95|186|1613|1442|2407|1219|652|168
4986|0|732.2442|Unknown|466|611|272|1|757|921|641|1|394|175|203|438|880|602|2047|585|994|46
4987|0|732.2616|Unknown|750|232|453|262|942|1217|715|1|162|321|1|483|893|205|1679|922|1061|45
4988|0|732.349|Unknown|776|883|913|705|1289|508|843|162|199|378|1|928|737|342|1069|909|415|404
4989|0|732.4038|Unknown|1005|673|3233|2164|2797|1347|1240|1965|418|1664|577|1993|2293|3029|2870|2810|2174|1971
4990|0|732.4148|Unknown|1390|617|3581|2721|3299|989|1092|1972|642|2438|1407|2243|2137|2000|2865|2515|2417|2592
4991|0|732.45|Unknown|5129|1892|13620|11553|5454|3166|2142|6171|5738|6756|7716|7986|4003|4834|6592|7010|5939|5268
4992|0|732.4815|Unknown|125327|41391|357027|291837|128754|68179|50975|158778|136338|209905|181134|147335|77368|118401|148152|169818|126547|115026
4993|0|732.5277|Unknown|5069|1623|17293|12809|5693|2339|2111|6373|5196|7521|7373|6182|3232|6580|6472|6020|4154|4524
4994|0|732.5462|Unknown|2034|736|6619|5224|2192|640|1193|3068|1589|2861|3069|1948|1339|1919|2639|1795|2581|1755
4995|0|732.5654|Unknown|1122|474|2954|1930|1568|0|810|909|220|944|1670|1204|791|826|1560|734|910|750
4996|0|732.5849|Unknown|763|289|1975|997|1026|1|687|795|1|1127|730|781|496|214|1221|787|890|175
4997|0|732.626|Unknown|1020|82|1396|1250|928|1|644|874|1|907|892|1031|383|919|1786|581|619|845
4998|0|732.6738|Unknown|445|222|1345|386|829|60|878|777|204|334|1097|702|28|78|1127|567|260|185
4999|0|732.7116|Unknown|535|184|1434|1040|830|679|756|502|178|381|896|381|689|1155|1912|1474|928|1199
5000|0|733.1078|Unknown|1|548|1511|1378|428|1377|795|999|279|717|968|518|914|2936|4776|3597|762|1431
5001|0|733.2443|Unknown|120|23|647|595|584|642|748|278|472|1|643|475|1|441|1836|548|364|406
5002|0|733.2607|Unknown|13|1|792|26|218|713|759|769|393|165|727|457|103|419|1638|1136|673|480
5003|0|733.274|Unknown|89|1|539|593|373|982|959|1162|753|351|804|687|85|314|1692|1327|737|806
5004|0|733.3526|Unknown|23|268|818|742|208|655|960|195|503|285|1017|764|454|483|1534|1174|497|571
5005|0|733.4091|Unknown|749|970|1320|1022|561|510|1073|945|1001|756|1485|917|1138|873|1641|1150|1189|1391
5006|0|733.4183|Unknown|956|1298|1566|816|1029|803|1207|756|1448|1109|2087|889|1088|1096|1860|1148|911|1269
5007|0|733.485|Unknown|50451|17370|146649|116798|53269|26884|20520|63733|54677|88051|75508|58558|34506|48949|62379|68428|54906|48437
5008|0|733.5235|Unknown|5001|1818|11348|8630|5364|2218|2598|4974|4036|9232|7980|4163|3639|5653|7467|5923|4700|5156
5009|0|733.5351|Unknown|1942|1031|5169|4031|2315|1050|1390|2321|2128|3318|3126|2031|1740|2969|3613|2379|2747|2097
5010|0|733.5498|Unknown|937|499|2143|1696|1176|663|1187|1019|1206|2175|1660|1030|1248|798|2292|966|1286|1136
5011|0|734.2528|Unknown|903|506|767|593|830|1137|907|194|227|516|1016|569|1114|982|2243|678|531|495
5012|0|734.2928|Unknown|1127|580|122|442|288|430|882|455|203|688|724|148|968|145|1318|565|556|168
5013|0|734.461|Unknown|1430|1935|2674|2626|1427|1113|1827|1989|2004|2046|2615|2192|2774|1180|2779|2229|2183|1769
5014|0|734.4908|Unknown|22364|12756|45306|39240|20233|14286|9486|26035|21580|31321|25583|24683|19326|16943|21834|24105|22889|22211
5015|0|735.2385|Unknown|1418|965|821|1120|842|941|589|534|887|659|609|1022|733|80|1349|810|1|1
5016|0|735.3061|Unknown|407|753|510|179|1|904|519|935|793|487|1|992|700|478|954|722|173|53
5017|0|735.4964|Unknown|7397|4660|11818|11134|8178|4749|3740|6981|7177|10051|7774|9296|7455|6147|6387|6657|8603|7054
5018|0|736.3237|Unknown|1112|270|533|571|1216|465|160|722|561|723|1326|1081|369|119|351|465|32|284
5019|0|736.5113|Unknown|7564|2300|10929|7578|7772|4318|3572|9445|7213|10597|9542|12151|6384|4086|5928|6445|9074|8291
5020|0|737.2357|Unknown|879|909|1000|263|2084|278|759|709|1263|958|809|394|923|1004|1064|1569|693|827
5021|0|737.5159|Unknown|4442|1129|5690|5058|3024|1940|1855|4305|3779|4757|3778|3270|3730|2133|2358|2857|4382|4255
5022|0|737.7372|Unknown|325|208|479|277|1|306|213|35|325|75|148|1|295|1|372|33|67|671
5023|0|738.1855|Unknown|818|165|236|661|267|741|1|690|654|399|146|862|1528|2642|1810|2732|1183|799
5024|0|738.6971|Unknown|5733|1002|3182|3510|4148|2610|1352|2039|4677|7968|7390|4536|2539|7623|3874|5934|3459|4012
5025|0|739.2328|Unknown|917|714|262|735|2962|513|1259|638|1360|847|813|1054|410|748|1773|479|752|60
5026|0|739.3416|Unknown|1348|1294|582|1099|2135|4115|2193|3018|1091|1219|634|2269|3832|4567|13135|8521|4336|2812
5027|0|739.7001|Unknown|3351|618|2227|2180|955|1748|581|1132|2602|3754|3821|1545|1303|3977|2604|3353|2174|1636
5028|0|740.3456|Unknown|652|846|667|81|1595|1981|1163|1706|1209|752|660|1343|2250|1283|4449|4274|1677|781
5029|0|740.7035|Unknown|1558|581|736|855|479|376|405|1087|1402|1630|1684|165|1197|839|681|1716|434|731
5030|0|741.042|Unknown|339|1502|2130|1438|464|664|1108|2129|324|655|1099|2376|1234|1521|1346|2440|1549|1879
5031|0|741.1868|Unknown|570|220|2181|1895|1275|2392|1549|2709|392|838|411|3219|6858|10028|12735|14383|7294|5559
5032|0|741.6956|Unknown|1|19|1|232|229|34|1|1|40|607|248|162|1|350|239|1|155|123
5033|0|742.0671|Unknown|10848|16551|18796|15674|14452|10495|11209|12686|10064|16437|15194|17456|15289|16258|19493|20130|14990|11776
5034|0|742.1898|Unknown|672|957|1193|459|416|1458|872|1770|341|964|133|965|2985|3346|4382|4030|3074|2119
5035|0|742.4655|Unknown|1394|771|2716|2584|1651|762|1013|2349|1523|2390|1793|3178|1577|1183|2353|2541|3453|2315
5036|0|742.4921|Unknown|2305|919|5778|3397|2200|1239|1456|3510|2574|3832|3388|4224|1869|1901|3676|3798|4409|3701
5037|0|742.5381|Unknown|70129|14177|210951|170901|71728|30008|22060|131508|84884|133262|121280|149914|50402|89974|109561|124849|124131|103446
5038|0|742.5853|Unknown|3354|729|7274|5295|3666|1778|1480|5603|2606|4812|5260|4545|2534|4915|4507|4442|4432|4365
5039|0|742.6079|Unknown|885|377|2001|1147|1367|504|792|1813|897|1031|1327|1319|1164|915|1302|1537|1734|1116
5040|0|742.6285|Unknown|524|324|1077|805|931|257|548|1682|612|384|854|817|962|240|738|1065|1198|446
5041|0|743.0708|Nicotinamide adenine dinucleotide phosphate+|3540|4206|8199|4553|4042|3210|3100|3638|4180|4700|4449|5656|4863|3720|5591|6242|4869|3400
5042|0|743.1668|Unknown|1724|1000|1261|660|676|205|163|1326|679|51|238|1304|1333|1023|2165|2120|1910|1104
5043|0|743.1873|Unknown|1142|669|941|811|953|306|137|1020|582|488|74|852|1535|2263|3622|3408|2500|1532
5044|0|743.2458|Unknown|905|747|1553|551|136|4512|1876|2945|386|85|799|2288|8572|12979|14674|13495|8711|6931
5045|0|743.3402|Unknown|1002|700|924|864|471|675|134|462|408|210|609|1311|308|522|1016|1182|175|534
5046|0|743.3538|Unknown|1022|484|979|846|508|1050|153|602|791|224|662|1267|279|781|1023|948|497|513
5047|0|743.4274|Unknown|4963|1696|5196|4654|4403|1950|1255|3000|3651|4511|3946|4315|1775|1249|2677|1865|2471|2893
5048|0|743.4626|Unknown|1814|839|3599|2072|1716|813|1168|1451|1116|1759|1347|1760|609|1103|1311|1181|1242|1333
5049|0|743.475|Unknown|1777|713|5149|3382|1193|750|810|2156|1619|2778|2313|2222|572|1608|1652|1841|1461|1870
5050|0|743.541|Unknown|34372|7358|95480|75639|32553|16705|10647|58571|42173|63070|54066|71289|22897|39607|52398|52962|57699|50364
5051|0|743.5915|Unknown|1661|458|3282|2770|1297|919|718|2034|1550|2688|2210|2166|1009|2164|2364|2380|2486|1527
5052|0|743.609|Unknown|1008|220|1066|1351|518|424|346|537|851|1215|1534|768|296|625|922|1163|1277|620
5053|0|743.9572|Unknown|475|615|1042|1026|741|1|318|521|1033|714|424|689|591|465|1|207|144|339
5054|0|744.1029|Unknown|3085|4429|4746|4195|3608|5032|2929|2883|3394|3673|3807|4565|4746|2620|3464|3618|4573|3526
5055|0|744.2497|Unknown|390|896|523|1|770|1375|824|711|609|698|341|853|2872|3963|4612|3068|3118|1966
5056|0|744.4332|Unknown|2897|2171|4176|4306|3539|707|1423|3756|2875|3523|2311|2802|2192|1376|2597|2059|2246|2563
5057|0|744.4808|Unknown|5615|3607|12155|11150|6927|6439|2936|8305|8054|10685|7958|11399|7803|9443|10960|10456|9059|9487
5058|0|744.5531|Unknown|25291|5706|118064|98082|26265|13942|10759|41108|33260|54998|46522|47917|15565|27385|30127|37711|43284|39310
5059|0|744.6202|Unknown|402|712|1841|1173|763|233|663|635|799|1011|784|230|477|712|519|429|585|741
5060|0|744.9544|Unknown|2521|2848|5979|4321|2475|3156|1894|2496|3102|3069|4162|4401|2025|2712|3439|3460|3555|3927
5061|0|745.1675|Unknown|617|1489|396|955|1097|1560|1091|1007|524|1373|1239|661|1078|1063|2055|1162|1139|573
5062|0|745.2177|Unknown|539|1|399|1042|216|2518|1011|669|48|471|475|1215|2759|3469|4555|5647|2651|2656
5063|0|745.4424|Unknown|2345|866|2819|1828|1360|1223|944|1399|2358|1438|1375|1331|804|325|1150|1232|1174|1218
5064|0|745.5002|Unknown|4626|1295|18154|13741|4177|3788|2582|9837|6256|9763|8053|10289|4791|5513|6198|6700|8668|7682
5065|0|745.5577|Unknown|10138|2492|51869|41562|8913|6031|5570|19324|13292|22677|18081|19560|7111|11646|11053|15794|17761|15339
5066|0|745.6292|Unknown|570|261|1602|881|357|127|806|1057|715|1788|1527|575|101|375|1460|743|1084|522
5067|0|746.2213|Unknown|585|107|580|483|367|466|1|824|585|567|389|333|574|1385|1046|1821|420|984
5068|0|746.4656|Unknown|1420|503|2287|1932|1412|997|1427|1659|1472|1681|1858|1284|572|1608|1665|1402|1902|1721
5069|0|746.4967|Unknown|14810|4591|44610|35647|15458|9957|7600|22563|18583|26583|24119|23260|13257|18185|19289|22254|23266|19722
5070|0|746.5603|Unknown|2990|703|13904|12862|3815|1829|2213|5141|3882|7741|6116|4521|2562|2918|3782|4200|5970|4000
5071|0|746.6416|Unknown|6399|1054|2369|2063|3780|1950|1618|5518|5620|6645|5224|5375|1573|5022|4388|5892|3559|2249
5072|0|747.1891|Unknown|749|45|599|160|357|1125|1098|309|478|145|462|731|923|1191|2220|1863|1048|1019
5073|0|747.3837|Unknown|718|932|716|508|501|1318|1750|1414|1072|572|1045|1867|1639|1636|3366|1651|2967|2711
5074|0|747.4346|Unknown|1156|1138|1270|750|1481|835|1916|344|1429|1083|1413|1971|750|319|1267|300|1931|1538
5075|0|747.4449|Unknown|1214|733|1615|776|1643|979|1964|304|1477|1495|1694|1895|989|445|946|366|1808|1474
5076|0|747.5167|Unknown|14004|4154|90981|71084|12362|11858|8706|35129|21489|45395|35542|36076|16920|19121|24697|26574|37184|34049
5077|0|747.645|Unknown|2146|734|2116|2040|1910|1381|1524|2981|3780|5858|3956|4152|1114|1933|2492|3272|3284|2367
5078|0|747.6625|Unknown|696|440|1033|630|994|348|1222|785|2472|2702|2648|1678|585|956|1354|1367|1597|1553
5079|0|748.4262|Unknown|942|141|885|931|1345|1391|1509|739|637|2280|1091|1533|687|984|1133|844|1190|716
5080|0|748.4624|Unknown|3560|803|5746|5710|3420|1747|1511|3782|4688|6226|4995|5080|2144|2489|2702|2931|4910|3009
5081|0|748.5268|Unknown|25151|10505|99710|79213|25074|18622|11715|42104|37383|49387|49346|49551|26169|47473|59335|64457|38520|38544
5082|0|748.5771|Unknown|2219|551|3583|2764|1601|1152|1648|2019|2117|3250|2643|2585|1460|2845|2365|2801|2284|1446
5083|0|748.6429|Unknown|3130|320|1431|1035|2872|1140|1720|2870|2782|4011|2292|4296|913|2504|1892|2700|1766|2462
5084|0|749.0809|Unknown|441|40|868|889|1059|879|506|1968|408|505|559|612|2188|2171|2475|2386|1411|518
5085|0|749.4532|Unknown|1502|1218|2081|1794|1159|1051|267|1926|2176|2282|1408|993|1769|1207|1684|1230|2102|1305
5086|0|749.4696|Unknown|2338|1004|3076|2413|1998|2453|318|2673|2902|3599|2714|1859|1885|1557|3791|3966|2865|2704
5087|0|749.5317|Unknown|9014|5065|36546|31002|10496|8566|4662|19686|14856|22545|19227|18487|13287|20035|24662|29192|16635|15792
5088|0|749.6435|Unknown|1995|362|1296|809|765|862|89|1912|1648|2890|1594|1920|1399|992|1365|1141|607|520
5089|0|749.6714|Unknown|540|267|804|620|339|316|100|975|967|1987|1131|1811|516|40|501|115|273|327
5090|0|750.4626|Unknown|1278|121|2435|1364|1307|1096|836|1202|504|1735|1669|3702|1585|488|1960|2078|853|1050
5091|0|750.4738|Unknown|1830|598|4123|2402|1755|1535|698|1869|1150|2939|2095|4019|1469|937|2739|2224|1597|1497
5092|0|750.5445|Unknown|22089|4466|124231|111264|22858|13439|13087|62480|35445|59929|59385|61316|21814|36736|46423|52009|45692|40800
5093|0|750.5941|Unknown|1664|242|4189|3616|1296|668|674|2764|938|2323|2301|2947|1288|2710|2329|1660|1898|1555
5094|0|751.2607|Unknown|1544|539|186|330|457|1242|515|635|205|393|438|1078|201|602|1389|4192|876|623
5095|0|751.4388|Unknown|4304|2489|6704|6185|4333|4023|2050|4714|3180|3673|2793|6041|3185|2176|4088|4281|3350|2861
5096|0|751.4803|Unknown|1934|664|2422|2303|1049|1144|388|1484|1235|1643|1501|1303|802|627|725|1302|1725|604
5097|0|751.5476|Unknown|10047|2757|56676|49014|9763|6204|5114|26183|15752|29007|25979|27651|7843|14854|20043|23022|21243|19328
5098|0|752.4464|Unknown|9216|3552|16595|14981|8951|9241|5871|13295|9193|12987|14896|14856|10849|9269|11327|13462|14131|11761
5099|0|752.4682|Unknown|2883|2226|6037|5830|3999|3254|3523|4488|2680|4340|4790|5498|5429|4721|3574|5026|5083|4176
5100|0|752.5522|Unknown|3316|610|15844|13696|3300|1707|2195|7153|3786|7350|7188|8184|3280|4979|5697|7193|5803|4532
5101|0|752.5709|Unknown|1584|676|5272|5404|1601|586|1106|3161|1819|3670|2966|3036|1877|2527|2339|2491|2312|2099
5102|0|753.3089|Unknown|455|440|888|118|922|700|456|987|17|753|1|637|558|676|1094|184|1040|260
5103|0|753.3559|Unknown|598|685|1424|722|1624|1665|555|1161|443|1471|754|1405|637|1397|1094|1267|1920|558
5104|0|753.3729|Unknown|966|1079|2289|909|1497|1106|1144|1276|947|1533|929|1247|928|1336|1599|1502|1913|895
5105|0|753.3823|Unknown|1427|1148|1854|1004|1706|1071|1111|1548|1205|1713|1015|1349|1324|1591|1996|1686|2187|839
5106|0|753.4154|Unknown|2206|2031|5530|3905|2741|1678|1623|3263|2295|3121|2180|2424|2502|3058|2546|3164|3698|2367
5107|0|753.4544|Unknown|70173|27613|203097|164590|75954|40173|34921|89542|54576|76796|69892|94805|61392|62074|76028|83320|97356|85477
5108|0|753.5263|Unknown|1469|981|1888|1850|1166|560|1241|1121|1325|1102|1009|1035|1378|1535|1720|1329|2312|870
5109|0|753.5541|Unknown|1603|668|4091|4265|1404|732|1459|2600|1903|2309|2951|2762|1310|1253|1798|1562|2808|1887
5110|0|753.569|Unknown|1246|503|2575|2127|1745|570|1103|1439|1333|1549|1698|1482|1325|1110|1271|893|2304|1493
5111|0|753.5895|Unknown|776|389|1260|609|1398|274|691|922|816|1080|1354|800|900|726|867|532|1550|959
5112|0|754.2944|Unknown|651|755|371|486|208|900|1258|304|256|383|680|330|1|347|853|508|1|25
5113|0|754.3867|Unknown|1287|1054|1533|1701|734|1146|584|676|1017|1182|918|1337|366|944|1102|1512|832|676
5114|0|754.4221|Unknown|1701|975|2474|3392|1909|1762|937|1135|1442|2344|1407|1885|674|1264|2571|2030|821|1447
5115|0|754.4591|Unknown|39651|13255|101751|85183|38954|22006|17996|44375|33308|45641|41666|46270|26643|29662|39393|44431|47786|40617
5116|0|754.5296|Unknown|1000|276|1579|1449|1352|606|1268|463|616|1122|1593|797|558|1555|1204|1094|760|1054
5117|0|754.692|Unknown|2387|353|1854|1845|1331|1131|1466|2796|1387|3737|3968|3533|700|1345|1161|1429|3036|991
5118|0|755.0825|Unknown|189|957|666|598|770|3023|1435|1563|676|1|689|1542|4985|3964|2865|3053|2767|1976
5119|0|755.4405|Unknown|1946|1150|3809|3222|2341|1518|1715|1860|1794|3449|2549|2342|2171|1621|3213|3055|2237|2393
5120|0|755.4626|Unknown|12112|4412|30471|29415|11315|6894|5686|13318|12338|15254|14228|15856|8477|10530|12464|14249|15500|12755
5121|0|755.6938|Unknown|1202|155|1942|1091|963|468|973|738|1055|2724|2334|1378|153|1078|257|659|1019|1273
5122|0|756.4812|Unknown|4542|1504|8675|9817|4042|2179|2304|6302|6414|5738|6330|6690|3157|2878|3482|4673|6353|5483
5123|0|756.4935|Unknown|5931|1709|13955|13635|5931|2382|2212|9140|9061|12690|12391|9612|3700|4594|5359|6895|9705|9034
5124|0|756.5334|Unknown|1925|713|3792|4390|1832|1656|1135|2945|2633|4132|3151|2904|1718|2274|3013|2949|2937|1948
5125|0|757.1827|Unknown|518|414|1034|642|1755|588|599|511|82|729|1583|223|886|405|1640|751|89|581
5126|0|757.4983|Unknown|2411|1303|6460|5086|3145|1681|1294|4670|5195|5899|5028|3928|1472|1861|3843|3340|3683|3862
5127|0|757.5635|Unknown|433|790|1824|1795|1393|527|860|929|1774|1937|1629|982|372|1249|1386|1191|578|1348
5128|0|757.5943|Unknown|332|502|1182|1114|889|71|474|719|1390|559|794|457|1|449|668|693|344|431
5129|0|757.6586|Unknown|1|111|1536|1308|944|101|359|152|1043|555|746|492|1|172|529|618|765|66
5130|0|758.3502|Unknown|1062|351|1952|1484|1391|564|930|920|1976|1670|1581|1204|1092|431|1016|940|729|1058
5131|0|758.3977|Unknown|1558|294|2110|2617|2108|1425|778|2601|2247|2184|2734|2317|1730|1292|2930|3088|2440|1722
5132|0|758.4117|Unknown|1659|978|3349|3556|2594|2320|876|3178|3272|2550|3127|3359|2053|2476|3011|4163|3426|3133
5133|0|758.4239|Unknown|3329|1371|4737|4607|3832|2392|1309|3767|4606|3215|4441|5180|2303|3847|4078|5574|5007|4080
5134|0|758.4501|Unknown|7067|2555|14373|10297|6853|4179|2223|9576|9017|9398|11107|13732|5494|9328|9372|10140|10535|10429
5135|0|758.4612|Unknown|12170|3508|21271|16703|11485|7226|3661|14742|14178|17459|17059|21147|10181|13717|17943|16290|14784|14879
5136|0|758.4964|Unknown|376562|94394|733775|595014|380573|225242|113825|561184|439910|550333|486217|668367|288938|516193|619103|652156|562064|498418
5137|0|758.5487|Unknown|11322|3003|27311|22617|12837|6508|3259|20554|14636|17364|16413|23159|7999|25549|20043|20516|18287|15106
5138|0|758.57|Unknown|3252|853|7631|5851|3568|1314|1014|5500|3969|5187|4219|5570|2283|6273|6034|6074|4018|3249
5139|0|758.5819|Unknown|1758|634|4866|4636|2166|888|747|3696|3307|2844|2779|4132|1670|3096|3412|3531|3088|2581
5140|0|758.6142|Unknown|1387|551|1941|1875|1581|477|500|2518|2142|2118|1301|2166|998|1327|2241|2188|1368|1516
5141|0|758.6332|Unknown|988|362|1692|1402|1230|434|287|1581|1828|946|1660|1752|724|869|1673|1677|1260|1174
5142|0|758.6737|Unknown|1367|526|1039|1937|1170|648|609|1630|1378|1787|2246|2005|886|876|1681|1125|954|1388
5143|0|759.0194|Unknown|1144|619|2158|1393|941|823|609|2019|1838|1150|1108|2120|1226|1865|834|1614|1223|1375
5144|0|759.0423|Unknown|1185|1080|2680|1718|1082|835|569|2639|1376|1421|1377|2571|1236|2247|1261|2666|1818|1402
5145|0|759.1799|Unknown|1100|210|1593|719|921|562|419|1254|1098|1109|950|1623|915|1092|626|2527|593|721
5146|0|759.3254|Unknown|412|754|1414|795|1314|1307|776|1394|1198|1414|1015|1511|1000|1595|2020|5367|1415|949
5147|0|759.3546|Unknown|1384|926|991|925|846|1173|758|1494|1917|1527|1043|1623|818|971|1623|2324|1108|628
5148|0|759.4157|Unknown|1663|1015|2392|1854|1935|1446|856|2020|2369|2402|2174|2897|1430|1908|2463|3136|1909|1495
5149|0|759.4262|Unknown|2089|1300|3023|2985|2345|1694|1126|2393|2942|2745|2719|3262|1764|2003|2912|3492|2477|1936
5150|0|759.4575|Unknown|4384|1792|7055|6616|3743|2789|1592|5773|4783|7216|6530|7389|3171|4438|6053|6692|6883|5331
5151|0|759.5|Unknown|164069|40559|335135|273676|163938|97059|52745|259439|202598|244752|209501|296340|131913|231386|270682|289164|263045|226008
5152|0|759.5518|Unknown|5198|2035|10139|7833|5888|3587|1797|7939|5589|8399|7624|7734|4078|12227|9697|9684|7072|7624
5153|0|759.5829|Unknown|1354|1085|2944|2935|1332|1005|597|2103|1401|2216|2236|1792|1068|1748|2031|2186|1737|1775
5154|0|759.5997|Unknown|715|781|1646|1123|1162|833|412|816|849|1485|1786|1280|803|731|1690|932|574|829
5155|0|759.6337|Unknown|499|581|1396|1132|925|480|398|631|879|1642|1815|1332|448|623|667|733|631|124
5156|0|759.6469|Unknown|470|522|1876|1570|592|545|324|449|1003|2362|2316|1225|832|226|1055|1530|598|526
5157|0|759.6662|Unknown|1|384|1085|686|247|542|356|938|802|1666|1024|1126|377|342|1044|984|159|252
5158|0|760.0745|Unknown|12222|14504|10891|8704|14594|4438|4368|6999|5581|6617|4883|8037|8530|5245|6810|7183|6013|5284
5159|0|760.3625|Unknown|493|642|1535|1009|334|112|149|106|449|35|592|258|46|1021|707|755|355|504
5160|0|760.377|Unknown|832|673|1668|1414|621|119|8|726|249|1|851|377|1|369|1100|307|118|610
5161|0|760.423|Unknown|1205|773|3258|2246|1891|1|1|1886|1494|1091|1951|1529|23|781|1766|1835|1029|1595
5162|0|760.438|Unknown|1384|1030|4596|4312|2713|256|546|2061|1656|1593|2186|1992|403|1560|2606|2262|1720|2012
5163|0|760.4643|Unknown|3509|1709|11316|10158|4355|2317|775|3943|4055|4318|4708|4328|1580|4505|4514|4939|3652|4046
5164|0|760.5123|Unknown|195833|60141|687756|555884|189703|114278|65855|187844|220012|277388|222353|192522|105508|227847|240829|315130|193062|158996
5165|0|760.5231|Unknown|105570|34786|455740|355779|110877|66041|33294|118794|129703|152232|128340|113565|51928|169796|123604|213031|121993|91091
5166|0|760.564|Unknown|5634|2170|20065|15307|6610|3215|1867|5055|7272|8963|7387|4464|3280|10540|7258|8675|4087|4960
5167|0|760.5846|Unknown|1591|588|4785|4189|1874|281|638|1804|1242|2435|1952|1115|866|2293|2434|2321|680|1151
5168|0|760.6304|Unknown|506|707|1761|872|416|114|237|283|914|1144|1048|396|237|296|964|1354|211|631
5169|0|760.6536|Unknown|606|876|1477|1128|477|408|238|818|457|1307|1363|238|262|907|934|1086|394|712
5170|0|761.0757|Unknown|3784|3407|3511|2935|4567|2019|2105|2182|1977|2680|1717|1556|2701|2108|3111|2731|2385|1707
5171|0|761.1927|Unknown|219|504|1227|579|521|788|608|1422|585|547|466|1421|2384|3769|4212|5738|2179|1159
5172|0|761.3242|Unknown|183|350|655|699|723|16|94|1150|729|696|335|735|382|762|574|1396|84|431
5173|0|761.3746|Unknown|151|730|1059|1200|1321|288|178|1343|705|746|487|1156|667|800|746|732|1|1
5174|0|761.3897|Unknown|270|772|959|977|1094|1|1|1145|899|966|980|943|687|665|536|1120|1|1
5175|0|761.4393|Unknown|1021|884|2325|2219|1325|69|86|1386|1508|1681|2270|1140|382|761|785|1387|581|917
5176|0|761.4619|Unknown|1177|1210|4678|3964|2285|540|360|2451|1997|2556|2719|2277|765|2154|1954|2056|618|1551
5177|0|761.4826|Unknown|3544|1752|10635|8369|3665|3010|887|4415|4381|6653|5137|3898|1457|3202|4276|4475|3172|3596
5178|0|761.5157|Unknown|81583|23986|288447|232416|72505|44955|26664|73287|90639|108525|93856|73573|41916|87253|92706|124311|75860|65748
5179|0|761.5359|Unknown|23789|7804|101369|78172|23927|13662|7129|25450|28816|31661|29798|23493|11556|44982|26064|46111|24813|20286
5180|0|761.5671|Unknown|2628|1374|8108|6601|3232|1774|982|3054|3059|4557|4678|2252|1460|4429|3695|3961|1869|2289
5181|0|761.5897|Unknown|911|895|3089|2695|955|892|820|1722|1156|2677|1868|1266|789|870|873|769|668|1179
5182|0|761.6137|Unknown|226|615|1274|1122|286|496|183|632|600|2275|1410|663|400|396|492|695|124|399
5183|0|762.3826|Unknown|734|184|267|928|661|201|696|1125|142|613|777|959|317|230|513|147|486|578
5184|0|762.4437|Unknown|918|1|444|732|825|434|518|1569|624|700|889|897|1|719|1370|809|649|1062
5185|0|762.5202|Unknown|43648|12436|96313|78585|35183|23158|14741|43579|48888|55756|46158|49417|22396|37888|49648|52052|40724|36747
5186|0|762.5577|Unknown|8380|1809|11879|9193|9307|2807|3595|7967|6716|9922|9386|8579|5553|9980|8908|9653|7298|5292
5187|0|762.5746|Unknown|2248|382|3322|2972|2393|758|1207|2813|1915|2255|2318|2592|1252|2591|2083|1976|2480|1715
5188|0|762.596|Unknown|1195|1|756|930|774|373|926|1063|428|1321|1136|1161|705|973|942|709|761|988
5189|0|762.6364|Unknown|1505|84|1902|1173|720|1294|965|3316|1194|3237|1499|3518|1258|2069|2231|3189|2699|1881
5190|0|763.1428|Unknown|1528|233|26|802|503|572|1250|1855|165|427|1|279|988|1050|1424|1841|467|108
5191|0|763.1867|Unknown|1481|2562|1602|1878|540|1327|1749|2611|305|1750|768|1359|2135|3289|4014|3335|1345|969
5192|0|763.3955|Unknown|1356|921|785|1327|1577|702|900|1703|554|1131|1653|622|846|955|1586|1670|349|639
5193|0|763.4813|Unknown|1844|1152|4022|2693|1276|1033|761|2786|2048|2703|2133|743|1506|1773|1608|2019|2203|1447
5194|0|763.5292|Unknown|16948|6171|29421|25055|17737|9011|6868|21802|18918|20850|17762|20894|12737|16736|17154|18216|16631|13903
5195|0|763.5682|Unknown|1747|1131|3562|2825|3436|548|795|3152|2186|2544|1850|2005|1937|3361|1844|2553|2425|1393
5196|0|763.6402|Unknown|1236|601|1991|2211|1058|372|255|2260|1291|2308|1609|1896|742|1896|1178|2116|2171|1017
5197|0|764.0502|Unknown|3649|3652|5101|3738|3210|2823|4481|3111|4327|5672|3983|3757|4851|4271|4324|5310|3475|2634
5198|0|764.1886|Unknown|1163|811|356|4|738|1084|446|775|1768|590|515|1131|1153|1257|1573|1295|733|217
5199|0|764.4443|Unknown|2666|472|5274|5892|1219|1102|674|2560|3795|4154|3417|3229|1253|737|2173|2942|2916|3837
5200|0|764.4998|Unknown|6430|3472|4189|4082|4776|3548|2397|4858|5940|3943|3806|3424|4116|5083|6684|8212|3399|3783
5201|0|764.5393|Unknown|7265|1953|11108|9785|7386|3521|4566|8900|10195|7441|6406|9022|7246|5392|5340|7588|7965|7838
5202|0|764.5873|Unknown|1246|1|1494|1395|498|1|767|915|779|1260|749|448|584|84|787|400|310|983
5203|0|764.636|Unknown|1290|1|1095|1324|39|431|630|1358|1140|1532|1399|1331|309|412|835|704|1285|1448
5204|0|765.1409|Unknown|783|583|1365|1122|890|1086|218|1226|1576|757|712|1885|2881|2072|2733|3486|1830|1777
5205|0|765.2278|Unknown|1|46|705|1026|4|2278|1383|1434|1256|345|479|1794|4062|4430|5623|5795|3897|2940
5206|0|765.2759|Unknown|168|616|145|379|1|1372|759|607|1728|241|349|926|708|1359|2489|3573|238|939
5207|0|765.5031|Unknown|3501|1707|2827|1446|2754|2669|1307|3360|3039|2169|1170|2028|2553|2628|3801|4153|1935|1639
5208|0|765.5458|Unknown|2638|833|4492|3355|2082|2048|2406|3521|3495|2524|2075|3307|2463|1437|2106|2644|3114|3264
5209|0|765.5989|Unknown|666|122|871|390|468|604|770|669|729|568|425|372|703|147|698|1300|129|234
5210|0|765.6648|Unknown|660|1|688|666|530|1648|557|834|538|1057|1066|792|1750|1857|2767|2864|926|1527
5211|0|766.1076|Coenzyme A|4377|3951|5167|5613|3837|4862|4296|7747|4113|5036|4685|7785|7216|4733|7127|8774|7320|6355
5212|0|766.1649|Unknown|836|704|508|894|421|1887|831|744|331|773|1355|790|1963|2375|2395|3224|2380|875
5213|0|766.2308|Unknown|770|1036|620|957|3|1516|886|693|496|580|1225|123|1360|1723|1879|3079|1365|1520
5214|0|766.4596|Unknown|1921|1436|4393|4349|1038|1597|634|1620|2092|2993|2913|1262|1731|1759|1578|895|2412|1169
5215|0|766.5135|Unknown|6420|2424|5356|4011|5397|3236|3711|6893|5490|4296|3712|5518|4246|4018|5815|6466|5172|4271
5216|0|766.5353|Unknown|2940|1445|2177|2268|2961|1597|2455|2918|2826|2161|2377|2325|2599|2807|2534|2098|2489|2292
5217|0|767.1075|Unknown|1427|1627|1480|1377|1172|2233|1830|2376|1867|1530|361|3147|2285|2402|2293|3561|2299|2106
5218|0|767.1986|Unknown|280|499|594|1|443|1108|244|285|674|330|105|721|1027|1836|2168|3389|1369|1009
5219|0|767.3728|Unknown|999|817|593|348|746|3353|873|970|1519|373|1005|1573|2658|2735|4952|4496|1418|1740
5220|0|767.4107|Unknown|2252|1364|2587|2541|2733|2086|1789|2853|2810|2396|2868|2864|1053|1939|2175|2635|1480|2460
5221|0|767.516|Unknown|3062|1450|2835|2607|3398|2253|1683|3090|3106|2674|2350|2970|2304|2177|3362|3357|2384|3514
5222|0|767.5954|Unknown|655|246|398|732|85|538|402|405|962|416|297|552|278|1|550|548|245|602
5223|0|768.1386|Unknown|631|314|1531|1958|342|1065|1126|1770|739|654|888|2768|3409|2308|2982|4198|3330|2597
5224|0|768.4204|Unknown|6347|2273|11916|10776|5856|5946|4114|11095|6357|9506|6596|14949|10801|9273|11239|11187|10995|10235
5225|0|768.4479|Unknown|2811|903|4184|4304|2091|1724|1240|3626|2491|3750|2678|5036|2866|4433|3664|3418|4016|2876
5226|0|768.4787|Unknown|15783|4584|18755|16636|17883|6337|4282|16186|17074|19628|21224|16311|10793|9005|10181|10963|19501|14083
5227|0|768.499|Unknown|8304|2481|10403|8942|7890|3910|2424|7309|8344|9885|8752|7967|4970|7409|6777|8167|8510|7019
5228|0|768.535|Unknown|38962|17742|119900|104611|41045|33603|20666|60379|56704|73353|69072|67152|44592|88332|112335|116177|61045|55033
5229|0|768.5658|Unknown|7671|3154|18625|15617|7605|5978|3762|10080|7619|13577|12896|9253|8168|19900|19419|19503|9456|10135
5230|0|768.5921|Unknown|1489|150|3055|2900|1246|538|925|2025|1438|2080|2300|1730|1255|3735|2755|3282|1930|1395
5231|0|768.6095|Unknown|933|1|1113|1038|1021|205|566|732|608|816|1202|1081|729|1913|1355|1706|1140|808
5232|0|768.6594|Unknown|953|1|729|604|605|1|593|597|438|614|870|481|310|826|833|665|611|640
5233|0|769.1998|Unknown|198|210|883|586|988|837|891|633|896|660|534|311|305|474|757|1612|772|132
5234|0|769.3901|Unknown|902|1066|986|3|839|840|1257|1131|1969|1092|468|1075|989|1|1696|1650|699|924
5235|0|769.4454|Unknown|3051|1687|3886|3693|3520|2276|2322|5543|4472|3752|2131|5147|3328|2975|3744|4349|4245|4851
5236|0|769.482|Unknown|5940|2739|7837|7902|8961|4043|2616|7071|9303|8487|7319|7722|4256|4473|4678|6324|8422|9203
5237|0|769.5386|Unknown|17973|9724|58502|51337|19964|15471|9434|27388|27209|32893|31599|30526|19215|42200|50837|57246|25688|24607
5238|0|769.5713|Unknown|2650|1827|8742|7568|2654|2659|1980|4722|4591|4926|4430|4414|2504|9876|5761|10469|4130|3912
5239|0|769.597|Unknown|427|669|2269|1732|1046|835|1245|981|1553|1398|1073|1092|873|2029|963|1506|926|1375
5240|0|770.437|Unknown|7221|2099|18997|16446|7795|5256|4591|9965|7335|13442|9648|11850|6971|8078|9166|10374|8823|6641
5241|0|770.458|Unknown|4137|869|8884|7507|4840|2200|2444|4608|3953|6759|5647|4880|3147|4149|4771|4070|4029|3107
5242|0|770.4714|Unknown|2635|580|5767|5038|2514|964|1643|3664|3260|4187|4263|3829|1541|2386|2612|2511|3200|1746
5243|0|770.4946|Unknown|5306|1034|12203|9710|5948|2461|3028|6382|6569|7940|8916|6045|2739|3179|2831|4698|5101|5106
5244|0|770.5509|Unknown|47980|11661|255150|215117|43768|29559|26632|125820|87295|135064|125266|131856|41782|78673|95149|111211|106445|96292
5245|0|770.5828|Unknown|8467|2279|36645|29560|7597|4353|4513|18536|16712|24285|23380|16709|6365|17295|17709|18142|15645|17766
5246|0|770.6013|Unknown|1731|717|9615|8347|1803|415|1683|4802|3476|4853|4826|4457|1084|4541|4119|3821|3162|3633
5247|0|770.6278|Unknown|690|471|1556|1314|633|1|1127|800|1015|1267|1190|886|190|1285|675|761|751|301
5248|0|770.6469|Unknown|487|499|540|855|482|1|944|407|818|843|797|580|38|581|387|91|324|320
5249|0|770.686|Unknown|3466|635|3260|3556|3026|1384|1491|4238|3354|7189|6362|4728|740|3168|2516|3197|2856|2304
5250|0|771.197|Unknown|211|537|709|859|1872|318|1|451|915|194|348|809|679|572|881|607|268|1323
5251|0|771.444|Unknown|4385|2498|11457|8098|6429|2513|3480|6892|4752|6692|5281|6742|3879|2941|5370|6634|6082|5492
5252|0|771.4674|Unknown|4318|1661|6334|4957|5034|1457|1906|3242|2618|3754|3277|2900|2375|2043|2955|3175|3937|3484
5253|0|771.5547|Unknown|21403|4747|109464|94723|19856|13476|10803|58572|34821|58542|57104|58781|19558|32634|38690|49793|46211|42300
5254|0|771.6133|Unknown|980|761|2919|2969|1570|429|1025|1486|1510|3130|1950|1362|898|879|1622|1797|2312|1781
5255|0|771.6572|Unknown|400|257|966|1109|747|1|694|367|620|1195|828|355|386|1|560|1108|1460|1446
5256|0|771.6899|Unknown|2697|634|3017|2785|1928|807|1041|2224|2447|4224|3876|2978|914|1672|2365|2213|3571|2494
5257|0|772.4464|Unknown|4793|3288|6026|5043|4415|2090|2072|3447|3885|4477|3355|3745|2557|2507|3026|3407|4169|3685
5258|0|772.4657|Unknown|4435|1560|7208|5743|3934|1881|2382|3822|4653|4979|4277|4579|1655|2685|2449|2794|4847|4117
5259|0|772.5115|Unknown|6833|2552|17218|13120|7983|5262|2870|13887|10804|11547|9780|15068|6603|11042|11088|15488|12920|12206
5260|0|772.5571|Unknown|7293|1150|31388|26639|5729|4608|4774|16941|11439|15795|15852|16100|5523|10052|10478|12939|13261|12551
5261|0|772.579|Unknown|4420|616|16141|13522|3251|2928|3095|8191|6866|8559|7506|8169|3269|6330|4273|6698|7964|7599
5262|0|772.6779|Unknown|884|131|234|283|106|1393|876|545|1171|610|62|604|323|826|1|1046|1045|822
5263|0|772.692|Unknown|933|347|662|646|565|1808|966|1019|1458|1156|963|1104|539|847|59|1238|1084|938
5264|0|773.4712|Unknown|1623|484|3917|3259|1750|1557|1166|2062|1268|2986|2177|2730|1252|1885|1822|1686|2638|1621
5265|0|773.516|Unknown|2645|1571|7182|7143|3850|2767|1668|5512|3588|6219|5037|8822|3944|5593|6720|7460|6632|5373
5266|0|773.5609|Unknown|2185|848|8672|6602|1998|1718|1444|5014|2275|6709|4047|4342|1969|2586|2978|2645|5414|3294
5267|0|773.5854|Unknown|1751|705|5483|4749|1147|1532|1045|2703|1186|3960|3224|2165|1484|2033|1693|1553|3953|2467
5268|0|773.6603|Unknown|1134|237|2906|2004|463|1521|176|2832|1693|3107|3094|2392|367|3508|2670|5264|2942|1552
5269|0|774.4159|Unknown|1100|765|1121|196|188|1397|1161|0|1095|1821|803|919|1006|134|920|737|1882|989
5270|0|774.4551|Unknown|3195|1326|3074|3211|1711|2160|1817|1235|2570|4053|3499|3196|2279|2182|2350|2318|3744|3095
5271|0|774.4802|Unknown|2534|1324|4081|3506|1727|2553|1803|1672|2221|3631|3134|3774|2772|2095|2956|2673|4637|2932
5272|0|774.5272|Unknown|19770|6713|52204|40553|18358|12855|9015|20236|22623|25494|21319|22241|16057|20070|21483|26720|25754|22066
5273|0|774.6053|Unknown|1256|259|1504|724|404|1080|198|277|880|1425|1281|1161|906|1219|733|751|2200|1149
5274|0|774.6702|Unknown|2764|900|1614|1234|1094|2159|162|1818|2310|3097|2803|2672|1596|3680|2523|3704|3206|2595
5275|0|775.5307|Unknown|10185|4258|23647|18977|7830|5755|3367|10280|8892|11926|11066|10566|8560|9530|10255|13090|10744|9358
5276|0|775.6747|Unknown|1700|502|1760|1530|656|1097|384|1742|1596|3271|2222|1528|1003|2225|1193|1313|1333|981
5277|0|776.468|Unknown|1016|596|2367|1620|1110|937|923|2185|1518|1754|1509|1609|1090|730|1537|1194|1822|1307
5278|0|776.4996|Unknown|3741|1027|8440|7846|3473|1612|1641|6551|4399|7087|6721|6287|2190|3373|4450|3818|5931|5942
5279|0|776.559|Unknown|24565|6819|78670|73128|25602|13292|9036|46384|33933|47919|44682|48627|21782|51042|58306|65985|40601|37994
5280|0|776.6136|Unknown|1145|1052|2001|1896|923|603|683|1584|916|2853|2029|1101|1012|2080|1719|1625|1329|1407
5281|0|776.6727|Unknown|649|1157|628|763|578|1050|368|584|804|1845|1333|560|646|1511|1319|1235|850|747
5282|0|777.1585|Unknown|1196|869|269|734|554|266|166|562|496|1133|437|458|588|1470|1151|2022|596|871
5283|0|777.5041|Unknown|1271|1386|4726|4004|2188|1088|1375|3263|2992|4902|4418|2696|840|2243|2305|2690|2497|2388
5284|0|777.5627|Unknown|12756|3246|39141|34484|12631|5477|4961|19518|15772|25131|21732|24877|10255|21863|29902|31567|20810|19625
5285|0|778.5165|Unknown|1302|840|3392|3310|2009|756|997|1081|2079|2750|3228|1905|886|1545|2345|2756|1902|1911
5286|0|778.5753|Unknown|9872|2397|83132|65956|12320|7448|6670|26935|19892|34942|29912|25274|10166|18752|20113|25883|25806|24110
5287|0|779.155|Unknown|1486|406|249|112|963|1|381|536|353|189|194|210|459|1364|680|1290|493|874
5288|0|779.4703|Unknown|11441|4833|21504|17416|11104|5770|3730|15574|8223|12072|9038|14987|7066|11543|10930|12967|10540|9650
5289|0|779.5794|Unknown|4259|1788|33054|31923|4331|4297|3882|10033|8689|15177|12973|11455|5293|7057|9908|11152|11216|11277
5290|0|780.0234|Unknown|2782|1721|5107|4506|1330|1516|1611|2158|1331|3469|2060|4175|2452|2997|2952|3502|2361|2394
5291|0|780.4771|Unknown|28805|9432|51233|47796|27419|21828|12248|41405|39412|47241|43965|47419|22635|34065|38643|47819|44831|40335
5292|0|780.5085|Unknown|6066|2448|9620|8523|6127|3306|2858|7406|6981|9978|7360|7154|5329|10315|7558|10396|7586|6511
5293|0|780.5817|Unknown|1716|533|9746|7263|1979|1188|1664|3247|3171|4161|4877|4696|1319|2291|2940|3294|3364|3742
5294|0|781.2012|Unknown|913|532|786|794|513|3412|1391|3328|529|970|342|3604|9336|13432|14323|13263|8771|7239
5295|0|781.4066|Unknown|1527|345|1281|919|619|548|414|1232|1058|759|1113|1000|1084|501|1888|1253|458|1219
5296|0|781.4855|Unknown|43440|14005|114550|97648|39141|20874|19115|43545|39601|44303|39307|46940|35556|37281|39526|53953|53544|47842
5297|0|781.5403|Unknown|2078|755|3599|2872|1340|635|1153|1565|760|1424|1102|1467|1815|1606|1657|2255|1767|2149
5298|0|781.5656|Unknown|1181|790|1508|1483|447|234|520|855|472|1023|836|716|667|343|736|1140|791|1054
5299|0|782.0525|Unknown|6599|7639|5765|4586|5372|1681|1783|2415|2873|4432|2841|2501|2788|1095|1921|3034|2619|1967
5300|0|782.2039|Unknown|671|649|464|364|37|1342|569|838|641|548|286|998|3986|3913|5068|4279|2327|2568
5301|0|782.3705|Unknown|517|615|124|1007|715|592|443|231|437|576|565|1087|1374|173|2420|2962|794|1
5302|0|782.423|Unknown|741|958|237|1026|853|478|869|690|831|603|1058|949|1705|863|1591|1873|1636|430
5303|0|782.4913|Unknown|27987|8086|78586|66290|25260|15296|11926|24656|28167|29816|29142|25067|19930|26023|27068|33670|28406|25923
5304|0|782.5467|Unknown|666|829|2375|3377|1537|1077|1120|1325|1838|1500|1652|1664|1955|1830|2075|2770|1185|1232
5305|0|782.5721|Unknown|1|393|423|1284|598|289|693|748|707|509|1017|769|1123|692|851|1051|647|659
5306|0|782.6885|Unknown|1|210|1|364|100|210|708|443|307|816|424|321|1164|1|155|244|516|471
5307|0|782.7223|Unknown|964|516|340|581|428|587|544|761|743|1077|1149|335|1022|1|349|563|724|647
5308|0|783.0664|Unknown|2881|2293|2500|1256|2325|1043|517|2406|365|1509|1020|2589|1035|1922|2616|1919|798|1175
5309|0|783.1736|Unknown|2169|690|905|151|368|889|459|1108|1|750|384|1162|982|2198|2186|3564|1063|1701
5310|0|783.2042|Unknown|2107|688|496|111|307|925|21|1350|12|707|464|1173|1472|3598|2620|2752|2060|1241
5311|0|783.3733|Unknown|2935|1617|2549|1392|871|3135|1242|2850|1442|1106|985|2869|3110|2666|6748|5708|2521|2602
5312|0|783.4969|Unknown|10985|3828|25996|22381|8735|7311|4590|10051|10990|13733|11733|8435|7118|8557|8104|12147|9575|9496
5313|0|783.7058|Unknown|1952|16|419|1|1|871|448|393|572|430|1031|776|775|463|693|368|390|177
5314|0|784.1495|784.1495|3795|2966|5091|4445|3571|2562|3318|4481|2260|5222|4271|5137|3468|2387|4420|4462|4216|3410
5315|0|784.272|Unknown|1271|491|509|493|365|393|719|626|1|632|1631|546|994|165|596|753|637|1153
5316|0|784.3758|Unknown|1314|232|1066|577|936|1278|325|1584|80|721|1814|1907|1851|1078|2735|1906|1773|2439
5317|0|784.45|Unknown|33436|6488|23909|18359|32090|7686|5802|22902|17115|23123|16161|26195|15361|12070|12532|13668|24356|21574
5318|0|784.5007|Unknown|5847|1467|8141|7457|4349|3102|2092|4552|4371|4131|5756|4126|2929|3551|2040|4550|4780|4685
5319|0|784.5664|Unknown|1605|304|2487|2360|883|956|726|1624|1311|1372|1896|1452|785|932|892|1002|1183|2271
5320|0|784.7212|Unknown|1101|435|72|458|545|815|57|637|994|395|482|64|89|214|349|132|558|466
5321|0|785.1564|Unknown|1279|626|1971|1198|1119|1249|1672|706|764|1699|2616|1766|1715|1976|1942|3086|574|1855
5322|0|785.2324|Unknown|551|559|264|226|1|426|1640|1005|163|1|1098|474|1993|2417|2402|5218|2101|2482
5323|0|785.4527|Unknown|14894|4274|10934|7393|12979|3210|3832|8006|7872|11786|7325|11250|6813|4804|7836|7124|9013|10117
5324|0|786.4636|Unknown|11057|3537|12931|9474|11888|4483|3413|8155|8002|8995|7612|8081|4747|3237|3654|4406|8197|6484
5325|0|786.527|Unknown|2537|1237|5433|4823|2136|2284|3185|5765|3398|5274|5085|4694|2506|3670|4673|5560|4902|3531
5326|0|786.6996|Unknown|395|523|375|261|371|572|871|936|561|963|1822|846|388|731|414|453|465|404
5327|0|787.2062|Unknown|1|786|950|866|710|1235|1|1380|1|377|312|715|1190|1683|2366|3407|1787|1776
5328|0|787.4748|Unknown|5064|1186|5189|4270|4798|2449|1856|2720|2246|3460|2401|2977|1968|1979|1151|2552|2227|2856
5329|0|787.4931|Unknown|2627|225|1974|2942|2227|1749|1012|1062|1184|1526|1453|1381|919|1258|674|1540|736|1280
5330|0|787.5306|Unknown|2172|631|3628|3037|1515|1942|995|2514|1392|2241|3070|2855|1366|2230|1694|3479|2654|2048
5331|0|787.6015|Unknown|1010|1|1275|1172|745|1120|516|261|1|1817|1050|563|145|1174|1|263|403|469
5332|0|788.3786|Unknown|788|1782|298|1052|140|1145|974|221|2262|633|1089|731|349|1|1405|1801|1357|1
5333|0|788.4492|Unknown|2888|1991|2246|2942|1834|2335|1405|1241|3343|1958|2415|2328|1471|1589|3517|2909|3170|1621
5334|0|788.4918|Unknown|4521|3235|5071|5220|4076|4669|2904|3819|5396|4372|4345|5101|3491|5744|6518|7611|6090|4070
5335|0|788.5029|Unknown|6536|3823|7231|6613|6104|6824|3318|5897|7119|6800|5975|6863|5702|7659|11812|12291|8224|5361
5336|0|788.5436|Unknown|207135|113654|257552|209437|217927|214455|86099|218954|218275|229711|191473|261568|232477|356352|419793|416995|250879|225839
5337|0|788.5985|Unknown|6599|3714|7701|5653|6535|7006|3196|5386|5672|6556|6562|6093|6243|18687|13280|12805|7116|6202
5338|0|788.6247|Unknown|1504|1482|1505|1747|1056|1841|1707|1545|2072|1540|2110|1406|1352|3458|2375|2799|2418|1000
5339|0|788.6545|Unknown|774|1207|1058|1130|635|1288|1225|543|1290|1337|1970|403|832|812|836|1336|1680|626
5340|0|788.6737|Unknown|855|1240|538|980|910|1203|1056|793|1264|1105|1612|366|697|1008|858|1354|1634|577
5341|0|788.6968|Unknown|747|1137|771|1080|883|993|848|559|1177|913|1791|478|686|626|943|1189|1573|50
5342|0|789.3808|Unknown|694|720|1|899|689|1494|1146|618|651|1773|2189|578|483|1109|908|1260|440|199
5343|0|789.4282|Unknown|545|913|346|970|746|1204|1416|1251|907|1791|2040|956|856|1682|1409|1161|811|473
5344|0|789.4528|Unknown|939|987|1057|1464|1403|1407|1484|1084|1167|2039|1840|1150|817|1879|1122|1513|1359|1140
5345|0|789.5095|Unknown|3434|1793|4174|4039|4552|3862|2073|2643|3743|4957|5330|4181|3588|5160|6575|5877|4383|3595
5346|0|789.5469|Unknown|98401|55568|118418|103018|100713|96785|39976|104005|106135|102922|90276|122031|109774|170917|190275|191953|119733|98412
5347|0|789.6056|Unknown|2048|793|2073|1987|2449|2757|1336|1618|2338|3182|3409|2341|2204|6909|4775|4491|2739|2499
5348|0|789.6262|Unknown|508|317|1441|1205|620|774|778|511|851|2404|2110|892|1022|1669|1754|1915|1038|834
5349|0|789.6669|Unknown|267|127|1274|747|211|652|502|1047|465|2114|2102|203|366|825|991|1403|590|473
5350|0|789.6801|Unknown|252|1|374|241|265|112|328|492|70|1099|1207|547|23|492|794|1001|597|363
5351|0|790.12|Unknown|390|646|3522|3031|588|2115|2679|3416|1|1176|579|3752|4238|2484|3599|3976|3460|3834
5352|0|790.3924|Unknown|257|556|221|362|276|896|275|506|455|1021|193|1323|120|856|7|491|1308|310
5353|0|790.4618|Unknown|1281|1032|3637|2664|1947|1545|1430|3040|2023|3131|2361|2815|1724|1997|2146|2316|2975|2103
5354|0|790.4746|Unknown|1556|1022|4061|2815|2090|2060|2104|3990|2863|3968|2985|3139|2071|2845|2466|4044|4294|2672
5355|0|790.5086|Unknown|6038|2349|10921|8749|5420|5467|3635|10241|6321|8344|7939|10156|5770|8809|11491|12136|11481|7447
5356|0|790.5593|Unknown|226536|69610|484757|398053|221436|189172|120640|447965|305164|383939|330907|496123|218880|282620|350528|360641|404211|365164
5357|0|790.6162|Unknown|5450|2233|13740|11065|5202|4564|2767|9242|7634|10499|9034|13455|4202|10773|7738|7691|8342|8899
5358|0|790.6413|Unknown|1307|614|2347|1835|1054|1113|1032|2164|1777|3036|2426|2757|1061|2397|2018|1703|2499|1748
5359|0|790.6715|Unknown|934|412|1185|967|322|785|656|710|817|2245|1134|1193|672|1529|1027|1215|1775|655
5360|0|790.69|Unknown|670|438|1433|1059|264|577|604|1256|611|2152|1103|1083|355|1146|707|536|1726|463
5361|0|790.7122|Unknown|187|214|974|433|268|283|418|685|494|1805|500|475|221|855|885|775|1500|177
5362|0|790.8207|Unknown|40|1|850|1|110|446|1|15|530|1480|353|931|321|112|275|770|568|104
5363|0|791.3955|Unknown|552|958|684|893|1043|274|322|634|1022|693|1612|1103|896|327|1023|689|1511|624
5364|0|791.4465|Unknown|1006|599|1651|1450|1440|991|631|2234|1349|1247|2334|1743|1183|884|1606|1613|1956|1597
5365|0|791.4778|Unknown|1396|1071|1735|1764|1768|1335|1070|1991|2179|1321|2068|2111|1387|1140|1768|2042|2787|1929
5366|0|791.5305|Unknown|5583|2294|11565|9911|6437|4101|3079|9006|7324|11035|9905|10925|5353|6253|10913|11933|8381|10026
5367|0|791.5629|Unknown|103919|29972|220435|179107|96230|79555|52772|208277|130187|174582|145396|227500|97259|118806|150755|164974|190947|160475
5368|0|791.6202|Unknown|3033|1016|4488|3541|2631|2056|1340|3955|3945|5608|3991|6251|2533|4630|3735|3190|3673|4476
5369|0|791.6695|Unknown|842|343|1973|1735|480|217|483|981|957|2680|1481|1342|619|692|1026|1364|381|879
5370|0|791.6879|Unknown|679|516|1557|1044|758|144|311|1268|960|1510|988|1355|470|389|449|652|200|899
5371|0|791.8332|Unknown|536|680|358|197|59|327|274|605|698|278|102|564|4|678|20|1|1|70
5372|0|792.3785|Unknown|1927|465|1099|649|879|1851|858|2304|601|760|500|1807|917|28|1298|1408|2069|2042
5373|0|792.4752|Unknown|3797|813|9629|7719|2406|1776|1416|6253|3413|4625|5546|5385|953|1488|2907|2455|5067|4071
5374|0|792.4996|Unknown|3735|772|5229|4352|2887|2154|1347|3802|3066|4031|3732|3350|1161|1696|2479|3034|4477|3233
5375|0|792.5353|Unknown|11189|2368|17232|16115|9739|6265|2934|12426|11612|12650|11351|15743|6133|9483|12959|14552|12335|11536
5376|0|792.5666|Unknown|32177|9498|63386|50717|30841|24587|17355|58178|42083|48038|46955|63613|29595|34687|42751|42238|54841|51139
5377|0|792.6223|Unknown|2486|595|2222|1240|1359|946|686|1888|1734|1852|2131|1757|904|1866|1538|872|2606|1112
5378|0|792.6488|Unknown|2336|401|572|872|1257|605|339|1001|716|1051|1851|529|822|298|523|560|1129|275
5379|0|792.8523|Unknown|1176|348|93|122|780|186|39|220|258|89|713|1|301|487|292|464|393|228
5380|0|793.1712|Unknown|1032|780|469|576|447|329|334|413|362|355|963|917|1071|1|323|1397|920|988
5381|0|793.4836|Unknown|2365|1893|8354|6867|2787|2593|1310|3615|2864|4862|4496|4594|2216|3810|5200|6748|4211|4489
5382|0|793.5351|Unknown|3828|2598|9097|6224|5425|3155|1705|7084|5305|6851|6401|7856|4898|6117|7724|9033|6399|6268
5383|0|793.5694|Unknown|7523|3737|14111|12438|7776|6288|4126|13906|9872|12325|11038|14284|8580|8823|11035|10530|15186|11176
5384|0|793.8659|Unknown|448|1007|1|61|488|38|326|1|1|219|1|115|746|1|104|73|1|11
5385|0|794.4899|Unknown|3290|135|5881|5532|1550|2112|967|3495|2246|3381|2833|3686|820|2238|3511|4066|3182|3042
5386|0|794.5437|Unknown|4843|391|5408|4146|3996|2438|1629|5265|3977|3078|3432|4761|2624|3206|4502|4564|3688|3878
5387|0|794.5696|Unknown|3641|25|4135|3321|2591|1788|1361|3768|2711|2921|3231|3709|1741|2682|2724|3212|3448|3227
5388|0|794.8769|Unknown|922|795|197|368|117|665|408|384|330|1|386|1236|477|1|128|237|894|932
5389|0|794.951|Unknown|2462|2965|5703|5571|3318|3241|2260|3298|3377|4512|5390|3668|2526|2272|3584|5026|4901|3439
5390|0|795.4431|Unknown|1524|1375|3627|4286|2056|1438|942|2715|2551|2371|2608|2286|1724|1625|1448|2079|1767|1867
5391|0|795.4963|Unknown|885|949|3773|2845|1294|951|605|1559|1636|1460|1659|2125|1457|1352|1817|2879|1713|1532
5392|0|795.5288|Unknown|1760|1006|2214|1746|1484|1132|592|1976|1048|1391|1309|2299|1351|1340|2077|2414|1693|1522
5393|0|795.5476|Unknown|2081|791|2532|2125|1828|1635|976|2878|1962|2147|1639|3051|1948|2201|2569|2908|2203|1871
5394|0|796.4524|Unknown|14735|6456|41844|32971|13710|13882|8604|35009|19983|30602|22714|42398|23284|29946|33709|33245|33351|30173
5395|0|796.5097|Unknown|14177|2887|21827|18368|14463|7086|5346|16825|18955|21297|22657|19818|8823|9241|12189|12826|21607|19262
5396|0|796.5298|Unknown|7738|1411|13087|10734|8522|3996|3290|7761|7677|10488|10253|9483|5694|7398|8756|8946|10591|8971
5397|0|796.5664|Unknown|43548|9779|156963|134561|47693|23523|14194|83504|69503|95087|89302|96057|40378|94699|112007|128986|82717|74976
5398|0|796.599|Unknown|8179|1471|23235|18805|8160|3129|2977|12528|9909|16634|11445|12452|6814|21705|19548|21430|12384|9180
5399|0|796.6257|Unknown|1468|471|3585|3017|1235|976|954|1967|2294|1981|2600|2448|1255|3642|2806|2952|2286|2628
5400|0|796.6504|Unknown|1292|441|1095|977|765|823|744|852|773|549|1516|952|789|1432|1413|1462|1199|1048
5401|0|796.6842|Unknown|464|579|620|552|649|921|923|662|437|322|1065|1010|822|1181|1202|989|946|639
5402|0|797.4556|Unknown|7787|2665|18188|14754|6515|5176|4302|16169|11100|13928|10790|20032|9740|13833|15872|15796|13214|13774
5403|0|797.5127|Unknown|7489|1339|11441|10533|6899|3893|2691|7869|9835|9685|10402|8396|4405|5776|6380|8789|11820|9132
5404|0|797.5694|Unknown|22198|6084|73292|64444|23524|11092|6810|36328|29326|43553|41455|44593|18098|43667|51787|59385|37959|33701
5405|0|798.0267|Unknown|4437|4913|4795|3616|4678|1936|797|2716|1483|2510|1156|2595|2509|1274|2124|2331|1974|1834
5406|0|798.4671|Unknown|10130|4624|36451|28685|10458|7248|4934|14936|11698|14453|11385|14950|9521|15429|14479|18553|13660|10963
5407|0|798.5243|Unknown|3906|1373|9982|7142|4866|3160|2142|4852|6350|6112|6493|5256|1811|3435|3816|4565|5450|4693
5408|0|798.5814|Unknown|21588|4764|156923|135984|22816|15279|13571|57602|42458|66387|64100|57148|21061|33297|40517|50922|53757|51876
5409|0|798.6468|Unknown|1025|578|1718|1378|756|716|872|739|1176|1114|1378|1023|266|543|687|1241|788|994
5410|0|798.7173|Unknown|1634|535|1067|942|1024|1078|594|791|921|1491|1091|993|766|1190|1190|1114|1045|880
5411|0|798.7966|Unknown|239|166|1|21|1|178|509|38|1|498|1|116|373|1|1|97|161|108
5412|0|798.9098|Unknown|472|365|354|225|61|1|582|49|63|100|99|1|325|1|1|1|1|210
5413|0|799.4705|Unknown|5029|2801|16854|12222|3993|5017|3051|4876|4926|7099|5254|5482|4656|6387|5279|7712|5565|5021
5414|0|799.5296|Unknown|2090|498|4825|3078|1457|1880|813|2423|2637|3579|3071|1615|1456|1068|1345|2437|2114|2125
5415|0|799.5849|Unknown|9734|1402|67978|58151|10317|7080|7434|27021|19035|33039|30008|22291|9871|13485|16507|22041|22894|22588
5416|0|799.7205|Unknown|929|1|801|803|231|1540|794|502|1223|1520|1285|481|471|953|1131|944|224|588
5417|0|800.4744|Unknown|9330|3605|10710|9227|8802|4621|2646|6225|6186|7746|7019|7671|4396|6168|6520|6883|5276|4589
5418|0|800.5435|Unknown|3419|2096|1662|2420|2943|1065|917|1600|2262|1526|2692|792|379|1479|2630|2155|1185|1152
5419|0|800.5883|Unknown|3474|1080|20637|16514|3064|2089|1802|7008|5442|7785|8813|7419|2913|3781|4794|5522|5874|6066
5420|0|801.2071|Unknown|862|743|597|292|681|1313|715|1786|113|380|993|2046|3420|6141|5282|6459|4062|2733
5421|0|801.4771|Unknown|4378|1738|4909|3642|4459|1179|2074|2832|3484|3497|3702|3255|2721|2714|2618|4288|4221|3022
5422|0|801.5912|Unknown|1180|146|4026|4079|1221|325|1817|1167|1509|2450|2177|2181|998|1724|1729|2161|3472|1446
5423|0|801.6913|Unknown|1024|542|1894|1987|830|437|1363|959|1548|3645|2145|1843|563|1931|1931|2984|2235|1622
5424|0|802.4875|Unknown|3542|2248|4993|5273|3513|1715|1686|4590|3590|5136|4827|3443|2483|2682|3478|3248|3492|3832
5425|0|802.5591|Unknown|7170|2879|6185|6466|5710|2414|1475|7776|6038|5929|5753|5849|4410|7185|7703|9904|5664|5117
5426|0|802.6961|Unknown|155|96|1075|1469|1|412|1|2405|683|1505|1662|324|499|1609|701|975|801|883
5427|0|803.1063|Unknown|245|461|626|697|210|1|368|1804|1|652|785|806|689|1015|1669|2110|1034|1
5428|0|803.1412|Unknown|1294|1118|2829|3257|1262|302|1478|2615|1481|2430|2483|1977|1735|2101|2152|2856|2266|939
5429|0|803.175|Unknown|1396|1472|3021|2445|2128|3397|1702|4136|490|1221|1370|3542|8197|10303|11784|15669|8413|5375
5430|0|803.4891|Unknown|1857|1514|3168|2374|2163|672|1685|2801|1575|2480|3018|2039|1672|1324|1700|2597|1978|1672
5431|0|803.5605|Unknown|4231|1939|4493|4057|3758|1506|1920|4383|3275|4991|4090|3903|2216|4903|5456|5439|3616|2679
5432|0|804.1793|Unknown|484|86|566|736|540|777|1531|1671|415|427|784|1055|2729|2753|4597|4446|2955|1817
5433|0|804.4994|Unknown|959|501|2486|1788|913|8|1476|1860|1697|1656|2407|2327|1358|1877|836|807|2584|1161
5434|0|804.5846|Unknown|4461|1546|11079|8222|5002|1970|2431|7820|5841|7581|6384|8631|4001|6971|6814|7764|7217|4785
5435|0|805.1779|Unknown|895|554|690|373|561|941|1110|867|105|283|333|502|1865|1486|2339|2769|2611|907
5436|0|805.3901|Unknown|2496|866|3584|3240|3213|2195|2479|4862|2776|3729|2734|6012|4288|1793|2060|2645|3629|3132
5437|0|805.4851|Unknown|16163|7765|25420|23009|14902|11651|5757|15167|10516|14631|11890|19380|12556|17883|21669|22956|17099|14722
5438|0|805.5795|Unknown|3006|1186|6446|4937|2536|2359|1039|4487|2360|4607|3591|5003|1961|3022|5683|4674|2739|3605
5439|0|805.9853|Unknown|7810|7457|12800|11420|9911|9840|9397|7495|9908|9877|9674|10796|8655|8859|8807|10601|11071|8822
5440|0|806.0939|Unknown|1148|1349|4138|3255|1378|2518|1903|5406|950|1644|1232|5889|6099|4536|5158|6127|8101|4048
5441|0|806.3906|Unknown|1161|722|1720|1718|1842|1295|1234|2311|810|1832|1330|2602|1872|679|531|1162|2745|1364
5442|0|806.4231|Unknown|9987|2957|4579|3752|11653|2311|1914|3600|4108|6301|4601|4216|2743|1932|2987|2568|4274|3383
5443|0|806.4285|Unknown|9977|3010|5688|4468|11449|2716|2101|4074|4539|6897|5093|4570|2794|2382|3095|2733|5129|4394
5444|0|806.4884|Unknown|8126|4230|13100|11626|7786|7643|3799|6743|6010|8244|5658|10535|7171|8688|9371|11512|9126|7521
5445|0|806.6064|Unknown|935|311|9101|7301|1303|1290|1219|3045|1945|3512|3061|3806|783|2556|2139|2771|3098|3085
5446|0|807.2923|Unknown|1021|364|492|382|194|164|391|874|500|1071|327|373|383|388|899|2746|1|100
5447|0|807.3255|Unknown|606|551|387|660|30|64|228|601|701|330|136|664|439|247|278|940|1|1
5448|0|807.3797|Unknown|1192|454|1408|1079|473|1145|119|898|1009|1506|941|1438|734|1085|704|836|560|911
5449|0|807.4018|Unknown|2027|748|2801|2100|1461|1757|684|2151|2019|2316|1202|2872|1689|1591|2411|1847|1298|1675
5450|0|807.4132|Unknown|3538|1046|3936|3131|2714|1934|1257|2905|2193|2940|1963|3104|2533|1970|4153|3024|3170|2812
5451|0|807.4405|Unknown|5630|2167|8470|6720|6040|3189|2246|4813|4979|6040|5432|5693|2960|4058|4261|4298|5076|4973
5452|0|807.5012|Unknown|131309|49756|402572|330843|128554|76633|43634|147081|95743|155997|125623|152096|96998|146288|183711|210655|183364|157140
5453|0|807.5647|Unknown|2595|1139|8444|6680|3193|2199|1545|3346|2099|3871|2781|3592|2386|5060|3748|4809|3421|2659
5454|0|807.5888|Unknown|1147|867|3452|2763|1070|1460|451|1387|1099|1729|1346|1943|823|1349|2288|2073|1297|1428
5455|0|807.6157|Unknown|1034|400|4868|3967|1007|1397|554|1217|1612|1744|1717|1376|205|1258|1442|1471|1480|1373
5456|0|807.6413|Unknown|829|380|1850|1405|296|873|125|202|655|1166|1352|384|1|632|458|922|1116|915
5457|0|807.6642|Unknown|449|166|1311|1177|544|861|159|33|505|1265|1007|263|157|489|318|947|893|769
5458|0|807.9051|Unknown|1|1|1|336|158|882|31|333|143|1|1|427|90|401|447|116|409|155
5459|0|808.118|Acetyl coenzyme A|6080|8324|13659|11781|6201|6239|5083|6573|4132|8788|6318|5903|5578|6343|5173|6247|4009|4097
5460|0|808.3286|Unknown|378|379|729|492|1|537|389|848|1|787|98|213|252|56|922|1449|1|295
5461|0|808.3802|Unknown|575|788|849|899|184|139|657|1604|225|1020|749|842|884|242|997|1180|301|470
5462|0|808.4172|Unknown|2457|876|2590|2134|2118|803|1701|2879|1163|2322|1915|2031|1630|1717|2484|2075|2199|2039
5463|0|808.4433|Unknown|8200|1973|7434|7231|7215|2422|2264|5455|5615|7928|7257|5144|3298|3230|3364|4813|5586|5827
5464|0|808.4612|Unknown|4860|1634|7078|7526|4023|1862|1867|4730|3616|5862|4225|3545|1977|3161|2830|3969|4597|3780
5465|0|808.5047|Unknown|62999|23918|186872|151350|52366|35633|20741|70473|46322|71273|57189|69142|46092|69045|86616|98044|83661|73977
5466|0|808.5342|Unknown|11359|5187|39360|31239|14278|6254|6103|15450|9393|12309|10424|13648|10861|23114|14201|23304|16162|12987
5467|0|808.5671|Unknown|2237|1717|3464|2846|1897|723|1264|2314|1532|2275|1898|1658|1152|2375|1939|2817|2218|2319
5468|0|808.5927|Unknown|1768|814|1696|1377|675|28|850|1555|548|1234|1055|883|517|824|1004|1762|510|894
5469|0|808.6043|Unknown|1030|994|1881|1362|757|148|753|1374|486|1297|1142|755|179|759|770|1192|427|880
5470|0|808.6237|Unknown|1895|1015|1890|999|1193|1|633|1505|896|826|923|618|201|831|757|977|440|778
5471|0|809.1206|Unknown|2959|2976|5070|3082|2143|1659|2044|1017|1582|3569|2188|2633|1762|1954|2750|2324|1884|1599
5472|0|809.1508|Unknown|1499|1762|3715|2820|906|1540|1459|606|856|2414|1665|1774|1965|1592|2277|2797|1581|1347
5473|0|809.2565|Unknown|826|1298|1186|1019|960|1172|1230|1|388|2166|1481|1142|1213|194|875|883|861|1707
5474|0|809.2898|Unknown|947|978|392|741|899|1231|770|1|298|765|491|1021|405|1|1530|1629|654|1016
5475|0|809.4182|Unknown|1493|640|2090|1864|1541|1255|993|1592|1123|2287|890|1434|1452|1113|1832|2618|2172|1900
5476|0|809.444|Unknown|3958|708|4406|3554|2386|1052|1114|2112|2682|4303|3461|3241|2153|1595|2535|2377|3218|3385
5477|0|809.4665|Unknown|2329|889|3903|2894|1406|1011|575|1535|1691|2934|2279|2196|1563|1668|1326|1895|2144|2558
5478|0|809.51|Unknown|24549|10512|66059|55671|24175|12518|9585|25446|18555|25033|20794|26252|18225|21288|26207|34386|32847|30976
5479|0|809.5351|Unknown|7742|3396|22596|17775|8737|4550|3410|8510|6947|7523|5402|8628|5486|13078|7808|9808|13095|11043
5480|0|809.5745|Unknown|743|361|2248|1876|738|772|383|785|534|1241|765|972|473|1278|1452|1444|1545|1809
5481|0|809.5991|Unknown|265|117|1232|1185|454|580|226|60|290|1140|383|597|231|206|939|1055|569|1411
5482|0|809.9388|Unknown|1|126|18|125|1|380|731|324|133|116|88|151|115|1|865|319|220|1179
5483|0|810.4622|Unknown|2180|963|3037|3276|2460|1431|1494|2463|2704|3799|2995|3223|1065|1562|1687|2207|2037|3373
5484|0|810.5188|Unknown|13089|4466|27894|22241|12545|8457|4376|12896|10880|12311|12134|14583|9423|14347|16651|18031|15170|14469
5485|0|810.9497|Unknown|418|126|224|258|17|778|408|645|770|1|1|146|7|483|1|1|1|1
5486|0|811.1198|Unknown|1090|517|881|616|864|965|778|690|1227|745|607|684|384|1003|839|571|214|1
5487|0|811.524|Unknown|6216|1978|9635|8170|3970|3932|2904|5486|5526|5417|4660|4517|3466|5397|5937|8086|5658|5183
5488|0|811.9638|Unknown|355|66|257|156|747|511|315|1|54|573|57|40|288|59|301|469|156|1570
5489|0|812.2674|Unknown|65|1083|413|473|617|1|593|850|1272|172|459|101|405|537|901|1369|327|1646
5490|0|812.4817|Unknown|29894|6238|29511|21394|29165|7001|5911|27218|21096|25896|20192|30572|12818|12864|15176|16031|27417|25837
5491|0|812.5371|Unknown|6556|2719|17784|18173|5981|3914|4000|11591|10076|11342|12153|11426|5943|8473|10070|12242|11029|9426
5492|0|813.1157|Unknown|736|637|597|763|341|535|630|453|1130|166|223|657|139|183|790|1140|1129|354
5493|0|813.4851|Unknown|12804|3628|13080|10128|13771|3521|3495|13020|9939|12466|9058|14214|4977|5347|6706|9509|13252|9877
5494|0|813.5407|Unknown|4065|1847|8939|7754|2473|1997|2633|6015|5129|6080|5238|5074|2649|3284|3928|4093|5083|5387
5495|0|814.4931|Unknown|10425|2700|11124|9709|10506|2190|3033|7799|6996|6562|7118|9508|3709|4416|5003|4846|7760|6593
5496|0|814.5429|Unknown|1561|1136|3261|2310|2000|833|1310|2174|2381|2806|3108|2613|1171|1965|2201|2198|2129|2417
5497|0|815.3974|Unknown|843|918|2103|1569|1328|3790|1524|4241|860|2222|1209|4530|4183|5111|10632|11606|7601|4388
5498|0|815.4569|Unknown|966|1415|1106|1473|1262|1296|685|1379|708|1103|1315|1126|627|469|889|1477|1533|322
5499|0|815.4973|Unknown|3708|1953|5142|3286|4714|1372|1141|3304|2539|2891|2559|3206|2112|1276|2180|2863|2723|2072
5500|0|815.5377|Unknown|693|959|1685|1479|936|1050|888|1096|200|1473|502|609|685|125|1064|750|1195|241
5501|0|815.7077|Unknown|572|808|817|782|289|1192|1065|712|1|1718|946|1|605|1381|1651|1699|777|191
5502|0|816.3555|Unknown|530|1096|118|542|297|1|1995|204|982|984|81|831|250|786|1141|816|953|322
5503|0|816.3971|Unknown|995|1046|1406|1223|852|1250|2453|1746|1525|1696|413|2620|1123|3065|6687|7183|4541|3060
5504|0|816.4692|Unknown|1763|1004|2323|2565|1805|629|2311|1705|2552|2800|2117|3498|1840|1794|2895|2347|3204|2159
5505|0|816.4823|Unknown|2678|893|2856|3014|2842|958|2424|2595|3007|3090|1832|3941|1740|2423|3898|3138|3634|2896
5506|0|816.5167|Unknown|3822|1724|5060|4755|4716|2578|2858|5597|5609|4907|3672|5844|3378|6444|6993|7281|7127|5820
5507|0|816.5741|Unknown|214362|64554|283364|237466|207097|140763|61414|270469|244267|243728|213596|328819|185998|329979|371172|386006|314307|272346
5508|0|816.6374|Unknown|3951|1405|4683|4105|4773|3865|2796|4272|4300|5058|4632|4933|3553|11304|7211|7121|6122|6262
5509|0|816.6637|Unknown|865|553|1687|1385|1404|2004|2055|1360|2205|1523|1193|1716|1075|3070|1992|1858|3133|1919
5510|0|816.6984|Unknown|859|191|1015|843|1347|2211|1819|633|1834|1681|897|1555|875|2131|1676|1491|2690|1279
5511|0|816.7441|Unknown|927|211|768|1002|778|2020|1707|450|1208|996|931|601|493|1403|848|765|2388|1391
5512|0|816.983|Unknown|1024|1|379|566|497|2294|411|760|742|916|1048|1064|537|1141|1137|987|2071|714
5513|0|817.3992|Unknown|767|86|905|88|976|2770|35|978|389|741|564|1637|834|1929|2352|3471|2550|1422
5514|0|817.4706|Unknown|2188|472|2050|1014|1961|2164|341|1978|1488|2943|2073|1785|775|1902|1668|1764|2854|1437
5515|0|817.4864|Unknown|1921|304|1962|1047|2024|2232|450|1499|1390|2274|1289|2028|776|1771|1927|1729|2141|1564
5516|0|817.5189|Unknown|2784|666|2853|2488|2876|2491|620|2307|2309|2826|2725|3199|2024|2531|3615|2910|3417|2924
5517|0|817.5496|Unknown|7338|1702|6387|6331|6522|5000|1683|6434|6573|7025|6697|8566|6065|8399|12038|10050|9328|9181
5518|0|817.578|Unknown|102153|29763|141918|114275|109677|70375|30804|132461|115344|126412|102993|158460|91234|160433|192407|191523|149935|128218
5519|0|817.6396|Unknown|2017|450|3309|2533|3055|2439|311|2840|1915|2646|1939|2695|1284|7623|3225|3652|3219|2363
5520|0|817.668|Unknown|1219|343|906|1186|1196|1356|10|751|242|1696|836|986|221|1360|1199|1366|1384|810
5521|0|817.7064|Unknown|670|565|997|737|548|989|119|665|1|1478|732|497|249|437|847|442|799|387
5522|0|817.7225|Unknown|429|550|1271|1533|846|1017|360|1024|46|1851|1337|659|99|644|650|590|896|161
5523|0|817.7463|Unknown|270|707|384|929|555|675|220|535|164|651|496|197|1|430|557|157|553|147
5524|0|818.2612|Unknown|22|433|1|1|1|30|599|611|570|124|1516|403|24|797|150|114|558|1
5525|0|818.4049|Unknown|15|880|380|240|449|724|720|1075|1881|625|1352|913|294|684|544|1113|727|434
5526|0|818.4637|Unknown|474|1498|2015|2119|1776|1290|1297|2202|3017|1427|2486|1766|530|1488|1253|869|1487|1432
5527|0|818.4971|Unknown|1211|1251|3938|3006|2158|2065|1695|2601|3761|3062|4292|3209|1060|1279|2214|1686|2812|2818
5528|0|818.5519|Unknown|7188|3072|19605|14284|8899|5881|4132|13851|11355|11542|11117|13203|7331|10842|13173|13819|12306|10555
5529|0|818.5895|Unknown|101524|27467|288800|234884|100336|92250|56513|183539|148162|170302|151406|184046|101407|128564|140501|161304|203397|173951
5530|0|818.6501|Unknown|1243|627|6750|5203|2522|2717|1991|4125|4776|3764|4688|3719|1488|5485|2915|2493|4570|3786
5531|0|818.6798|Unknown|101|434|1718|1144|927|1771|1243|988|2035|945|2325|743|752|734|931|740|724|1292
5532|0|818.6938|Unknown|187|280|1452|1732|1077|1555|1247|823|1918|1466|2408|738|879|585|723|1101|847|1052
5533|0|818.7334|Unknown|18|20|1505|1481|796|1372|983|775|1842|1459|2616|436|454|504|280|541|632|813
5534|0|818.7634|Unknown|1|1|773|859|858|1297|871|670|1964|682|1782|159|215|254|5|275|847|891
5535|0|818.8218|Unknown|122|33|265|23|650|1354|585|287|1357|354|1334|162|278|434|385|91|424|989
5536|0|819.0867|Unknown|488|422|620|553|1213|968|606|904|1601|219|1248|528|783|1109|616|1130|245|1154
5537|0|819.115|Unknown|855|1396|3759|2890|1850|1794|1281|2791|1630|1852|2068|2050|2710|3525|3141|3576|2116|2301
5538|0|819.1489|Unknown|1207|1993|4200|3054|1906|4229|2627|4023|1228|593|1713|5736|12787|16217|19556|19823|9185|7905
5539|0|819.4107|Unknown|1135|702|376|384|1278|1|986|925|1118|266|1154|443|1|744|67|1337|168|243
5540|0|819.5009|Unknown|2215|747|2833|2377|1128|494|754|1968|1566|2220|1510|2317|1065|2119|1837|2443|1271|1702
5541|0|819.5202|Unknown|1883|845|3406|3274|2241|462|1369|2752|1735|2652|2371|2812|1345|1922|1536|2740|2221|1970
5542|0|819.5543|Unknown|3920|1646|8610|7424|4716|1859|1698|7221|4926|6669|5876|7270|3509|6841|7332|7721|6528|5274
5543|0|819.5939|Unknown|43729|10130|129428|104116|43488|40385|29293|79289|66809|83093|68880|82334|45373|53608|57465|66645|88752|79690
5544|0|819.6578|Unknown|1180|280|2211|1352|937|451|511|1157|924|1953|1758|1646|736|2336|895|1794|1402|1684
5545|0|819.682|Unknown|926|1|1661|1040|101|1|228|675|90|1397|1213|502|286|917|444|897|973|1005
5546|0|819.708|Unknown|1285|1|1501|1694|393|211|242|958|61|2163|1491|454|174|782|331|1026|869|1009
5547|0|820.0981|Unknown|1|369|1|1|879|1561|345|1|695|132|346|168|313|72|770|1|248|575
5548|0|820.1522|Unknown|1|653|453|615|1885|2443|661|1916|968|980|581|1527|4072|4553|6217|5818|3005|2504
5549|0|820.5671|Unknown|4171|1238|11356|8523|4641|3180|2419|5434|5611|7162|5379|5623|3408|4315|5676|5607|6966|5805
5550|0|820.5967|Unknown|14658|3465|38407|32266|14083|13098|8757|25617|18700|24671|19639|25755|13139|14957|16362|21134|28055|24130
5551|0|820.6696|Unknown|1052|243|838|1113|1444|1517|724|1156|1248|2096|551|730|559|1056|610|401|1370|1036
5552|0|821.1159|Unknown|217|454|971|563|332|1097|344|1316|824|728|370|758|366|651|825|921|598|490
5553|0|821.1502|Unknown|375|418|969|1072|814|1569|565|2194|680|463|264|1195|1551|4016|4141|4764|2059|1747
5554|0|821.5167|Unknown|2281|1571|8446|7422|2587|3362|1216|3724|3269|3580|4230|2925|1611|4418|5476|6114|3118|2067
5555|0|821.5668|Unknown|3141|1405|8549|6440|3818|2836|2208|5657|4366|4827|4922|5708|2639|4641|5093|5284|4271|3286
5556|0|821.5995|Unknown|4312|1591|11547|7846|3566|3990|2581|6634|5789|6356|5435|5870|3289|4826|4536|4932|7019|5899
5557|0|822.1284|Unknown|257|245|961|1293|1|1|1183|1597|870|1596|758|1002|200|1496|856|1155|861|768
5558|0|822.3996|Unknown|6575|2291|3391|4058|7451|59|887|4812|2880|3878|3315|4911|3094|2009|2810|2108|2743|4067
5559|0|822.4662|Unknown|1855|810|3054|3058|2636|606|976|4165|3178|4262|4274|2941|2328|2747|2812|3313|2773|2973
5560|0|822.5216|Unknown|1484|832|3979|3479|1394|1203|1206|2799|1935|2472|2757|2053|1480|3019|3566|3162|1786|3028
5561|0|822.5699|Unknown|1636|902|3338|2919|1855|943|1613|3788|2796|2780|2658|3148|2524|2880|3046|2928|2032|2719
5562|0|823.14|Unknown|515|677|1293|773|277|1303|875|796|940|840|283|337|285|1526|894|1150|447|375
5563|0|823.1862|Unknown|41|666|916|494|1|1528|768|751|912|1150|1|429|490|2662|2409|3123|1493|1535
5564|0|823.3984|Unknown|6750|3159|4267|3129|6107|2133|2553|4561|2556|3937|3128|5100|2113|2448|2285|2023|4847|3133
5565|0|823.4707|Unknown|2298|1603|2647|3295|2034|1213|1242|1650|3177|2443|2092|1904|528|1845|2156|2329|2895|1046
5566|0|824.4098|Unknown|4496|2798|6263|4734|5076|1054|1245|3620|3976|3838|2958|4067|1877|1370|2961|2213|3697|3017
5567|0|824.4813|Unknown|1647|1938|3414|3852|1878|352|411|1173|2605|2669|2136|1421|553|1151|2465|1886|2170|1337
5568|0|824.5428|Unknown|2457|2132|2962|2463|1849|683|950|2653|2957|2979|3274|2219|1034|1890|2524|2493|2499|3106
5569|0|824.5966|Unknown|3962|2124|15308|13551|4948|1219|2260|7997|7674|9422|11771|9473|2220|8454|11052|12430|7799|6938
5570|0|824.6581|Unknown|980|912|953|938|1117|80|617|1132|1615|2535|3042|986|228|1067|1148|1827|1148|622
5571|0|825.5125|Unknown|4539|1707|3358|2084|3582|942|875|1330|1993|3173|2749|1549|941|1046|1724|1862|1942|2292
5572|0|825.6006|Unknown|2138|1169|6249|6306|2135|552|1508|4747|3388|6498|5937|4625|1274|4186|5940|5663|4085|5001
5573|0|826.4312|Unknown|2163|1869|2752|2198|2225|929|1219|3230|2213|1984|2541|1723|1467|966|1288|1227|1872|1935
5574|0|826.4918|Unknown|46425|23051|23233|16978|46341|11181|6887|18954|17665|19535|15826|16914|16963|23537|27823|25809|14563|14313
5575|0|826.5548|Unknown|1924|2388|3005|1937|2013|729|1224|3084|2406|2455|2121|1435|1511|2506|1515|1825|1307|1666
5576|0|826.613|Unknown|3350|1456|18089|13347|2990|2248|2263|7735|5313|7480|6819|5849|2226|4330|4302|4948|6679|4440
5577|0|827.2659|Unknown|1947|3932|1910|1929|1324|2222|1190|1717|1298|4447|3339|1625|2399|1779|2250|3131|2296|1312
5578|0|827.3971|Unknown|5493|1174|1091|519|4807|45334|9509|1997|625|1303|754|1871|1610|1236|125747|118692|2225|2332
5579|0|827.4952|Unknown|22846|9610|9784|8306|22345|6496|3111|9143|10704|11335|9482|9450|8447|9899|12743|11857|8287|9056
5580|0|827.5912|Unknown|462|433|920|1089|650|353|1054|606|762|1200|941|870|332|275|699|723|938|1168
5581|0|827.6152|Unknown|874|392|7269|7325|1692|888|1070|2855|2152|4440|3236|2054|519|1798|2060|2438|3281|2907
5582|0|828.2704|Unknown|950|1513|1406|337|128|1067|532|772|1342|1643|1254|661|1635|539|817|979|997|454
5583|0|828.4006|Unknown|4467|1026|1494|711|2926|21246|4470|820|1904|1003|1787|1699|1359|1357|55405|56624|1159|2129
5584|0|828.4241|Unknown|6760|1677|3340|2192|4714|7865|2763|2622|3507|3209|2891|2329|2018|1837|17832|16553|2526|2868
5585|0|828.4326|Unknown|8714|2589|3826|2713|6638|5731|2535|2917|4267|4622|3216|3911|2924|2262|10518|9154|2757|4035
5586|0|828.5087|Unknown|52489|17549|50844|42767|54750|16938|12584|40780|33509|45922|36796|40053|22158|30569|38005|38921|30155|30407
5587|0|828.5726|Unknown|4293|1387|3671|3032|3488|1009|985|1962|3564|2399|2156|1874|725|2582|2285|1849|1944|2136
5588|0|829.0879|Unknown|525|871|495|673|389|541|792|708|1522|561|104|803|278|778|370|1006|673|1417
5589|0|829.2723|Unknown|416|1083|519|898|311|1194|723|690|801|827|532|466|453|437|1|395|200|1366
5590|0|829.4034|Unknown|2378|1235|1307|856|1508|7327|1323|997|1061|2057|1291|1223|1141|925|16445|15823|597|1852
5591|0|829.4366|Unknown|3354|1938|2549|1326|2921|2639|1064|2202|2158|1903|2067|2165|1229|1565|3052|4391|2114|2700
5592|0|829.5125|Unknown|24659|6741|23597|21483|25396|8076|5882|17926|16320|20506|18710|19562|9274|13806|16147|17952|15243|15396
5593|0|829.5758|Unknown|2484|802|1785|1997|2217|494|648|1407|1648|1375|2025|1155|953|534|933|1589|1202|1515
5594|0|829.7231|Unknown|1149|703|2434|2167|792|464|584|2709|1456|3633|3268|3287|1453|5125|3727|3417|2326|1858
5595|0|829.9994|Unknown|1|81|1|309|55|45|467|115|145|1|279|155|293|1|281|10|1|162
5596|0|830.0995|Unknown|1545|2605|3492|4265|1339|1822|2014|2009|986|2952|2181|1931|1450|1001|1385|1871|886|783
5597|0|830.4065|Unknown|1174|186|1161|940|743|2259|1031|807|1011|1557|1121|1207|669|210|5017|4245|1161|1157
5598|0|830.4489|Unknown|6955|2204|6098|3738|6409|1705|1089|2373|2918|4670|2643|2823|2068|1520|2771|2048|3166|2343
5599|0|830.5173|Unknown|18563|4919|37877|32939|16723|10817|7365|26120|22159|26627|28427|29522|11802|14747|21535|22653|20585|21041
5600|0|830.588|Unknown|2882|1328|4549|4216|2798|937|420|2111|2824|3224|2574|2526|1488|2862|2487|3188|3182|2204
5601|0|830.726|Unknown|1003|514|2211|1251|421|817|186|1206|764|2355|1236|2519|796|2981|1915|2388|949|1465
5602|0|831.0086|Unknown|283|825|599|280|177|192|282|571|694|181|495|324|514|563|667|303|811|55
5603|0|831.1166|Unknown|682|1612|1392|1382|325|447|465|1002|648|1345|1171|750|1067|979|1055|1310|994|316
5604|0|831.3915|Unknown|218|945|918|1024|1077|1833|697|1597|660|993|568|1065|1583|2852|3669|4564|3707|3226
5605|0|831.4527|Unknown|2966|1432|2252|2148|2633|1389|1216|2236|1533|2211|2110|1428|864|539|858|1777|1795|1956
5606|0|831.521|Unknown|5649|1883|16513|17769|7511|5474|4411|12163|8274|13304|13414|13671|5860|7610|9064|10795|11458|9056
5607|0|831.5888|Unknown|1966|417|2790|3221|2336|1132|1005|2451|1839|2791|2704|2637|1596|2917|1940|3743|1845|1992
5608|0|832.4346|Unknown|2545|1207|3734|2426|2589|1174|995|1619|2153|2467|2412|2779|1699|1333|1714|2625|2370|2669
5609|0|832.5018|Unknown|2540|1188|4712|4631|2735|1887|1584|2899|3307|3094|2279|3366|1992|2965|2496|4076|3451|2519
5610|0|832.5449|Unknown|3803|1591|11607|12058|4862|3213|3936|8860|9051|10846|10859|10591|4654|4711|6598|7211|8241|6304
5611|0|833.4226|Unknown|3031|1343|4688|4715|2372|2964|2197|3842|3311|3821|2465|4071|4099|2496|2335|3711|4473|3533
5612|0|833.5164|Unknown|16485|5668|39064|32593|17756|9913|5489|21862|15019|18698|17485|23746|10501|26331|30560|34338|19349|18641
5613|0|833.5458|Unknown|6117|2267|12817|11593|6241|4234|2576|7164|7298|9803|9065|9333|3362|12125|9586|11650|7561|7724
5614|0|834.3429|Unknown|473|449|512|783|297|752|462|1059|800|592|527|364|691|86|527|391|350|446
5615|0|834.4586|Unknown|12603|2611|6649|6769|10249|2986|2139|6471|6384|9676|7381|6373|3229|3283|3751|5292|4941|6262
5616|0|834.5197|Unknown|9363|3918|20096|17475|10156|6322|4450|12659|8872|13803|9412|13212|6285|15738|16477|18175|11595|9386
5617|0|834.5831|Unknown|1872|913|2245|2091|1419|1435|1186|2650|1300|2243|1657|1797|1531|2009|2641|2170|2564|1727
5618|0|834.6427|Unknown|1260|830|1154|1173|1064|725|1320|1657|1501|2295|1606|813|484|1852|1061|1711|1319|678
5619|0|835.3027|Unknown|1|391|1|109|435|1|287|654|390|744|525|1|383|1071|482|622|104|777
5620|0|835.3377|Unknown|1|395|408|343|824|76|537|958|586|495|617|1|590|1683|723|715|109|624
5621|0|835.398|Unknown|500|605|941|1722|1255|290|1183|1165|919|1351|968|1061|520|1731|560|1345|1154|1468
5622|0|835.4112|Unknown|599|786|2083|2585|1703|514|1571|1648|1556|1576|1462|1317|1161|2117|1481|2231|1596|1694
5623|0|835.4352|Unknown|1838|1114|3157|3439|2594|1332|1444|2076|2547|2138|2308|1539|1797|2524|2579|3131|2312|2787
5624|0|835.4717|Unknown|6081|2468|12683|10586|7487|3259|2651|6233|6246|8183|6716|5506|3020|6464|5199|6610|6083|6931
5625|0|835.5325|Unknown|165201|56390|638568|538329|158271|96866|49047|138858|142554|178833|145265|136463|111373|215136|231119|306067|204176|178206
5626|0|835.6|Unknown|2802|988|10671|8274|3044|1874|1268|3241|3214|3814|2947|2859|2006|7598|3331|4328|3521|3548
5627|0|835.6286|Unknown|1097|544|2343|2192|1485|767|768|1427|1374|1854|1670|797|1076|2068|1574|2303|746|1326
5628|0|835.6617|Unknown|955|625|2130|1817|1644|791|572|908|1542|1382|1437|863|1000|1263|906|1383|948|1516
5629|0|835.6852|Unknown|253|563|889|699|1111|386|453|671|1160|1215|1529|200|732|891|260|590|508|1213
5630|0|835.7101|Unknown|207|411|1421|1262|936|505|436|471|729|1062|1734|348|672|1043|201|819|489|1048
5631|0|835.9818|Unknown|952|996|2217|1284|2143|748|393|474|848|569|208|640|1323|706|250|665|830|363
5632|0|836.17|Unknown|196|254|478|695|1|713|270|1261|1|1|599|574|699|1180|915|1068|443|404
5633|0|836.2106|Unknown|1874|2381|3134|2956|1370|1424|922|1816|549|1580|1886|1939|1327|3655|3628|3571|795|163
5634|0|836.3415|Unknown|290|1188|226|985|4|140|468|636|128|371|861|732|248|351|854|1343|547|31
5635|0|836.4023|Unknown|641|1454|1668|1554|185|1|595|1238|1279|844|1041|1267|373|595|800|796|967|1076
5636|0|836.4129|Unknown|847|1683|1955|1534|600|80|723|1352|1679|1287|1107|1489|416|1227|1129|929|1718|1149
5637|0|836.4234|Unknown|1076|1859|1860|2487|957|395|642|1453|1830|1296|1374|2073|592|1191|1289|1692|1610|1398
5638|0|836.4386|Unknown|1852|2189|2532|3982|1117|618|800|1968|2092|1528|1904|1795|1280|1366|1387|1521|1912|1976
5639|0|836.4727|Unknown|7661|3008|12835|8769|6263|2202|2576|6403|7649|8266|10221|6674|3509|4323|4831|6029|8345|7145
5640|0|836.4922|Unknown|4913|2853|11036|9681|4114|2066|1764|3727|5358|5230|6106|5214|2554|4552|3768|5379|5441|5011
5641|0|836.5355|Unknown|81416|28798|302208|254033|75706|46477|23339|65838|68679|89314|74809|67965|52527|98003|108010|138779|96857|87036
5642|0|836.6039|Unknown|1498|2353|4323|3067|1646|394|918|1365|1975|1819|2249|1602|1559|3035|2362|2802|2265|2403
5643|0|836.6322|Unknown|730|1852|1616|1507|802|193|654|257|1081|793|1131|417|952|850|1290|936|948|1055
5644|0|836.662|Unknown|1028|1633|1409|1328|1004|608|990|842|961|741|1684|579|511|378|1036|859|1058|1117
5645|0|836.6752|Unknown|738|1505|964|1153|1279|549|887|991|724|816|1149|659|369|172|995|695|808|1048
5646|0|836.7161|Unknown|194|1410|520|701|1066|287|484|337|705|588|527|141|411|390|379|206|401|684
5647|0|836.7369|Unknown|157|1462|856|940|499|90|354|101|672|1034|268|26|408|95|183|336|295|818
5648|0|837.4382|Unknown|1503|898|2544|3216|751|1241|830|1210|608|1238|1221|878|1354|2191|1349|1463|1388|1331
5649|0|837.4741|Unknown|3686|1596|6085|5599|3248|2021|1611|2829|2817|5662|3842|3594|2261|2598|2316|2982|3419|3213
5650|0|837.5391|Unknown|25054|9240|88625|73308|24778|15100|8588|20716|20775|28681|23308|19948|16170|30206|32486|45015|29576|25605
5651|0|837.6077|Unknown|603|702|2461|3291|904|575|1173|971|967|1357|825|560|946|1567|928|1709|675|1086
5652|0|837.6362|Unknown|672|437|1226|2110|896|297|787|656|444|928|794|593|547|595|342|1262|419|579
5653|0|837.6683|Unknown|1190|338|1033|1921|439|31|894|273|554|1055|739|514|893|511|357|788|650|330
5654|0|838.2014|Unknown|487|149|446|22|1|608|957|695|626|715|532|1|1|421|729|912|235|581
5655|0|838.4402|Unknown|1388|358|4321|1799|1574|1303|1054|2007|1523|2425|2693|1794|1644|1707|1978|1542|2313|1958
5656|0|838.483|Unknown|1783|787|2846|2558|1692|1187|1211|1975|1910|2603|2903|2170|1370|1897|1792|2349|2661|2114
5657|0|838.5463|Unknown|9047|2733|26174|19747|10390|5124|3254|9474|9796|13052|11560|10280|6894|12672|13908|17144|14926|11308
5658|0|838.6767|Unknown|1|635|8|73|607|857|1|676|710|543|970|761|283|326|239|441|471|513
5659|0|839.2139|Unknown|200|1|346|744|328|1|360|1|1|648|394|451|186|811|1|1157|270|374
5660|0|839.5536|Unknown|3606|1320|7864|7902|3166|1110|1926|4329|5009|5708|6022|4196|2997|4657|6025|6757|4950|3803
5661|0|839.7064|Unknown|456|723|1290|1491|427|558|381|1379|821|1097|1350|1209|67|1564|626|1312|702|108
5662|0|840.0078|Unknown|3826|3842|5056|4085|3385|3320|3182|3487|3071|2746|4151|4116|2832|3433|2953|4100|4139|3266
5663|0|840.2233|Unknown|272|551|345|643|51|668|663|1144|447|50|181|148|695|837|1222|1231|988|538
5664|0|840.5126|Unknown|4963|1207|4854|3646|4655|2072|1957|5462|2962|4199|2926|6077|2689|2905|3722|3973|4501|4626
5665|0|840.5683|Unknown|3635|797|11236|10257|3261|3017|3550|6218|5475|7023|5880|5755|2956|4581|4090|6648|5444|5401
5666|0|841.1341|Unknown|930|567|497|546|111|1063|1470|847|234|1|110|1111|1705|1607|2186|2037|1131|759
5667|0|841.2229|Unknown|693|398|403|128|273|1008|1117|1205|204|1|26|1398|1761|2847|2453|3005|624|1372
5668|0|841.5115|Unknown|3183|1567|3848|3889|2520|1494|1770|3367|2681|2628|1730|3763|1741|2329|2677|3382|3193|2190
5669|0|841.5712|Unknown|2186|755|5428|5693|1854|1069|1470|3027|3007|3729|2936|2835|1546|3304|3021|3138|2927|3033
5670|0|842.5172|Unknown|3916|1503|3878|3077|3644|2027|2601|3399|3357|3422|3317|2395|1898|2546|2358|2506|2613|3049
5671|0|842.5773|Unknown|2067|496|2686|2461|1409|1063|1947|1592|1879|2182|2369|2081|1376|2024|1469|614|1321|1688
5672|0|843.489|Unknown|2203|533|4103|2850|1786|2912|1810|3338|2207|3530|2980|5072|2212|3301|2967|2939|4220|3359
5673|0|843.7033|Unknown|985|378|1287|1015|507|1248|981|681|6|1917|937|1308|421|307|1487|1|606|1
5674|0|844.4909|Unknown|1873|246|3206|1829|1852|1069|1730|2588|2377|3285|2439|2597|1886|2054|1550|2167|2106|2410
5675|0|844.5313|Unknown|2451|521|2761|2351|3012|1785|1623|3913|2877|3614|3060|2741|1744|2551|2470|2285|2321|2243
5676|0|844.6057|Unknown|13780|2674|26211|20542|14326|6745|4627|22986|19356|21744|18586|28074|10730|25186|31681|33619|24253|22265
5677|0|844.6871|Unknown|86|1|761|510|1032|870|189|1510|1391|1637|877|68|447|1198|1043|638|513|388
5678|0|844.9475|Unknown|2576|2841|7511|4750|3664|3637|2488|3387|3286|3483|5144|5370|2362|2304|2900|4044|4597|4786
5679|0|845.1645|Unknown|377|487|628|434|832|855|851|526|478|797|417|1340|1609|1311|2965|1827|1395|1567
5680|0|845.4997|Unknown|1441|1163|2705|2729|1643|1251|39|2380|1223|2797|1055|2313|1185|1188|2089|2079|1671|2182
5681|0|845.6075|Unknown|8807|2582|13394|11026|8740|5086|3733|16296|12007|13348|11710|14409|7857|18548|21870|23040|13787|15344
5682|0|845.7165|Unknown|162|364|2165|2313|654|559|279|915|1012|2717|1719|1646|1132|2390|1535|2162|980|1009
5683|0|846.0738|Unknown|902|1698|3668|1803|511|1391|647|2271|392|1692|1150|2070|2096|2754|2895|3358|982|1487
5684|0|846.505|Unknown|1751|1224|5081|5245|2332|2510|1692|3608|3094|3333|2431|3321|2814|3565|3791|4638|2996|2986
5685|0|846.6202|Unknown|10487|2110|27819|24190|9821|7146|6119|14342|13243|14303|13119|16793|6812|13486|14221|17207|16506|17564
5686|0|846.7206|Unknown|367|36|1688|1601|695|1015|196|1385|1092|673|639|1100|795|1293|852|1018|579|829
5687|0|847.1095|Unknown|1092|944|3320|2541|687|165|616|769|949|2002|982|1688|3051|2407|2256|2029|1667|806
5688|0|847.5083|Unknown|791|734|3360|2586|1467|1424|705|2028|1790|2044|2348|1944|3329|1572|2344|3146|2117|1499
5689|0|847.5802|Unknown|8283|4890|14880|10268|8687|8898|5649|16323|11653|13171|9895|18896|14850|25497|33335|28874|14093|11352
5690|0|847.623|Unknown|6671|1271|15856|12466|6491|5431|4218|11504|9333|11694|8860|11667|8432|10799|10682|12430|11160|10204
5691|0|847.7336|Unknown|422|371|2264|2046|442|61|238|1263|508|1732|1490|1048|1962|270|689|1506|645|1103
5692|0|848.4718|Unknown|4207|1734|2231|2940|3770|1785|1186|1833|2444|3377|2528|1819|1898|1883|2397|2487|1678|1520
5693|0|848.5196|Unknown|2224|57|6662|7192|1754|1457|1166|4611|2659|4212|5005|5830|1943|3219|3455|4137|3967|4023
5694|0|848.5822|Unknown|5065|3215|9274|8546|6388|6451|2852|8955|6520|7738|7916|10136|8189|15536|18714|18165|8300|7654
5695|0|848.6241|Unknown|2917|333|5682|5469|2685|3105|2068|4979|3626|4205|4080|5746|3021|5842|4898|5651|5113|4259
5696|0|849.2484|Unknown|560|762|212|538|178|1720|1|1148|596|1193|771|171|1|465|214|890|1352|390
5697|0|849.382|Unknown|370|381|439|611|635|1100|597|832|820|577|124|751|1|60|1|720|1384|778
5698|0|849.4329|Unknown|1828|553|1030|1020|1661|1654|747|2109|1660|1544|1012|1675|1273|1359|1831|2568|3285|2286
5699|0|849.4901|Unknown|3070|2291|6376|4940|3410|2598|1744|3791|2392|4497|3724|2919|1706|2039|2118|3618|5488|3330
5700|0|849.5207|Unknown|1787|1523|5817|3706|2297|1821|1781|3254|2433|3612|3264|3345|1202|2115|1894|2694|4175|3149
5701|0|849.5578|Unknown|3009|1548|7423|6775|3219|2911|1584|5758|4103|5088|3413|5370|2765|5350|5791|5619|6060|4469
5702|0|849.5945|Unknown|7778|3845|24728|20381|8842|8267|7044|30606|16376|19729|15822|33357|11659|20957|24825|26366|20549|17060
5703|0|849.7517|Unknown|803|516|3163|2424|297|273|640|459|520|1337|1631|761|549|577|843|1477|2106|1485
5704|0|850.3508|Unknown|255|1|88|338|515|948|560|346|1186|441|307|765|2664|1141|743|509|1|480
5705|0|850.4293|Unknown|9878|2577|7550|7140|9545|2696|2479|6200|5938|6741|5354|6152|6049|4443|4169|4644|4909|5941
5706|0|850.4888|Unknown|6145|1763|5994|6670|5070|2599|1846|4311|4845|4858|4628|4017|4327|3326|3595|3149|3438|4118
5707|0|850.5222|Unknown|2475|1161|3747|4285|2495|2691|2126|3096|4224|3655|3007|4298|3449|4403|2541|2647|2724|2978
5708|0|850.5436|Unknown|2089|594|3119|3427|2201|2047|1587|2113|2879|3170|1866|3012|2904|3286|2626|2579|1790|2309
5709|0|850.5961|Unknown|8073|2700|13310|10397|7219|5926|4713|16857|11307|14162|10582|18849|10454|13445|14736|14499|12049|10859
5710|0|851.4304|Unknown|8528|3318|6294|4929|8078|1781|3083|6594|4500|5343|3928|6899|4425|2036|3085|3639|6743|5187
5711|0|851.4916|Unknown|3232|1143|2974|3367|3584|734|1719|2679|2428|2640|2781|2661|1533|714|2142|2205|3244|2537
5712|0|851.5293|Unknown|4382|1816|2816|2943|4377|2076|2224|3747|2980|3807|3448|3405|3135|1690|2584|3113|4592|2992
5713|0|851.5991|Unknown|2677|1424|4466|4985|3270|3088|2779|6179|4521|4993|3846|6783|3799|3949|5048|5623|6738|4843
5714|0|852.2593|Unknown|32|467|674|516|261|1674|356|247|204|623|267|1409|1757|4753|6350|7045|2523|3144
5715|0|852.3797|Unknown|244|762|791|1|493|1507|603|581|814|756|613|645|402|1466|1634|359|1819|995
5716|0|852.4368|Unknown|7220|2591|9366|7803|7777|3865|2771|5161|5005|5960|5566|7768|3723|3954|4867|3850|7059|5008
5717|0|852.4992|Unknown|6455|2930|7959|5959|6395|5814|2911|6432|8351|6642|6491|6905|4605|10238|11326|10969|7033|7357
5718|0|852.5345|Unknown|3385|1849|3538|2718|3833|3558|2006|3458|4854|3875|3586|3980|2791|5428|4829|3596|4195|4584
5719|0|852.5844|Unknown|910|1435|1688|1185|1663|1910|1603|1846|2376|2882|2152|2710|2076|2527|2567|1122|2574|2639
5720|0|853.265|Unknown|1027|212|276|496|41|1922|231|434|71|1|600|1|1294|2500|3162|2985|698|482
5721|0|853.4385|Unknown|4128|1196|5206|3434|2334|2536|1962|2713|1919|3911|2876|3850|1942|1218|2570|1437|3040|2849
5722|0|853.5028|Unknown|4120|1171|4782|3616|4563|4058|2430|2529|3167|3792|3214|3858|2495|3350|6248|6079|3286|4111
5723|0|853.5435|Unknown|5958|1394|4966|3354|5323|2181|1532|2035|3496|3181|2696|2956|2102|2162|2760|3065|2534|3593
5724|0|854.407|Unknown|974|419|1565|997|976|839|1571|1697|714|1833|1651|1568|404|1211|693|1124|479|1301
5725|0|854.5227|Unknown|44514|11309|35465|28969|50011|10108|7068|29334|23705|30541|25519|30376|17267|22071|36142|32392|26184|24823
5726|0|854.59|Unknown|1239|757|1703|1228|1906|875|858|1363|1659|1661|2032|1546|1075|2423|1808|1629|1118|2109
5727|0|854.6229|Unknown|276|261|860|290|1173|801|636|536|744|1084|1488|580|325|786|940|1008|466|1647
5728|0|855.5263|Unknown|24466|5627|17880|15976|26205|7120|4269|13830|14843|15607|15344|15545|8944|11832|16906|18117|14056|11111
5729|0|856.3997|Unknown|1822|2222|3436|3569|2352|9033|6000|6363|1978|1536|1779|6932|14562|16670|16645|21693|11751|12764
5730|0|856.433|Unknown|2641|1362|2249|2615|2741|2705|2106|2940|2179|2120|2268|2644|3786|5245|4141|4334|3460|4400
5731|0|856.4638|Unknown|16627|3824|6435|5245|16357|3377|3743|7484|7168|8435|7284|9154|5561|5431|5981|5525|6704|7404
5732|0|856.5384|Unknown|30971|7124|40488|32514|31062|9207|7828|24599|24267|28037|25807|27269|15524|22455|23091|28758|22942|25363
5733|0|857.3478|Unknown|1|1196|449|1|521|791|696|508|333|23|1|1|554|866|1258|1810|222|1135
5734|0|857.4028|Unknown|1048|1331|1904|1573|1187|5153|3742|3146|1959|1015|774|3425|5991|8090|8820|9566|6138|5981
5735|0|857.4675|Unknown|9208|3193|4283|3865|7021|2114|2728|3802|4753|5356|3408|4133|2727|3722|4249|4433|4887|4000
5736|0|857.5408|Unknown|13535|4183|20333|17180|14366|4223|4706|13607|12691|15069|13980|13342|7252|11616|11752|16337|11140|11196
5737|0|857.7178|Unknown|1504|737|1324|1216|511|964|161|1145|1323|2651|1782|1841|425|3244|1088|2482|1048|972
5738|0|857.7516|Unknown|758|551|1032|883|302|946|338|970|780|2026|1456|825|251|2570|1332|1085|1522|1056
5739|0|858.4044|Unknown|280|2037|1688|365|110|1706|1550|1932|688|413|938|986|2901|2848|3781|3384|2797|2023
5740|0|858.4797|Unknown|8425|4292|6452|4688|8258|2266|2656|3900|4392|4752|3899|4068|2537|2807|3305|3667|3315|2382
5741|0|858.5488|Unknown|8699|3754|24261|21776|9397|5221|5210|12433|12156|14086|14729|14429|6944|9328|12521|11928|13358|12096
5742|0|858.5627|Unknown|7311|3442|20150|17640|7636|4942|4373|10546|11103|12664|14526|12326|6274|9327|11717|12111|12505|10482
5743|0|858.7205|Unknown|860|1279|1416|1455|481|483|509|798|617|1705|1456|868|826|1365|1161|1205|996|603
5744|0|858.756|Unknown|553|1204|778|1343|496|294|477|308|463|1489|1033|879|567|1502|618|812|1110|465
5745|0|859.4833|Unknown|3659|1538|3541|2350|4071|1428|1753|1448|3646|2586|2664|2326|1074|1520|2063|2141|1703|1167
5746|0|859.5526|Unknown|4509|1779|12450|9862|5407|3844|2915|7204|6520|8042|8711|6884|4477|5471|5005|7885|6995|6041
5747|0|859.6033|Unknown|1993|782|2732|2414|1493|1730|1683|2006|2663|2899|2624|2886|1517|3707|3774|3698|2214|2265
5748|0|859.6156|Unknown|2630|956|2208|2686|2260|2119|1570|2704|2846|2600|2834|3456|1941|5035|5607|5143|1979|1929
5749|0|860.4651|Unknown|2133|1471|3239|4303|2661|1035|1589|2712|4075|3597|4480|3031|1669|1620|1647|2364|3598|3392
5750|0|860.502|Unknown|2707|1761|2100|2634|3038|1152|1510|2376|2961|2288|2466|3082|2320|3002|2694|2014|3289|2926
5751|0|860.546|Unknown|3683|1465|5949|5168|3578|1645|2234|4739|4495|5442|4997|3475|2833|3943|4013|4417|5019|3465
5752|0|860.5779|Unknown|4372|1667|8769|8694|3478|2333|2123|6030|6386|6775|7649|4928|3315|6099|7510|8319|6520|5626
5753|0|860.6139|Unknown|2948|2259|4548|3790|2760|1631|2125|3788|3804|3064|3098|3226|2244|5337|6660|6575|2827|2624
5754|0|861.1373|Unknown|383|1906|339|1050|15|965|825|296|1002|478|521|683|2496|1896|1755|3037|1539|908
5755|0|861.4664|Unknown|2028|2419|2375|2773|1423|2008|1820|2851|2321|2146|3029|2679|1027|1109|1538|1961|2650|2735
5756|0|861.5534|Unknown|4461|3570|10521|9720|5574|4231|2522|6694|5468|7529|5393|6262|3788|7977|9874|12039|5672|5598
5757|0|861.5794|Unknown|3220|3063|8468|7686|3648|3120|1992|4286|4487|5709|5435|4696|2954|7189|6361|7262|4771|4268
5758|0|861.6282|Unknown|2905|2369|4149|3819|3275|2234|1661|5927|2294|2832|2808|4996|2209|4856|5537|5023|3248|2822
5759|0|862.4811|Unknown|4594|1354|3381|2838|3737|2790|699|3598|3790|3091|4659|3255|2727|2315|3045|2510|3343|3793
5760|0|862.5561|Unknown|2996|1435|7030|6242|4096|1932|1079|3872|3657|4330|3874|4889|2791|5076|6007|5081|3943|3950
5761|0|862.5873|Unknown|1884|1351|4410|3206|2129|1770|816|2954|2771|3187|2762|3506|2507|4411|5550|4317|3214|2708
5762|0|862.6288|Unknown|2928|1476|4880|3942|2021|2300|1368|5074|2887|3890|3170|6473|2315|3353|4826|5538|2789|2623
5763|0|863.4583|Unknown|1688|970|895|1809|1252|1064|1676|238|1347|1255|1628|1282|411|2454|2109|1963|1442|2126
5764|0|863.4954|Unknown|3055|1818|3736|3060|2594|2497|2422|1312|3356|2753|2224|2499|1417|3194|2636|2644|3594|3142
5765|0|863.5636|Unknown|46281|9003|147257|120128|42337|18952|12109|28806|40947|40782|36784|32963|19604|51004|50411|73691|44737|44639
5766|0|863.6046|Unknown|6373|1584|13742|11724|6271|2584|2858|4597|4301|6212|5418|4983|2597|12091|8030|8930|5457|7138
5767|0|863.6353|Unknown|1674|1175|3882|3025|2676|1315|2268|2705|1861|3416|2495|3131|1656|3618|3618|2722|2484|2247
5768|0|863.6679|Unknown|645|965|1140|1016|1385|595|1649|892|789|1541|1294|1349|444|1630|831|740|1614|1125
5769|0|864.4489|Unknown|3092|1634|2747|2326|2385|1737|1325|1970|1060|2079|1627|2709|2609|2437|2247|2473|1803|1066
5770|0|864.4534|Unknown|2781|1634|2899|2129|2242|1737|1303|1893|867|2059|1681|2393|2321|2377|2058|2464|1770|1301
5771|0|864.4967|Unknown|2316|1410|3661|3751|2724|2139|1994|2096|2203|3177|3520|2435|1610|2243|1789|2123|2684|1770
5772|0|864.5667|Unknown|21825|5039|73381|57824|19995|9302|6215|14773|20385|22183|16726|17336|10399|25313|27683|40615|24905|20998
5773|0|864.6728|Unknown|632|295|1375|1583|1109|649|123|583|437|1107|989|1260|246|816|500|1081|31|215
5774|0|864.7919|Unknown|348|290|729|1215|935|647|48|1|201|658|656|721|124|255|85|150|1|157
5775|0|865.4612|Unknown|1931|1116|3805|4185|2127|2112|1399|1859|1428|2323|1660|2383|1801|1608|2835|1811|2237|2159
5776|0|865.5704|Unknown|8722|2291|20768|19407|7849|4346|2981|4815|7018|8074|6088|6017|4419|8196|8305|11210|9788|7870
5777|0|866.274|Unknown|228|715|268|1|1|484|236|588|1|16|480|117|618|1482|1263|1584|784|484
5778|0|866.3938|Unknown|3048|1424|2857|1482|1903|1148|1082|2532|1259|2787|2483|2425|2687|2163|1387|1997|2371|1644
5779|0|866.4627|Unknown|3628|1237|4967|4057|3525|2050|1675|4637|2996|3633|3823|4618|3705|3014|2372|3331|4470|3729
5780|0|866.5104|Unknown|1476|559|3266|2990|1901|1393|926|2473|1522|2426|2028|2824|2498|2425|2098|2868|2964|1398
5781|0|866.5385|Unknown|10398|2432|6382|4580|11398|1249|736|3348|3436|3163|3175|3707|2886|4105|2641|2441|4135|2701
5782|0|866.5738|Unknown|3459|783|6764|5565|4182|1277|1403|2667|2055|3486|2693|2958|2699|3190|3852|3819|4103|2809
5783|0|866.6823|Unknown|1047|142|429|1147|3|1|331|715|323|706|1239|802|666|291|646|337|764|503
5784|0|867.464|Unknown|2216|717|3251|2820|2819|2091|670|1808|2382|2607|1881|2852|1373|502|1437|2264|1973|2719
5785|0|867.4719|Unknown|1989|567|3058|2931|2339|2078|431|1585|2033|2054|1989|2534|954|362|1219|2185|1802|1968
5786|0|867.5411|Unknown|6193|841|5489|3408|6994|2267|417|1538|2575|2116|2091|2375|2113|1292|2865|2750|2198|2092
5787|0|868.0405|Unknown|4083|4194|5385|4889|3624|3931|2933|3652|4757|4079|4054|4426|3680|4728|3557|4857|3868|4408
5788|0|868.1467|Unknown|820|723|498|989|925|1218|666|1404|1123|813|912|664|972|1467|705|1368|775|1868
5789|0|868.2335|Unknown|730|596|773|1133|737|1523|691|1816|986|785|207|1059|4599|9431|10984|10452|4081|3486
5790|0|868.4118|Unknown|12967|5342|15107|13108|11740|3761|6372|14656|12060|15612|12314|16537|9716|4692|4820|5808|11359|11645
5791|0|868.4563|Unknown|2617|1537|2674|1858|2421|954|1285|3024|2538|2772|2164|3135|2088|2204|1444|2211|2348|3254
5792|0|868.4892|Unknown|1609|1830|3152|1995|2120|1102|1217|2862|2246|2412|2874|2643|1322|3306|3170|3629|1632|3109
5793|0|868.5533|Unknown|5910|1576|5602|4044|6057|626|988|3132|7228|2828|2483|3274|1841|3237|2514|2573|2905|2854
5794|0|868.59|Unknown|1877|1100|3066|1802|2220|750|890|2401|2715|1892|1879|1591|1282|3109|2112|3276|1410|2994
5795|0|868.6941|Unknown|203|545|341|186|295|256|138|899|599|936|289|549|227|1047|144|1060|423|1705
5796|0|869.042|Unknown|1420|488|3629|2752|1879|1168|1235|1307|1885|955|1304|1824|1881|2145|2605|2173|1533|2854
5797|0|869.2369|Unknown|785|197|743|805|848|824|230|635|875|814|216|293|1638|3923|4028|4087|1240|1957
5798|0|869.2502|Unknown|1002|65|671|728|849|797|157|540|718|755|63|418|1169|3173|2857|2956|1127|1419
5799|0|869.2728|Unknown|960|10|551|918|1080|505|175|604|1032|831|380|445|116|1910|1384|898|554|1132
5800|0|869.4155|Unknown|5945|2462|5760|6333|6323|2851|2860|6421|5710|7585|5300|6798|3822|2353|2342|2257|4945|5290
5801|0|869.5322|Unknown|1935|773|4006|3789|2231|1227|1117|3482|2886|2838|2609|3630|927|1810|2446|2549|2291|2431
5802|0|869.5574|Unknown|2853|620|3762|3393|3785|850|701|2242|4358|2390|1509|2304|1151|1226|1967|1911|1831|1424
5803|0|870.0851|Unknown|1605|1437|4304|3537|1477|4566|1636|1415|1061|1427|1396|1160|4703|7897|7874|9866|5541|4345
5804|0|870.4181|Unknown|3020|2024|2839|2825|3942|1226|1768|1966|2451|2739|2149|3210|1971|992|2189|1672|2183|2111
5805|0|870.498|Unknown|3812|1843|5553|5956|4474|2422|1902|5049|4918|5354|4983|5554|3598|4943|5300|6341|4573|4047
5806|0|870.546|Unknown|10620|6054|9622|8986|11208|9480|5056|9128|11618|11366|9693|11488|9782|13511|14337|14259|10397|11496
5807|0|870.6208|Unknown|1310|259|1194|1021|1640|374|1059|808|1217|1149|741|1236|728|1345|1335|1044|588|898
5808|0|871.0879|Unknown|529|1089|2327|1155|837|2505|425|166|444|608|973|1232|1966|2263|4047|1865|1613|1361
5809|0|871.5492|Unknown|5465|2880|5244|4574|5625|5480|2468|5560|6671|6279|5325|5595|5354|6807|8637|7063|7352|5490
5810|0|871.7323|Unknown|980|705|335|966|330|147|830|1282|386|1855|1832|957|1|2149|914|783|579|1423
5811|0|872.5057|Unknown|3654|1966|7953|7704|4284|3347|2695|6619|6411|7005|6667|7413|4282|4915|4888|7353|6059|5544
5812|0|872.5612|Unknown|9671|3613|13412|12598|9607|9123|6086|15805|14192|15683|15218|16591|8599|9520|11353|12534|15083|14899
5813|0|872.7345|Unknown|932|457|605|1|1|328|880|1120|1521|717|728|1201|1222|1249|1743|1769|573|1634
5814|0|873.5089|Unknown|4403|1048|7144|5601|3068|3594|1922|4526|5323|5552|4858|6332|3482|3977|4554|5502|4818|5959
5815|0|873.5648|Unknown|5629|1762|6587|6896|5351|5576|3670|8361|8342|9339|7227|8988|4026|3764|5681|7375|7611|8217
5816|0|873.6313|Unknown|2075|415|2128|2426|2271|2024|628|3395|2217|2448|1499|3858|1886|3897|5135|5995|2890|2754
5817|0|873.7154|Unknown|591|187|1693|1486|897|1026|54|1105|970|2641|1244|882|948|1734|933|2170|721|1920
5818|0|874.5347|Unknown|3070|1494|7066|6686|3499|3423|1171|5354|5750|4803|4044|5634|2236|4546|4734|4670|3201|5074
5819|0|874.5661|Unknown|2569|1441|4536|3173|2404|3393|1275|5046|4119|3549|3294|3360|1742|4114|3507|3640|2528|3352
5820|0|874.591|Unknown|2824|1761|5692|4065|3155|5033|1153|4069|4278|3383|2643|3643|3894|9734|11945|10999|3277|4125
5821|0|874.6279|Unknown|4160|1699|3984|3139|3880|2810|712|3077|3366|3653|2733|3140|1593|4075|3375|3314|1172|2588
5822|0|875.5367|Unknown|2998|1122|4908|4754|1867|3011|1433|3489|2618|4945|3737|4263|2165|3128|3831|3502|3478|3990
5823|0|875.5763|Unknown|8040|4332|13654|12471|7540|7488|3106|8991|8739|13347|9383|9233|10085|23923|26759|25724|10841|9876
5824|0|875.6086|Unknown|9127|3734|15256|12537|9242|7720|4015|19397|11483|13304|11582|20007|10995|32720|35118|29694|15623|12505
5825|0|876.441|Unknown|1551|758|2858|2651|1682|1594|1264|2641|2086|2913|2955|2675|1207|2292|1812|1492|3054|3485
5826|0|876.5498|Unknown|1625|1178|6046|5454|2429|1536|1416|2970|2519|4244|4563|3373|1931|4009|3979|4060|3254|3678
5827|0|876.6106|Unknown|8316|2940|14677|12569|7921|7646|3788|16773|10279|12922|12321|16541|10762|25185|28070|25516|13415|13199
5828|0|876.6377|Unknown|4627|2017|7542|6613|5078|2934|1567|5469|4951|7988|5550|6053|3797|9973|9692|8079|5455|4308
5829|0|877.5208|Unknown|3389|2092|8851|9860|4177|2017|2467|3317|3965|5557|4873|2580|2642|5235|5259|5461|4632|3876
5830|0|877.5506|Unknown|1442|1053|4602|5699|2151|1451|1694|2492|2433|2966|3751|2040|1766|2944|4300|3354|2909|2735
5831|0|877.5913|Unknown|8562|3406|24300|21938|8414|6549|4742|14881|10906|20826|16347|16881|11866|20877|24604|23554|17877|16579
5832|0|877.6205|Unknown|5806|2539|17469|16177|6729|5327|4265|14918|8032|12687|11865|15980|7927|18411|18665|19096|15335|10850
5833|0|877.7839|Unknown|379|258|2211|3147|337|1|394|548|836|1168|937|550|268|44|704|551|354|865
5834|0|878.4509|Unknown|8829|2843|7420|7036|9445|3591|3036|7917|6859|8103|8328|9039|4325|4487|6222|6553|7938|5597
5835|0|878.5223|Unknown|3598|2460|6125|6018|4373|2249|2305|3245|3014|4854|5747|2884|1445|2842|4018|3852|4463|4083
5836|0|878.5564|Unknown|1994|1977|4225|3748|2501|1946|1984|2640|2805|3089|3008|2380|1514|2184|3649|3061|3582|2945
5837|0|878.5972|Unknown|5484|3109|13310|10272|4430|3573|3358|10350|8079|11781|9677|10246|6685|9382|11604|13323|10618|9694
5838|0|878.625|Unknown|4914|2850|10357|8948|5053|3347|4091|8338|6303|8149|7529|10241|5950|9261|9185|11125|8797|7842
5839|0|879.4542|Unknown|6312|2926|4703|5764|5100|1834|2396|3828|4480|4988|4308|4032|3024|2470|3703|2750|5684|4083
5840|0|879.5223|Unknown|1749|1354|2798|5069|2529|479|1247|1773|3018|2972|2753|1612|930|1108|2225|538|3384|2499
5841|0|879.6088|Unknown|2631|1863|3887|6611|3238|2038|2043|3949|4038|4771|4290|4231|3685|4225|5329|4948|5985|4990
5842|0|880.4633|Unknown|6917|2256|6692|5879|6271|2629|2621|4208|3752|5896|2725|3840|3481|3351|3478|4699|4478|4510
5843|0|880.5298|Unknown|6464|2282|7501|5799|6671|5043|2423|9170|7018|6528|7495|9102|3914|9485|12121|11832|8841|8621
5844|0|880.6106|Unknown|1559|578|1426|1429|1856|1606|1267|1656|1131|1755|1582|2447|1817|1385|1838|2215|1990|2186
5845|0|881.467|Unknown|3806|1155|2857|3435|3235|2509|1380|2523|2906|2704|3278|1907|1138|1611|1639|1969|2249|2270
5846|0|881.5352|Unknown|3948|1366|4338|3710|4006|3670|1940|4635|4943|4585|5174|5289|2159|4363|6382|8323|4247|5217
5847|0|882.2469|Unknown|669|1222|230|377|183|1|405|1|1498|1|1|236|611|1835|2162|3368|247|422
5848|0|882.4325|Unknown|1821|1409|2544|1740|1409|302|893|1640|2739|1782|1734|2317|2488|1143|1862|1240|2951|3419
5849|0|882.5494|Unknown|6691|1624|10154|8802|7316|2611|2328|6240|6976|7579|7027|4893|3382|5215|7728|8337|7232|8277
5850|0|883.5481|Unknown|4296|1901|7916|6906|4408|2716|2834|4934|7050|7214|5912|6060|1786|4399|5591|7040|5728|6487
5851|0|883.5856|Unknown|2707|1736|4328|3185|2299|2357|1917|3838|3313|5090|2847|3194|1338|5082|4170|4697|2547|3012
5852|0|884.5684|Unknown|4670|818|5855|5250|3697|2006|1553|4103|3984|4748|3844|4430|2219|3456|4923|4292|3835|3789
5853|0|884.5846|Unknown|3814|563|4454|5104|3423|1495|1108|4009|3598|3556|2977|2908|1396|3302|4009|3270|2992|2557
5854|0|885.4954|Unknown|1491|583|1903|1394|368|698|1101|1911|1828|1223|1995|1604|954|1673|2397|2336|3026|1024
5855|0|885.5521|Unknown|2420|868|4051|2904|1643|1341|3497|3182|3297|3024|3147|3262|2384|2421|3206|3642|3417|2234
5856|0|885.6008|Unknown|2642|547|4670|3201|1814|2042|2268|4101|2659|3159|2976|2969|1545|4103|3846|3958|3221|2581
5857|0|885.7496|Unknown|744|189|866|703|397|390|1054|836|689|1145|1297|616|171|994|754|1298|923|784
5858|0|886.0607|Unknown|570|1175|4255|2970|825|2596|1255|1761|456|1313|989|2578|5430|6485|8558|9901|5108|3943
5859|0|886.4615|Unknown|1621|676|2666|1817|1270|1829|2321|1762|2635|1980|1294|2904|1775|1940|2525|1617|2044|2254
5860|0|886.5205|Unknown|10387|6571|9677|7919|8070|9946|5679|11961|10519|9831|6185|15681|15098|20912|18454|18987|13536|10644
5861|0|886.5791|Unknown|1901|471|3828|3193|1610|1558|1769|2282|3006|2937|1963|3683|1353|3323|2485|3136|2714|2242
5862|0|887.0637|Unknown|574|289|1610|1380|379|553|158|447|926|633|1|486|2091|3089|3510|3320|1753|1851
5863|0|887.4687|Unknown|5635|3071|10215|9872|6068|4899|3720|7887|5274|8259|7257|6456|5858|5192|5898|6699|8257|6541
5864|0|887.5231|Unknown|4587|3882|5596|4951|6132|6030|3497|7212|4480|7404|4640|9653|8603|10386|9814|10390|7972|7059
5865|0|887.6469|Unknown|1552|869|2804|2576|2213|1086|1292|2446|1109|2442|2536|3941|1562|3380|4913|4370|2075|1762
5866|0|888.4744|Unknown|3941|1793|6065|6033|3560|2710|2806|4530|3455|4054|5067|5842|3414|2935|4496|4258|4366|4236
5867|0|888.4878|Unknown|2859|1448|5223|4838|2725|2135|2254|4599|3536|3436|3902|4895|3843|2736|4202|4003|3299|3460
5868|0|888.5343|Unknown|10501|4324|16363|12979|10284|9667|8086|23022|11607|14593|9319|26557|16980|16231|17826|16963|19184|17993
5869|0|888.6136|Unknown|2244|757|3800|4001|2266|1317|1302|2880|1920|3331|2725|3700|1231|3424|5561|5135|3543|2285
5870|0|888.6459|Unknown|3060|604|3773|3275|2870|1915|1792|3830|2251|2580|3194|4431|2103|4780|6134|6007|2884|2217
5871|0|889.5371|Unknown|6440|2792|9850|6717|5453|4722|4385|11951|6296|8528|6304|11985|7705|8276|10593|9472|10956|8792
5872|0|889.5905|Unknown|3316|1745|5744|4772|3689|2042|2454|4646|3503|4843|3630|5199|3402|11336|13506|11873|3423|2693
5873|0|889.6133|Unknown|2091|1179|4333|2811|2258|2076|1398|2933|2019|2925|2536|2377|1893|6878|6707|6535|2268|1868
5874|0|889.6505|Unknown|2270|726|2558|1777|1713|1711|1190|2605|1212|2184|2290|2537|1496|3750|4436|5069|2056|1865
5875|0|890.393|Unknown|2738|1116|3715|2566|3305|1116|902|2226|3006|3843|3719|3145|2043|1057|1627|1667|2453|3243
5876|0|890.5073|Unknown|3588|1205|4422|4127|3684|2557|1932|4040|3653|3573|3340|4223|3855|2979|3876|4565|4702|4578
5877|0|890.5393|Unknown|4638|1843|4993|4441|4718|5247|2786|6657|5297|5791|4251|7307|6301|5617|5895|6952|5872|6906
5878|0|890.5926|Unknown|2235|736|4287|3644|2604|1301|1309|3125|2561|3434|2880|3551|2385|5822|7225|7244|2129|3599
5879|0|890.6238|Unknown|1195|369|2392|2157|1710|1047|853|1886|1027|1584|1569|1928|1199|3203|3289|3528|1023|2030
5880|0|890.6572|Unknown|1224|265|2423|2397|1331|1206|977|2807|1952|2213|2303|2724|959|2090|2453|2761|1426|2310
5881|0|891.5416|Unknown|1783|920|2895|2591|2824|2109|2202|3721|2526|2585|2084|3148|3630|3518|3280|4179|3381|3453
5882|0|891.6033|Unknown|2752|668|5471|4789|2895|1039|1767|5296|3349|3878|2915|5656|3785|7139|8207|8886|3820|3110
5883|0|891.6426|Unknown|653|453|1331|1487|1451|934|827|1691|819|2043|692|1509|2100|3285|1683|2769|871|1014
5884|0|892.0672|Unknown|656|815|1209|1299|247|1573|796|1793|612|803|599|1309|1126|2652|2632|4526|1970|3303
5885|0|892.4776|Unknown|2646|1739|3247|2742|2636|421|1877|2379|2454|3109|3278|3928|2918|2045|1813|3728|2357|2913
5886|0|892.553|Unknown|2321|1490|2274|1657|1724|1760|1847|2898|3222|3098|2714|4191|4053|3230|1486|3990|2702|4283
5887|0|892.6085|Unknown|1796|1094|2661|2931|1900|206|1079|1800|1885|3031|2477|3356|1720|4960|4681|6104|1757|2943
5888|0|893.4934|Unknown|2077|873|6338|4858|2474|1299|1079|2989|3014|3455|2835|1948|1816|2307|3013|1648|2571|2541
5889|0|893.6033|Unknown|2279|429|3427|1968|2066|1658|1099|2460|3153|2518|1874|2287|1630|4221|5478|3730|2005|1998
5890|0|894.4252|Unknown|6724|2614|7067|4559|6838|2238|2414|6205|4721|5426|4522|8158|4244|3408|4924|5484|6831|4633
5891|0|894.4601|Unknown|3596|1167|3288|2870|1957|1245|1677|2933|2523|2723|3207|3849|1738|1487|2715|2692|3246|3515
5892|0|894.4917|Unknown|5076|1304|5824|5398|3416|1391|1722|4306|3764|4017|4545|5697|1790|2371|3782|4429|5353|4490
5893|0|894.5698|Unknown|12109|1864|7129|7004|12267|1777|781|5097|5799|5076|3891|5450|1819|3570|5135|4075|4859|3920
5894|0|894.9438|Unknown|3197|2820|6946|4942|4085|3386|2447|4739|4332|4071|5458|4784|3305|2960|2832|5061|5277|5037
5895|0|895.4298|Unknown|3462|1363|3734|2445|3431|749|1519|3916|2675|3086|3267|5316|2475|2209|3042|2995|3630|2239
5896|0|895.4938|Unknown|3004|765|4658|2894|1967|965|1196|3225|2643|2609|3154|4031|2567|2265|1710|2455|3208|1925
5897|0|895.5718|Unknown|7590|2241|5450|3444|8263|1506|1438|3615|3927|3683|3119|3871|2758|3355|3303|3820|3906|3112
5898|0|895.6138|Unknown|2096|991|3159|1769|2268|901|1137|2712|2500|2799|2539|3604|1777|3448|3782|5273|2000|1533
5899|0|896.4417|Unknown|8824|3495|13920|13054|8418|4322|4478|8594|8961|10860|7983|8755|6788|3857|4553|5107|7771|7242
5900|0|896.5836|Unknown|5284|1965|6178|4178|5678|2206|778|2433|7598|3415|2961|2827|1508|2549|1776|2299|1421|2494
5901|0|897.4457|Unknown|5363|2357|7305|5202|3950|1302|2417|4345|3411|5831|3961|4969|1970|1814|1940|3104|3940|2999
5902|0|897.5564|Unknown|2726|2283|3512|3822|3047|2665|1270|2369|3148|3783|2992|2472|1382|4060|4849|5118|2475|3376
5903|0|897.5889|Unknown|2238|2271|3850|3014|3338|1154|1121|1728|3936|2463|1098|1543|273|2866|2530|1645|1631|1993
5904|0|898.4493|Unknown|2737|2328|3173|2973|3453|1016|1189|2901|3985|3566|3158|2425|1617|2725|1667|2188|2652|2437
5905|0|898.5237|Unknown|2980|1605|5857|6043|2911|2038|1685|5140|5541|5562|5492|5213|2807|5158|5297|7295|5579|3827
5906|0|898.541|Unknown|3094|1634|5352|5764|2974|1758|1384|4267|5130|4923|4490|4549|2605|3956|4721|6219|4618|3516
5907|0|898.5766|Unknown|9583|3550|9348|8727|9440|7102|3319|9750|13739|12159|11864|11705|8888|12696|13866|15074|12034|11478
5908|0|899.2871|Unknown|683|80|503|748|1|544|849|1062|808|298|223|330|314|721|424|134|1297|45
5909|0|899.5209|Unknown|3191|1436|6676|6434|3441|3137|2330|5916|5191|6615|5417|6769|3467|5701|6181|7238|6772|6181
5910|0|899.578|Unknown|5636|2992|7936|7698|6181|4757|2638|7675|7595|8651|8288|7528|6054|7385|9776|10209|9168|8915
5911|0|899.7892|Unknown|1025|237|811|1362|507|381|1|339|761|1296|928|285|1|517|566|486|213|226
5912|0|900.4328|Unknown|2497|1892|3019|2405|4250|1642|1342|2209|3511|2547|2486|1535|2368|1694|1743|1585|2074|2597
5913|0|900.5356|Unknown|2631|1515|6863|6502|3328|2000|1614|4851|4851|6608|4632|6143|3288|3843|5514|5087|4434|4530
5914|0|900.5904|Unknown|4400|2310|9444|8476|5677|5486|3602|7594|9059|9200|8558|5869|5246|4666|5625|7537|7656|8245
5915|0|901.1525|Unknown|917|193|56|912|1304|480|706|909|218|498|1|1103|2673|1632|1949|1754|1235|1294
5916|0|901.536|Unknown|2397|1163|7391|7165|3328|1728|1459|4398|2773|4693|3998|4579|2087|3518|4236|3672|3661|3698
5917|0|901.5783|Unknown|2078|922|4357|4586|2109|922|1188|1645|2405|3646|2994|2785|962|1889|2880|2639|2176|2613
5918|0|901.5947|Unknown|2416|1172|5321|5967|3390|2277|2104|3188|3322|5382|4736|3554|1753|2124|3407|2699|4157|3319
5919|0|901.7714|Unknown|555|616|2463|2417|1454|727|38|1|279|1278|1011|582|630|484|521|83|253|83
5920|0|902.4529|Unknown|1934|1362|3672|1956|2779|2412|1265|2130|3306|3026|2317|1291|1095|1907|1831|2073|2355|2043
5921|0|902.5358|Unknown|1883|1130|3612|1665|2071|2184|1511|2271|2780|2684|2411|2397|1448|2459|2387|1711|3199|1991
5922|0|902.6288|Unknown|4897|2875|9193|6770|4136|5324|2020|5433|5333|5580|4922|6213|3349|16937|17126|17053|6668|5252
5923|0|902.6546|Unknown|3927|1944|5865|3704|4279|3288|961|2883|3732|4119|3497|2311|1538|7473|6464|5516|3232|2401
5924|0|903.4567|Unknown|3005|2100|1762|2393|1874|1809|1103|1599|2139|2006|2544|2096|1505|1216|2512|2170|2909|1638
5925|0|903.6068|Unknown|7271|3616|13262|12666|6795|5840|1863|9056|9074|11308|12044|11440|9056|21523|27927|21345|13697|11168
5926|0|903.6316|Unknown|5145|2682|9070|7016|5107|4256|1270|5632|6301|6965|7930|7501|3820|17529|19630|16765|7066|6704
5927|0|903.6585|Unknown|2724|1837|3191|3623|2849|1898|254|2388|2840|3608|4719|2698|1417|7239|6078|5610|3063|3323
5928|0|904.1502|Unknown|515|1202|2194|1188|1098|1906|1500|1779|603|1019|2039|1999|2412|2620|3163|3031|1870|2178
5929|0|904.4633|Unknown|2413|2187|2119|2978|3089|1366|1900|2317|2764|2887|2692|2618|1757|2365|2198|2870|1857|2515
5930|0|904.565|Unknown|1729|834|1596|2497|1575|822|1337|1836|1394|1973|1818|1828|632|1374|1502|1507|1193|2090
5931|0|904.6443|Unknown|5547|2709|12093|12095|6062|3501|3190|9464|6470|10010|8033|8567|2893|13803|14463|14595|6588|5938
5932|0|905.475|Unknown|7250|3143|7116|6121|6341|2900|2792|4915|3408|5625|4089|5862|4328|3930|5325|5623|7760|7259
5933|0|905.5544|Unknown|2008|598|3103|3161|1474|1162|2086|1826|1490|2326|2766|2299|1589|1832|1822|2779|1943|1557
5934|0|905.6207|Unknown|5151|1446|12881|11610|4422|3875|3023|7439|7295|10220|7653|6514|5266|10030|11799|11621|8656|8137
5935|0|905.6468|Unknown|4279|1604|9097|8847|4056|2994|2352|5903|4244|7447|5520|6482|2680|8412|8406|10335|5290|4497
5936|0|906.4804|Unknown|5265|2692|5684|6323|3832|4223|2377|4942|4391|4098|4048|4923|3223|4538|4114|5154|4941|3959
5937|0|906.5812|Unknown|1572|883|2248|2414|821|1651|1102|1432|1750|1712|1579|1863|673|1189|941|1723|989|736
5938|0|906.6244|Unknown|3035|1513|6929|7063|2149|2878|1543|3996|5134|5646|4205|4573|2441|4306|4908|4569|3771|3447
5939|0|907.4824|Unknown|2668|1856|3921|2751|1992|1803|1607|2090|2467|2451|2361|2893|1911|2750|3154|3317|3636|3614
5940|0|907.6283|Unknown|1178|976|2576|1646|1008|1641|990|1805|679|1842|1776|1710|919|1793|2407|3117|2095|1625
5941|0|908.0437|Unknown|1510|2234|3837|2620|1366|3036|1346|1985|1080|2041|1995|2072|3341|4630|5692|6881|2656|3364
5942|0|908.4906|Unknown|2386|1854|4446|3668|2735|1632|2146|2791|3097|3313|2610|3037|2045|3336|3624|3029|2895|2076
5943|0|908.5845|Unknown|3959|1877|2242|2305|4702|1006|1112|1496|2613|2670|1474|1391|1650|2208|1950|2403|1711|544
5944|0|909.4515|Unknown|2081|1655|4199|4051|2668|2245|1922|1965|2393|3809|2925|2885|2105|1899|3008|2051|3071|3223
5945|0|909.4902|Unknown|2237|1166|3952|2283|2534|1553|1173|1570|1529|2460|2631|2358|2053|1593|2423|2346|2593|2103
5946|0|909.5954|Unknown|3924|1746|2698|1023|3596|1470|744|1721|1622|1743|2323|2534|1836|5324|6233|6117|1688|2130
5947|0|910.4602|Unknown|2475|1639|3480|4078|3484|2122|1752|2983|2621|3236|2263|4056|2526|2539|2643|2718|3658|4569
5948|0|910.5014|Unknown|2245|1494|1652|2972|2544|2444|1995|3163|4119|3480|2663|2646|3115|2570|2784|3314|3718|2783
5949|0|910.6|Unknown|5402|1171|3212|4163|6339|2139|1091|2817|5308|3375|2635|3149|1984|3149|5977|6243|2583|2307
5950|0|911.4665|Unknown|2000|1328|3043|1989|1870|1158|1035|3032|2299|2900|2113|1908|2284|1989|2164|2085|1795|1800
5951|0|911.5736|Unknown|2078|871|2218|2296|1612|898|1001|2162|1526|2520|2226|1297|1539|3256|3780|3318|1574|2057
5952|0|911.6105|Unknown|3536|1341|4929|3673|4701|2609|1269|4188|3767|3711|3201|4136|2030|5964|8511|7332|2144|2949
5953|0|912.4538|Unknown|2585|369|2386|2331|2175|1252|1601|2270|1221|2156|1705|2384|1226|1959|2176|1311|2042|1926
5954|0|912.4896|Unknown|2460|978|3092|2957|2163|2279|1926|2518|2098|3065|3142|2599|2061|2586|2827|2389|2772|2567
5955|0|912.5145|Unknown|2273|1052|2612|1860|1787|2531|1939|3258|2490|3799|2741|2856|1591|2115|1902|2687|3271|2342
5956|0|912.6148|Unknown|2853|849|3493|1823|1852|1248|1349|2575|3406|2515|1697|3565|1124|4279|4400|3618|1674|1598
5957|0|913.4908|Unknown|2123|1120|3306|2938|1720|1166|2825|2179|1661|2711|2824|2199|1575|1945|2280|3659|2803|2682
5958|0|913.5292|Unknown|2215|1515|3788|3111|2491|1916|2600|3735|2485|3646|3337|3226|3622|5863|6393|6002|3699|2797
5959|0|913.5813|Unknown|4334|2089|3868|3866|4812|2654|3319|5314|3884|6456|5327|4514|5042|8013|6122|5932|5072|4181
5960|0|914.1092|Unknown|293|944|420|509|154|782|1349|261|632|280|185|5|568|622|884|170|210|489
5961|0|914.4567|Unknown|1464|977|1756|688|1037|554|1617|1789|993|1357|1332|1295|260|755|1271|1420|1434|1427
5962|0|914.4933|Unknown|2316|1421|4229|2826|2179|1277|1741|4019|2587|3345|2681|4293|1489|2103|3343|2398|3278|3423
5963|0|914.55|Unknown|8811|4433|11049|7635|8326|6525|4893|14376|10465|12474|7062|16597|12542|19106|18733|15087|16363|14808
5964|0|914.5799|Unknown|4573|1708|5896|3330|4151|3268|2403|5518|4541|6730|3893|6295|4666|9134|6600|6197|5834|6544
5965|0|915.4293|Unknown|297|929|1055|1356|353|940|69|1576|1088|798|707|681|677|736|1296|821|1026|1387
5966|0|915.4602|Unknown|1075|1320|1974|1871|1178|1273|602|2288|1702|1877|1538|1680|1259|1220|2605|2067|2486|1652
5967|0|915.5001|Unknown|7697|3490|14102|11284|7289|5756|3248|9222|8567|10928|7413|9935|6981|7816|9135|11431|9048|7853
5968|0|915.519|Unknown|5210|2400|7431|6461|4646|4057|2696|6686|5479|7717|5864|6159|4340|6974|6852|7941|5813|5124
5969|0|915.5525|Unknown|7960|4751|10866|8291|8008|7411|3240|12342|7492|10360|7510|13758|8051|14880|14715|13194|13378|10020
5970|0|915.5971|Unknown|65126|18084|34261|29438|66576|46160|21663|64748|54781|85125|63149|60523|50927|59439|55434|60604|75668|62965
5971|0|915.6462|Unknown|3158|1273|2452|2183|4974|2524|1983|4027|2954|5734|3184|3238|3294|7568|3839|4005|4677|3025
5972|0|915.6797|Unknown|969|828|944|1383|1034|1138|859|1426|1167|1762|876|1034|636|1190|1317|1146|1672|996
5973|0|915.7172|Unknown|908|870|731|905|347|1140|712|959|829|1514|1244|454|775|443|173|310|1077|632
5974|0|916.4088|Unknown|2929|643|3280|2360|2976|309|866|2137|1866|3232|1578|2567|405|1297|2013|1991|2489|1728
5975|0|916.4613|Unknown|1570|615|2024|1853|1380|560|800|1586|1290|1911|1247|1319|464|944|2170|1217|1352|1978
5976|0|916.505|Unknown|4019|1421|7946|7148|4111|3233|1937|5812|4796|6671|4579|6386|2839|4765|4884|5379|4776|5002
5977|0|916.5655|Unknown|8375|3109|11593|10550|6766|6266|3716|11774|7352|10031|7496|11775|9131|10306|9811|10812|13117|11007
5978|0|916.6009|Unknown|40347|11619|22636|19530|42968|29205|12769|38402|34696|52868|40530|38230|30792|37353|32189|35476|44926|40486
5979|0|916.6529|Unknown|2160|809|1506|1596|3025|1355|1310|2221|1788|3042|2215|2780|1456|4050|2055|2619|2764|1934
5980|0|917.0062|Unknown|179|41|60|737|107|251|386|1|222|1|282|1|231|1|208|500|593|247
5981|0|917.5024|Unknown|1886|1067|3517|4200|2031|1618|1761|1884|2390|3153|2442|2035|1909|2920|2714|3546|2611|2157
5982|0|917.5348|Unknown|4572|2161|8507|8072|5017|3453|3088|4397|4967|6275|5556|4683|4479|5207|6630|7677|5797|4792
5983|0|917.5659|Unknown|4378|1538|6436|6463|3728|3205|2874|5479|5180|6191|4377|6571|6316|6256|5496|5395|7381|5512
5984|0|917.604|Unknown|14192|4266|8570|7566|13606|9866|5564|15272|11938|19560|14081|13176|13138|15094|14362|14760|17335|14241
5985|0|917.875|Unknown|909|213|383|264|32|53|273|554|518|751|257|1|188|1|1|1|1|313
5986|0|918.424|Unknown|2925|1019|3410|3743|2416|1341|468|1720|2620|3034|2649|3008|350|829|1659|1856|2015|2328
5987|0|918.5384|Unknown|3989|1689|5215|4050|3182|2531|1329|3496|3506|4171|2904|2532|1673|3220|3408|4147|3687|3458
5988|0|918.5702|Unknown|3974|1630|4174|2929|2958|3309|1713|3943|4457|4253|3435|3773|3857|5325|4067|5169|6532|4672
5989|0|918.6073|Unknown|4856|1917|3478|2783|5033|2882|1891|4787|4248|5184|3883|4657|3155|4687|5880|6126|4959|4681
5990|0|918.93|Unknown|576|1|297|403|1|331|266|404|257|1|260|366|383|146|1|1|442|257
5991|0|919.5401|Unknown|857|1419|3023|2416|2037|873|663|1186|1745|2404|1780|1615|1587|1925|2314|2325|1700|1695
5992|0|919.5708|Unknown|1722|1246|3248|2194|2432|1548|904|2354|2061|3180|1827|1608|2834|2941|2606|2904|2764|2471
5993|0|919.6348|Unknown|713|572|2075|2134|1734|1000|798|1153|1351|2060|1399|1191|1274|3485|3914|4076|1521|1359
5994|0|919.9424|Unknown|772|290|42|310|1|408|345|398|208|6|343|18|398|25|1|534|124|270
5995|0|920.1236|Unknown|755|391|2454|1561|492|855|1287|2196|867|1451|598|1570|2740|4163|4243|4677|2516|2611
5996|0|921.5215|Unknown|187|1010|3034|1982|891|1686|736|1086|2009|1872|2746|1951|290|1894|1801|2829|1480|1295
5997|0|921.6319|Unknown|1101|677|1143|1584|2389|1240|376|2273|1815|2612|1840|2022|423|3615|4539|4791|1751|1910
5998|0|922.4577|Unknown|3601|1796|5711|4111|3287|1467|1629|3491|3628|4108|3959|4146|996|1517|1992|2273|2810|1908
5999|0|922.5215|Unknown|1789|1593|3628|2291|1987|1173|907|1942|1799|1950|2755|2211|586|1187|2214|2038|2345|1207
6000|0|922.5998|Unknown|2933|901|4130|2939|2981|843|749|2517|1235|2090|1354|1842|985|539|2048|1534|2025|866
6001|0|923.7327|Unknown|1279|386|1770|2052|1755|46|538|1209|687|656|1358|1210|446|473|718|267|1|137
6002|0|924.0143|Unknown|1667|1182|1500|1903|975|772|1021|1238|1335|357|1|1790|3846|3406|4839|4532|2917|1996
6003|0|924.465|Unknown|7532|3792|6586|4564|7255|1550|1572|3744|5892|3869|2977|4043|2617|2265|1706|1541|3501|3142
6004|0|924.6521|Unknown|6130|1613|3590|4274|5426|805|2830|5511|6253|3651|3680|5075|1994|5576|4750|6558|4431|4668
6005|0|925.2389|Unknown|254|2785|197|238|598|127|147|38|16|440|1058|693|534|558|542|1337|440|318
6006|0|925.4278|Unknown|1168|3114|1955|2761|1552|1316|795|1925|2856|966|1154|2895|1823|1151|1217|1982|1666|1906
6007|0|925.475|Unknown|3123|3069|2924|3021|3672|1258|930|2252|4121|1624|1557|2742|2090|1435|1438|2243|2107|2187
6008|0|925.5869|Unknown|1430|2138|3043|3180|1243|1521|741|1985|4033|1867|1777|1990|2306|2251|2802|3668|1806|2760
6009|0|925.6561|Unknown|4208|1002|1979|2582|2807|715|1813|3729|5260|2539|1624|2744|882|1946|2767|4441|2014|3097
6010|0|926.4757|Unknown|4620|3209|4689|2801|6773|2078|2794|2557|4953|3402|2542|2432|2662|2037|2020|2022|2525|1236
6011|0|926.5945|Unknown|887|1336|2267|2473|2149|958|1808|1822|3300|2876|2190|1822|2408|2180|2459|2980|2342|1846
6012|0|927.453|Unknown|3523|1134|1744|2507|3182|1429|1752|1282|1659|2810|1832|2480|2386|1819|2246|2006|1862|1797
6013|0|927.4755|Unknown|3808|1202|2014|2176|4028|1532|1813|979|2368|3397|1877|2169|2459|2216|2355|2402|1960|2058
6014|0|927.542|Unknown|2311|665|3648|3456|2103|875|1764|2746|2241|3584|2801|3234|2451|4113|5041|4333|2203|2403
6015|0|927.6033|Unknown|2220|731|3490|3043|1670|1172|1292|1403|1583|3545|2856|2335|1470|2887|3717|3307|1732|1747
6016|0|928.4641|Unknown|2567|1525|3210|2282|3352|1551|1871|2739|2722|2465|1662|2355|1762|2995|2566|3765|1817|2634
6017|0|928.5348|Unknown|1286|856|2199|2152|2292|1240|2320|2256|2473|2523|1346|1986|1517|2430|3132|3230|2437|2249
6018|0|928.5587|Unknown|1223|416|2103|2383|2528|1475|2452|2335|2742|2645|1309|1861|1560|3020|3050|3015|1855|2410
6019|0|929.1456|Unknown|422|393|856|969|1216|1357|1779|849|571|439|480|1720|779|1698|4349|3797|1367|1377
6020|0|929.4573|Unknown|1717|1237|1646|1495|1466|812|1302|1298|1573|1560|391|1200|2018|1892|3230|586|1629|1767
6021|0|929.4878|Unknown|2273|1596|3010|1774|1633|536|1426|1929|1766|2501|1066|2630|1717|2656|3860|1685|2562|2371
6022|0|929.5768|Unknown|1773|1297|3082|2559|1950|1919|1839|2335|3204|4117|2865|2466|2757|5100|4336|4973|2992|2331
6023|0|930.4754|Unknown|2792|1373|3335|2814|2772|1891|1565|2534|2146|4152|3226|2777|2283|2176|2528|3340|3238|3405
6024|0|930.5839|Unknown|1423|1140|2270|1784|1293|1745|712|2352|2262|3098|1803|1961|1854|2361|2650|3417|2036|2618
6025|0|930.6636|Unknown|3608|982|6288|4596|3365|2880|865|3275|3853|4736|3601|4377|2137|8970|10155|11521|2871|2621
6026|0|931.4951|Unknown|1739|1317|2432|1597|1814|1470|768|1863|1801|3513|2590|3157|2023|2313|2580|1846|2720|2860
6027|0|931.5931|Unknown|7006|3419|6530|4786|5904|6438|3199|7922|6280|10201|7506|8738|6652|7701|5938|6016|7427|7765
6028|0|931.6328|Unknown|1849|1078|3007|1903|1707|1536|1130|1989|3206|3754|3009|2656|2365|3954|3598|3506|3869|3347
6029|0|931.6654|Unknown|2887|1090|4732|3209|2840|1542|782|2839|2938|3726|2075|4483|1622|5618|5712|5730|2847|2219
6030|0|932.5064|Unknown|2726|1299|3078|2769|3463|1528|1309|2574|2901|3200|2314|3162|1188|1817|2710|3174|3050|3495
6031|0|932.5973|Unknown|4228|3106|4932|4409|5000|4086|2125|6079|5685|7699|4577|5505|4203|4996|5855|5839|5709|6423
6032|0|932.678|Unknown|2036|930|6709|5422|2761|1425|992|3852|2262|5147|2673|3424|1299|3471|4911|5131|2518|2554
6033|0|933.5053|Unknown|6820|3373|8750|7158|7777|4282|2481|4748|3748|4851|3447|3989|4492|4500|5740|6221|5034|5128
6034|0|933.5683|Unknown|1037|308|1942|1565|1145|1411|1020|1796|867|1996|1136|1587|1372|1358|2082|1496|1357|1316
6035|0|933.6112|Unknown|1700|391|3011|2993|1412|2013|1252|2819|1953|2985|1981|3082|2060|3437|3762|4407|2993|1945
6036|0|933.6809|Unknown|699|453|2834|2636|1132|1037|537|2130|550|2240|2014|2291|1001|2340|1883|3121|1827|852
6037|0|934.4991|Unknown|7082|1971|10979|9476|6578|5309|2522|7777|7117|7016|7358|7784|4748|5856|5934|5742|6049|7374
6038|0|934.6249|Unknown|2127|573|4567|4322|2473|2356|623|3459|3321|2869|3282|3417|1495|3469|4763|5211|1704|1543
6039|0|935.5017|Unknown|3448|1198|6538|5274|3694|2995|1625|2797|3565|3992|4381|4286|2720|3169|5070|5330|4516|3339
6040|0|935.6032|Unknown|3129|1060|3204|2378|3471|2543|1022|3171|3143|4402|4125|4536|2673|2980|3130|4107|3973|2839
6041|0|935.6255|Unknown|1836|787|4136|2887|2490|1625|861|2911|2580|3273|3188|2698|1852|3087|3553|4220|2638|1762
6042|0|936.4756|Unknown|1847|744|1906|2064|1447|641|782|3015|1642|1806|2649|2613|1072|1451|2165|2619|1693|1794
6043|0|936.5087|Unknown|2990|1393|3477|3779|3196|1653|1386|3499|2377|3039|3507|3471|2700|2581|3861|4064|2640|3515
6044|0|936.6143|Unknown|6635|1175|2908|2631|5857|1353|1646|3000|2872|3005|3554|3459|2402|2219|3831|3894|3191|3094
6045|0|936.6887|Unknown|5603|1049|3353|3073|5146|1141|3332|4079|3806|3881|3348|5909|653|1802|2446|3495|1440|2570
6046|0|937.4871|Unknown|2684|914|5796|6102|3155|2887|1968|5704|3631|5272|3763|5699|3685|7189|6570|5508|6379|5481
6047|0|937.6266|Unknown|4801|928|2817|2422|3901|1673|1030|2469|2155|2079|3048|3520|1834|4743|6240|6146|2511|2278
6048|0|937.6918|Unknown|3469|697|1360|1480|2846|581|2256|2409|2697|2182|2263|3092|848|1581|1650|3097|1080|1806
6049|0|938.421|Unknown|1160|788|899|1445|796|769|529|1645|1381|1268|707|782|523|867|491|1464|1140|864
6050|0|938.5344|Unknown|1915|1278|2806|2140|2328|1938|1737|3186|2212|2640|2801|2230|1623|2907|2832|2462|3030|2454
6051|0|938.6313|Unknown|2828|900|1766|2392|3521|2147|1331|2018|3502|1477|2015|2088|1015|3080|3962|4195|1422|1696
6052|0|938.6674|Unknown|3312|712|1809|1148|2484|1232|1829|2842|2519|2077|2350|2817|1165|5180|4201|6221|2759|2609
6053|0|939.1026|Unknown|433|242|396|462|282|295|152|502|1|1|334|276|926|1007|953|1658|430|1063
6054|0|939.4995|Unknown|1781|709|2929|2888|1319|1248|1810|1864|1890|1911|1817|2254|1666|2029|2407|1577|2848|1954
6055|0|939.6413|Unknown|1761|142|2331|1077|2232|775|777|1080|1933|1530|1493|1280|547|2505|1549|2637|1398|2008
6056|0|939.6714|Unknown|2108|51|1527|983|1814|234|1099|1060|1288|1827|1750|1677|371|2531|2467|2854|1796|1774
6057|0|939.8224|Unknown|643|485|941|434|732|387|418|311|416|910|870|328|230|370|82|86|725|1043
6058|0|939.8549|Unknown|845|1013|599|695|901|664|985|195|290|1125|969|198|253|423|126|472|847|973
6059|0|939.909|Unknown|1000|1545|1873|1040|1608|1273|1914|911|1146|1520|1740|1032|1018|893|1238|1844|1374|1677
6060|0|939.9368|Unknown|2228|2370|3731|2885|2574|3118|2685|2032|2114|3186|3741|2425|3356|2104|1947|3234|2200|3306
6061|0|940.0006|Unknown|162827|139239|235706|195490|179544|160479|153037|141634|175260|179624|211711|178825|157108|158746|175284|234453|177294|167744
6062|0|940.0877|Unknown|1049|1376|1603|962|1292|1369|1470|870|838|1759|1575|1212|1119|1291|1567|2058|1221|1420
6063|0|940.1264|Unknown|351|819|598|689|746|835|1036|603|505|707|868|880|683|454|926|1405|1497|1118
6064|0|940.2058|Unknown|319|631|954|297|476|613|751|403|569|672|498|115|813|1020|874|959|1077|684
6065|0|940.5108|Unknown|1532|1046|3167|2922|1177|1116|1311|2215|2003|2422|2230|2208|1570|1958|2373|2543|2451|2173
6066|0|940.67|Unknown|1180|839|908|1377|1402|589|1245|1136|1705|1167|1414|1124|1086|2059|2119|2319|1408|1421
6067|0|941.0039|Unknown|32232|27511|46719|38487|35801|31938|32220|28429|36724|34904|43222|35657|30825|31737|35701|50069|34185|34131
6068|0|941.4942|Unknown|539|531|1490|817|655|1171|387|1468|835|1045|1182|1248|1090|1384|1038|1545|1233|1109
6069|0|941.5247|Unknown|410|749|1498|1368|1192|963|499|1213|1377|1348|1239|1959|1009|1209|1677|1414|1358|704
6070|0|941.5638|Unknown|842|267|3191|2381|1537|1076|831|2157|2277|2765|1825|2519|1541|3227|3808|3804|2168|2024
6071|0|941.6515|Unknown|1331|205|1385|910|851|306|730|884|1681|1148|1003|1059|800|1391|1985|2083|1140|1182
6072|0|942.0061|Unknown|5313|5336|6581|5719|6432|5246|4995|5549|5790|4909|5941|6263|5489|5059|6356|6419|6103|4484
6073|0|942.5314|Unknown|1195|318|2288|1776|933|877|481|1911|1322|2032|1648|2552|889|1773|1958|2185|1672|1280
6074|0|942.5732|Unknown|1144|458|2444|1738|1565|1437|848|2081|1836|2358|1756|2010|1300|2318|3306|3067|2490|1425
6075|0|943.4274|Unknown|1796|1028|1786|1054|1307|908|579|1324|837|1215|1008|773|977|1177|549|918|767|968
6076|0|943.5357|Unknown|1377|1168|3091|3132|2001|1312|977|3251|2776|2875|2276|2292|1539|2764|3847|3346|2356|1903
6077|0|943.5751|Unknown|1719|547|3264|3323|1400|1889|908|3513|2423|2336|2223|2866|1758|3672|4732|3719|3068|2389
6078|0|944.5093|Unknown|589|485|2260|1185|1256|635|815|1207|1695|1596|1254|2283|848|1780|1855|1883|1374|1402
6079|0|944.5433|Unknown|1189|589|1940|2009|1117|832|993|1694|1840|1749|1275|1770|883|1581|2267|2016|1046|1270
6080|0|944.9396|Unknown|2102|2456|6475|4416|3109|2111|2251|2792|3673|3658|4877|3808|1976|2006|2057|3834|3685|3888
6081|0|945.1189|Unknown|419|503|1442|1476|635|1181|885|804|535|487|378|1332|1115|3250|4994|2889|1085|1321
6082|0|945.5239|Unknown|1423|694|2642|2831|1135|1045|845|1122|1412|1603|1110|1396|1428|1598|1748|2498|1597|1441
6083|0|945.5588|Unknown|1946|859|3173|2731|1924|1746|977|2561|2641|2209|1568|3408|2801|3651|4055|4050|3192|3055
6084|0|946.4445|Unknown|2804|1368|1955|2818|3014|1030|324|1693|1293|2071|1618|1508|1579|1567|1388|1286|1394|896
6085|0|946.5094|Unknown|1615|540|2883|2594|1853|1310|443|3229|1215|1935|1752|4474|2309|2867|2521|2268|3236|2526
6086|0|946.5631|Unknown|1673|681|2031|1944|1574|1980|980|2323|1437|1815|1264|2577|2166|3351|2813|3316|1996|1553
6087|0|947.5816|Unknown|2556|1785|2996|1896|1980|2956|1949|5086|3472|4580|3061|5051|3699|4753|3595|4621|4284|4309
6088|0|948.4736|Unknown|5390|2959|5269|4038|4609|3255|2833|5124|4649|4632|4431|5705|2804|3206|3778|3363|3449|3025
6089|0|948.5323|Unknown|1383|595|2824|3355|1643|1462|1474|3337|1479|1917|2550|2773|2255|3189|2413|2329|4110|2880
6090|0|948.5826|Unknown|2080|1199|1984|2029|1797|2298|1961|3558|1810|3028|2701|4608|1988|2940|2513|2462|3114|2498
6091|0|949.476|Unknown|2986|843|2932|2737|2955|1354|1341|2453|1383|2858|2700|3466|1943|2150|2177|2389|2161|2695
6092|0|950.4899|Unknown|36254|11292|71892|60469|33870|22779|20776|51277|39026|57862|47273|48070|31225|27635|31788|35934|42911|40191
6093|0|950.5106|Unknown|14743|4962|25724|27346|15271|9767|7865|17917|14475|23247|18592|21673|12468|12894|12197|14079|14953|16131
6094|0|950.5794|Unknown|1124|657|1900|1168|1990|1062|1413|1548|1768|903|1273|1306|1586|1863|2017|1350|1238|1380
6095|0|950.6198|Unknown|765|384|1166|840|1019|721|1044|374|1107|963|824|1153|582|1056|1369|757|923|723
6096|0|951.493|Unknown|16815|6405|34718|29818|16499|11486|11063|25237|21232|29622|24337|24691|15702|15283|15696|19235|23101|20463
6097|0|951.5742|Unknown|3147|1709|2215|1608|4771|2627|1634|5361|3658|3630|2312|5450|3145|3209|3131|3969|4634|4009
6098|0|952.5013|Unknown|15113|4898|18617|16966|15125|6992|6438|13972|12968|12893|10864|16144|12437|8279|8477|10137|13502|11190
6099|0|952.5783|Unknown|3488|1057|2277|1147|2789|2751|1239|2689|2507|2786|1710|3142|2100|2547|2118|2663|3226|2908
6100|0|952.6839|Unknown|52612|5066|22755|19046|38776|9496|21289|32451|37633|33064|31537|41248|10975|23827|27417|36060|23223|20380
6101|0|953.4576|Unknown|1377|1212|3696|3544|2368|2175|1722|3471|3015|3614|2016|2975|2924|2754|2317|3798|2622|2032
6102|0|953.5061|Unknown|6680|2723|6671|6556|7330|3781|3146|5350|5549|6310|3454|5888|5835|4281|4012|4992|5526|5291
6103|0|953.5577|Unknown|2175|1092|1488|1481|2179|2051|903|2275|3108|2518|1619|2666|2230|1929|1605|2677|2402|2313
6104|0|953.5725|Unknown|2654|688|1043|1093|2241|2201|1062|2597|2823|2157|1934|3396|2319|2223|1943|2676|3355|2317
6105|0|953.6866|Unknown|28658|2825|13359|10741|20004|5928|12320|18425|19812|18066|19322|23892|8606|15838|13916|21672|14083|10838
6106|0|954.1118|Unknown|361|331|33|725|398|1|914|675|570|522|668|447|668|1116|1055|577|736|560
6107|0|954.4633|Unknown|1297|919|3117|3207|1677|1685|1235|2627|1953|2034|1996|2732|2145|2150|1938|2240|2483|1793
6108|0|954.5095|Unknown|4471|1324|3884|4238|4243|1669|1890|3477|3619|3447|3399|3493|2958|2825|2630|2868|3011|3330
6109|0|954.579|Unknown|2607|501|1785|2263|2056|1943|1171|3160|2114|2058|2315|2692|2424|2291|3241|2500|2289|2486
6110|0|954.6629|Unknown|1924|50|1312|1609|1597|1153|1329|2451|2204|1232|2635|1864|1988|2863|3748|4768|2355|2237
6111|0|954.6899|Unknown|9777|606|4222|4535|7441|2071|4272|7202|7867|5528|7218|7546|2874|6475|6946|8803|4535|5036
6112|0|955.076|Unknown|152|269|1059|456|457|1117|424|175|148|345|163|385|1512|863|1147|1731|596|213
6113|0|955.124|Unknown|4|1|911|1|77|1065|436|1|130|306|1|45|662|615|681|843|808|206
6114|0|955.484|Unknown|2277|1789|3671|2657|2414|1400|732|1809|1790|2413|925|1729|766|1717|1782|2226|1616|1318
6115|0|955.6912|Unknown|2776|870|1654|1847|2273|711|1687|2667|1828|2288|1922|2445|320|1431|2493|2633|1991|1372
6116|0|955.9717|Unknown|2130|6004|1007|1383|2518|2414|3427|1163|1526|986|1715|822|2989|920|1038|1305|694|1295
6117|0|956.3261|Unknown|1|396|63|1|202|535|735|103|425|1|549|185|294|100|547|190|268|325
6118|0|956.4893|Unknown|1995|625|3860|4093|2778|1285|1875|2482|2764|3003|3007|2854|1105|1989|3508|2819|3136|2319
6119|0|958.5033|Unknown|2105|978|3402|2472|1911|1255|1561|1870|2345|2597|2126|2309|1816|2038|2843|2091|2370|2268
6120|0|958.7449|Unknown|1737|528|1250|1197|1655|1028|567|1332|84|494|518|792|310|260|2836|1641|860|1005
6121|0|960.5113|Unknown|2208|1379|2974|3158|2118|1239|1505|2305|2252|2036|2318|3078|1448|1836|2320|2681|2224|2152
6122|0|960.5407|Unknown|3728|1321|2915|2694|3791|1187|1448|1745|2868|2028|2380|2745|1614|2114|2340|2464|2503|1593
6123|0|960.6425|Unknown|2143|820|2925|2928|2214|1123|1117|2141|2410|2147|2150|2619|1725|3846|5020|4012|2238|1269
6124|0|961.5407|Unknown|3136|1012|3580|3318|3538|1631|1005|2442|1703|2204|1789|2232|1512|2201|2002|2892|1761|2645
6125|0|961.6461|Unknown|1132|738|3476|2643|1714|1234|968|2161|1026|2306|1931|2012|844|3190|3113|3851|1694|1387
6126|0|962.5259|Unknown|6233|2395|15995|14544|5670|6973|3380|7517|8091|9596|8382|7423|5031|7725|7402|8786|7778|7544
6127|0|962.5375|Unknown|5575|1653|13404|11369|4973|4619|2524|5589|6160|6831|5599|6334|3872|6065|5612|6543|6342|6096
6128|0|962.656|Unknown|870|213|3802|2404|2000|896|604|2331|1126|1750|1631|1160|569|1874|2177|3050|1675|1138
6129|0|963.5293|Unknown|3438|862|7927|6856|3393|3715|2512|4262|4187|5619|3956|3640|3202|4658|5031|6258|4782|4205
6130|0|964.5305|Unknown|2279|1124|4797|4649|3001|1675|1169|3560|2037|2994|2721|2277|1737|2683|3560|2706|3212|1424
6131|0|965.5132|Unknown|2163|436|2993|3474|1400|1190|1172|1366|3524|2177|2434|2891|1492|3076|2041|1909|2157|1758
6132|0|966.6993|Unknown|1016|183|559|514|1173|1085|496|1279|457|985|919|1105|411|1343|2735|2526|1813|719
6133|0|967.7018|Unknown|758|238|473|183|383|884|700|247|770|928|757|737|397|917|1303|1883|920|567
6134|0|968.1659|Unknown|219|1|841|1319|229|968|633|1179|700|830|83|1476|913|2547|3560|4869|891|542
6135|0|968.5236|Unknown|1436|1618|2006|1267|1828|1929|1493|1822|2540|1148|1287|3217|2705|2310|2698|1929|2258|2147
6136|0|968.6786|Unknown|32677|3511|18792|14943|24882|8883|16422|26211|30439|19687|21576|29917|13489|31393|31912|48636|33377|26467
6137|0|969.6072|Unknown|2895|1205|5358|5229|3245|2210|777|5653|3376|6796|5390|3418|730|2822|4566|3414|2949|2994
6138|0|969.6816|Unknown|17578|2006|10370|9134|15245|6181|10833|15325|16102|12994|13294|18365|9056|16842|18618|25357|17144|16136
6139|0|970.1714|Unknown|510|431|1996|1348|1|1385|984|4191|243|557|167|2782|2450|3651|5727|6230|1318|1323
6140|0|970.2756|Unknown|359|226|248|600|1|298|301|1754|150|306|149|814|639|259|689|1084|746|70
6141|0|970.4522|Unknown|1590|319|1144|1875|1575|2018|1259|3620|1885|2509|1766|1819|1375|1965|2691|2417|2050|1649
6142|0|970.5619|Unknown|1896|1020|2130|1931|2276|2026|786|4862|2584|2312|2184|2568|1875|2168|2808|3143|2598|1902
6143|0|970.6116|Unknown|2774|659|2963|3509|3070|1650|528|4610|3630|5062|3217|3350|1072|2546|3324|4773|3922|3108
6144|0|970.6852|Unknown|6307|410|3996|3237|6512|2702|4058|5576|5970|4670|4172|6777|2312|5519|6451|9239|6101|5718
6145|0|971.6124|Unknown|1157|193|3454|2668|1538|2549|580|4160|3569|2899|1858|2326|1109|1589|2372|2690|2339|1953
6146|0|971.6884|Unknown|1585|121|1433|1123|1254|2067|1083|3271|3095|1242|2292|1432|938|1554|2147|3350|2386|1455
6147|0|972.4524|Unknown|2714|1842|3767|3708|2841|1809|2292|3442|2485|3835|4391|3572|2253|2061|2696|3368|2887|2587
6148|0|972.471|Unknown|5652|3162|10502|9103|6338|3306|4241|9171|6202|8950|9382|8152|4425|4423|4880|5059|6708|4557
6149|0|973.4736|Unknown|3226|1324|5166|4557|2749|1706|3627|4522|3739|5284|4860|5453|3634|2067|2702|3554|4214|3508
6150|0|973.5859|Unknown|1758|616|2388|2384|1532|1056|1601|3331|1948|1734|1603|4639|2500|3036|3701|3196|2301|1538
6151|0|974.4786|Unknown|4679|1609|4350|3725|4229|2913|1305|3190|3778|4373|3686|3170|2637|2002|2025|2476|3389|3639
6152|0|974.5433|Unknown|2033|830|4427|3124|1861|3459|784|6380|2923|2901|2785|7457|5099|4280|4670|4798|8781|7286
6153|0|974.5858|Unknown|1111|804|2231|2100|1811|3383|64|2023|1917|1904|1778|4149|2399|3462|2566|2719|3334|2048
6154|0|975.4841|Unknown|3189|1669|1859|1593|2479|599|1357|1835|2132|2241|1923|1990|1997|1543|1377|1666|1753|2334
6155|0|975.548|Unknown|2044|833|2572|2277|1634|1150|1071|4072|2022|2565|2187|4346|3384|3814|3430|4059|3975|3681
6156|0|975.5943|Unknown|1755|559|2286|2034|1113|292|1088|1953|1267|2021|1750|2506|2187|2235|2448|2959|2084|2246
6157|0|976.507|Unknown|9550|3848|10173|9550|8787|5671|3591|10905|8368|11338|9047|11725|4474|10854|12343|12456|7950|6042
6158|0|976.563|Unknown|2530|1439|3990|3732|2406|2247|1831|4907|2160|2862|1981|3956|2212|3140|3569|4128|3410|3502
6159|0|976.7989|Unknown|718|598|352|592|334|480|644|608|466|1398|477|790|1|123|425|757|533|439
6160|0|976.8185|Unknown|881|635|744|1048|656|369|683|1687|1029|1636|1016|1747|1|586|1324|1404|768|470
6161|0|977.5088|Unknown|5374|1581|7530|6559|5762|2948|2214|5647|4701|6300|4350|8365|2686|6622|6406|6634|4067|3728
6162|0|977.8237|Unknown|433|552|395|1115|7|1|1|537|531|1162|935|1617|38|110|1153|184|353|251
6163|0|978.2399|Unknown|1|424|528|1|259|639|623|1|1|219|499|1|162|132|483|397|692|499
6164|0|978.2908|Unknown|1|304|844|310|469|782|701|1|126|34|304|1|449|682|1222|1164|772|553
6165|0|978.3602|Unknown|413|621|1232|1219|588|886|1178|1|309|176|729|59|540|309|561|353|926|619
6166|0|978.3779|Unknown|288|797|1378|1447|690|591|1215|349|519|255|1017|650|1005|708|593|238|1473|727
6167|0|978.4185|Unknown|1413|1451|2260|1905|1792|998|1597|1146|1287|1426|1356|1379|1160|1171|1103|1040|1688|1608
6168|0|978.5207|Unknown|64421|20790|163714|134772|58539|51826|38309|72582|80961|90277|68042|68127|58841|73198|75208|96511|77238|69735
6169|0|978.5535|Unknown|14562|4459|29610|23823|13581|11487|8846|15104|14555|19514|14922|12999|12227|25079|15974|19117|14971|15271
6170|0|978.5819|Unknown|3098|2055|5160|4940|2992|2232|2630|4349|3849|3066|3354|4309|3027|7404|5017|5106|4295|2883
6171|0|978.6174|Unknown|1115|1446|1582|2231|1459|1206|1753|1520|2096|1608|1311|2533|1311|2182|2428|3163|2070|1599
6172|0|978.66|Unknown|589|1445|1010|1322|1052|491|1597|509|547|900|866|1462|986|1178|966|1073|1334|878
6173|0|979.3645|Unknown|310|1|138|515|504|904|785|269|226|653|237|584|861|248|164|37|35|473
6174|0|979.5239|Unknown|32030|9365|84494|72222|29030|26248|20471|38856|42036|48642|38175|39154|33995|41258|37662|50077|42662|35390
6175|0|979.5558|Unknown|8157|1305|17002|13684|8811|5093|4774|9128|7962|11819|6720|8171|7841|14838|8103|11916|8740|8599
6176|0|979.5865|Unknown|1195|1|2415|2890|1959|1942|1008|2406|1941|2156|2175|2781|2034|3634|1831|4078|1973|2305
6177|0|979.6191|Unknown|632|1|1102|746|1340|1191|446|923|690|1270|1047|1538|890|1436|1011|1731|1038|1419
6178|0|979.6627|Unknown|549|1|786|622|887|592|320|523|361|1022|437|806|539|385|265|511|21|335
6179|0|979.8201|Unknown|25|824|854|773|351|37|1|1|39|388|518|479|1|1|1|348|1|501
6180|0|979.8546|Unknown|1|1335|325|204|365|419|250|1|1|526|450|432|115|212|1|478|48|645
6181|0|979.9144|Unknown|247|2744|419|597|522|565|641|1|200|694|919|127|323|345|14|129|365|748
6182|0|979.9401|Unknown|532|3065|1059|1138|1043|1197|814|343|533|1103|1453|967|610|1170|616|364|1027|1391
6183|0|980.0155|Unknown|53238|55740|82127|72588|55785|56880|51656|52794|56368|68753|68076|63715|48809|42638|48928|60370|63949|61725
6184|0|980.0509|Unknown|10951|10383|14118|10441|12625|11369|9606|8505|8604|12504|13034|9635|8499|14883|9537|10373|9837|11617
6185|0|980.0763|Unknown|2133|4570|2863|2402|2484|2318|1889|1791|1810|1877|2461|2242|1469|3964|2048|1857|2075|2317
6186|0|980.0986|Unknown|539|3347|862|956|1244|990|889|708|554|392|784|910|413|917|1359|1082|561|710
6187|0|980.1544|Unknown|162|2707|5|362|765|812|767|483|157|86|386|409|440|772|1049|323|747|370
6188|0|980.1839|Unknown|277|2516|610|269|693|766|530|265|238|314|248|530|459|449|606|778|654|184
6189|0|980.237|Unknown|192|2671|199|5|725|1133|235|1|680|34|443|175|149|472|504|569|593|151
6190|0|980.3134|Unknown|628|2294|493|187|1109|844|263|271|384|188|233|1|56|348|790|413|476|32
6191|0|980.527|Unknown|12488|5483|28867|25969|9587|9964|7209|14695|14496|18089|11865|12749|12049|14202|13904|17058|15302|13422
6192|0|980.5876|Unknown|732|1704|2262|1751|1627|1438|937|1649|1653|2072|750|1367|1131|2442|1480|1802|2387|1638
6193|0|980.7146|Unknown|9638|2263|2796|2200|5783|5119|3801|4904|6120|6342|5918|5699|5090|8548|9003|12760|6454|6818
6194|0|981.0184|Unknown|14267|13716|19557|15467|12820|14669|10904|11069|11259|15718|15423|15535|10872|9090|10582|13258|15318|13724
6195|0|981.4842|Unknown|1232|728|1971|1786|1599|726|1001|1546|1608|1330|973|1823|1315|1329|1265|730|1153|1389
6196|0|981.5305|Unknown|4132|1177|7100|6890|3410|3059|2136|4510|4201|4757|4320|3458|3753|4719|3980|3598|4711|3650
6197|0|981.6529|Unknown|859|230|862|469|192|42|429|851|329|916|218|447|306|389|514|222|733|471
6198|0|981.6836|Unknown|559|857|832|436|1|1|308|1077|139|793|871|785|214|912|222|888|1055|634
6199|0|981.7177|Unknown|5566|1753|2143|1494|3129|1476|2038|3905|2579|3368|3788|3903|2828|5649|5373|7059|3803|4157
6200|0|981.9949|Unknown|2644|4936|3953|3424|3092|3639|2825|3269|2585|1890|2546|3186|2734|2605|2986|3698|2440|2223
6201|0|982.0167|Unknown|3082|5152|4145|3661|3420|4164|2828|3707|3619|4256|3483|3972|3130|2911|2686|3584|3373|3362
6202|0|982.3753|Unknown|630|1693|292|225|353|494|400|860|187|645|529|1|222|1|384|287|310|63
6203|0|982.7208|Unknown|2137|1474|718|321|1476|1558|1106|2047|1104|1229|1409|1318|1349|1961|1867|3017|1359|926
6204|0|982.9915|Unknown|1881|3698|1700|1516|1958|2657|1794|1631|1701|1119|1291|1365|2468|1957|1962|1609|1596|1280
6205|0|983.3888|Unknown|183|947|320|90|339|404|129|1121|698|840|426|1|1|444|1|144|452|742
6206|0|983.5626|Unknown|782|863|1442|1655|933|772|725|2229|1831|2038|1427|2346|982|1421|2213|1787|1356|1544
6207|0|983.7235|Unknown|423|400|167|751|530|706|208|1170|842|1313|1058|993|385|369|1182|1137|1065|793
6208|0|983.8853|Unknown|1|1|76|530|1|95|1|425|481|698|272|440|226|1|1|47|1|1
6209|0|984.1405|Unknown|310|506|1060|846|1|738|629|378|270|1140|719|1177|1360|3368|3752|3957|1002|1203
6210|0|984.3993|Unknown|772|945|649|521|1333|213|632|1095|583|241|1036|954|372|478|63|262|1073|372
6211|0|984.5048|Unknown|2551|1315|2449|2458|1722|1264|1130|2949|2083|2127|1914|2562|2071|3022|2297|1573|2392|1919
6212|0|984.759|Unknown|2126|416|4117|2549|1443|1875|172|1834|1446|2662|1807|2063|938|2234|5033|6271|1905|2414
6213|0|984.8958|Unknown|325|1|624|332|1|1|1|221|1|1081|95|288|766|204|1|1|532|57
6214|0|985.5091|Unknown|1415|1195|1771|2479|1495|1082|797|1965|2367|2167|1258|1846|1926|2020|2149|2029|2366|1043
6215|0|985.549|Unknown|1244|1177|1966|2640|1409|808|547|2843|2331|1989|1431|5139|3323|4079|5254|6389|5038|2958
6216|0|985.7644|Unknown|1097|2058|2101|2024|1397|1233|952|1022|3004|1930|1136|1620|1532|1521|2969|3576|1683|1465
6217|0|986.1455|Unknown|350|1460|2294|1952|774|2628|1510|2249|706|938|505|3347|3457|7348|8828|8926|1225|2538
6218|0|986.5138|Unknown|2075|1367|3055|1651|1652|1926|1254|4123|2485|2155|2052|4142|3031|2057|2323|1831|2883|2846
6219|0|986.55|Unknown|1070|997|2522|1999|903|1222|1097|2359|1639|975|1267|3767|2628|2738|4238|2773|3140|3152
6220|0|986.7752|Unknown|1795|838|7598|5594|2473|2148|448|1614|3446|3518|3090|2611|1632|1900|3629|5569|3750|3808
6221|0|987.1494|Unknown|1|1|1157|214|104|522|871|548|31|1|211|1340|1721|3067|2929|2984|683|413
6222|0|987.5639|Unknown|2481|930|5364|3115|1065|2721|1772|5494|2317|3489|2183|6060|5539|5250|6664|7166|7344|7247
6223|0|987.7787|Unknown|1731|1173|4092|2951|1627|1689|255|2162|2425|3278|2186|1552|539|1135|2600|3439|2111|3214
6224|0|988.4452|Unknown|2684|1212|7949|6977|3076|3518|2434|5390|3959|4888|4014|5452|4798|3718|3296|3589|5528|4902
6225|0|988.5664|Unknown|1134|550|3623|4001|1711|3006|1742|4512|2711|2429|2334|4349|2787|4214|3826|5037|4992|4428
6226|0|988.8558|Unknown|291|68|656|1254|465|1066|675|1013|1056|1323|1124|1409|1|434|149|110|824|648
6227|0|989.3182|Unknown|1098|1558|1139|772|748|1266|528|92|1490|1345|1160|431|1382|147|960|612|1242|366
6228|0|989.4484|Unknown|1951|1239|3824|3080|2193|1469|1556|3197|2878|3236|1317|1895|2681|1271|1848|736|2292|2319
6229|0|989.5686|Unknown|1035|1276|2241|1860|1970|988|776|1880|2090|1931|728|1396|1489|1661|2192|1580|2648|1620
6230|0|989.8579|Unknown|867|652|922|1167|209|1|1|786|510|1656|1410|1|32|576|289|154|732|651
6231|0|990.3213|Unknown|568|1492|419|479|629|376|693|502|1|425|1308|255|1115|574|660|934|268|393
6232|0|990.4534|Unknown|3044|1410|3294|2262|2751|1481|1249|2664|911|2323|2741|3403|2095|1709|1926|2106|2171|2698
6233|0|990.5673|Unknown|1708|804|3814|3255|1488|1201|1167|4613|2030|2575|3355|4595|1890|2000|2681|2152|2110|1912
6234|0|991.3236|Unknown|57|114|777|703|1461|625|531|435|208|281|1033|469|479|1|655|518|824|232
6235|0|992.5429|Unknown|1836|995|2606|2502|2025|1507|761|2860|1901|1919|1084|2224|1986|2635|2697|2051|1843|2145
6236|0|992.8229|Unknown|863|340|196|938|1316|609|42|890|1232|594|917|759|142|423|786|709|1|1
6237|0|993.553|Unknown|1802|1459|4007|3654|2215|1086|1838|3349|4032|1695|2862|3503|2411|1524|2160|3047|4239|2847
6238|0|994.9357|Unknown|3169|3817|7087|7069|3756|3017|2498|3820|4646|4998|5313|4685|3338|2486|3305|3826|5022|4531
6239|0|995.4648|Unknown|1631|752|1778|1699|1733|929|1884|2289|2516|2557|1923|2220|1610|2328|1517|1798|1949|1509
6240|0|995.9381|Unknown|1051|642|2563|2425|1269|1187|750|1228|1927|1774|2661|1715|923|1469|1373|1878|1903|1061
6241|0|996.5509|Unknown|1745|1280|2179|2526|1805|2533|1161|2678|2536|3262|2728|2512|2103|2031|2844|2479|2639|2558
6242|0|996.7096|Unknown|1593|361|979|934|1766|1758|1599|1820|2092|1507|2126|2590|2188|3212|3354|4749|2695|2323
6243|0|997.5542|Unknown|1724|982|2727|2481|2318|2253|1296|2355|2729|1543|2266|2259|2063|2206|3114|2799|2499|2031
6244|0|997.7131|Unknown|1490|711|968|691|1319|1660|754|855|1719|216|1971|1449|863|1623|2412|2773|1302|1622
6245|0|998.4845|Unknown|2412|856|2737|2287|1875|0|1476|2555|3187|3000|3067|2161|1104|2486|2707|1690|2194|2035
